DocID|n_sent|max_len|avg_len|no_verb_sent|flag_long_sentence|flag_no_verb|flag_single_sentence|flag_boundary_error
15001|13.0|32.0|17.0|0.0|False|False|False|False
15002|13.0|82.0|35.61538461538461|13.0|True|True|False|False
15003|11.0|51.0|22.09090909090909|0.0|False|False|False|False
15004|14.0|39.0|25.0|7.0|False|True|False|False
15005|8.0|34.0|21.25|0.0|False|False|False|False
15006|6.0|95.0|45.333333333333336|6.0|True|True|False|False
15007|9.0|68.0|38.44444444444444|9.0|False|True|False|False
15008|12.0|56.0|24.25|12.0|False|True|False|False
15009|9.0|46.0|26.11111111111111|9.0|False|True|False|False
15010|9.0|85.0|32.22222222222222|9.0|True|True|False|False
15011|6.0|74.0|40.333333333333336|6.0|False|True|False|False
15012|8.0|140.0|37.875|8.0|True|True|False|False
15013|6.0|64.0|30.333333333333332|6.0|False|True|False|False
15014|8.0|60.0|37.375|8.0|False|True|False|False
15016|11.0|66.0|23.90909090909091|11.0|False|True|False|False
15017|4.0|163.0|79.0|4.0|True|True|False|False
15018|9.0|107.0|34.77777777777778|9.0|True|True|False|False
15019|8.0|36.0|21.0|8.0|False|True|False|False
15020|4.0|145.0|64.75|4.0|True|True|False|False
15021|10.0|72.0|33.6|10.0|False|True|False|False
15022|11.0|60.0|26.0|11.0|False|True|False|False
15023|5.0|58.0|41.2|5.0|False|True|False|False
15025|10.0|43.0|22.2|10.0|False|True|False|False
15026|11.0|51.0|19.181818181818183|11.0|False|True|False|False
15027|8.0|52.0|26.375|8.0|False|True|False|False
15028|10.0|55.0|26.9|10.0|False|True|False|False
15029|6.0|51.0|34.5|6.0|False|True|False|False
15030|5.0|42.0|23.2|1.0|False|True|False|False
15031|7.0|54.0|29.857142857142858|7.0|False|True|False|False
15032|10.0|60.0|30.6|10.0|False|True|False|False
15033|12.0|30.0|17.5|12.0|False|True|False|False
15034|5.0|104.0|36.2|5.0|True|True|False|False
15035|7.0|66.0|39.0|7.0|False|True|False|False
15036|15.0|43.0|21.133333333333333|15.0|False|True|False|False
15037|10.0|65.0|24.8|10.0|False|True|False|False
15038|13.0|48.0|23.615384615384617|13.0|False|True|False|False
15039|6.0|66.0|36.166666666666664|6.0|False|True|False|False
15040|12.0|41.0|19.75|12.0|False|True|False|False
15041|5.0|70.0|40.0|5.0|False|True|False|False
15042|8.0|53.0|21.5|8.0|False|True|False|False
15043|7.0|27.0|20.714285714285715|7.0|False|True|False|False
15044|13.0|109.0|29.76923076923077|13.0|True|True|False|False
15045|21.0|42.0|18.666666666666668|6.0|False|True|False|False
15046|8.0|48.0|25.125|8.0|False|True|False|False
15047|8.0|76.0|39.0|8.0|False|True|False|False
15048|9.0|25.0|18.88888888888889|9.0|False|True|False|False
15049|20.0|60.0|28.7|20.0|False|True|False|False
15050|7.0|68.0|28.428571428571427|7.0|False|True|False|False
15051|9.0|48.0|22.555555555555557|9.0|False|True|False|False
15052|6.0|81.0|35.833333333333336|6.0|True|True|False|False
15053|7.0|71.0|27.714285714285715|7.0|False|True|False|False
15054|11.0|45.0|22.727272727272727|11.0|False|True|False|False
15055|12.0|40.0|23.25|12.0|False|True|False|False
15056|9.0|46.0|27.555555555555557|9.0|False|True|False|False
15058|7.0|55.0|26.285714285714285|7.0|False|True|False|False
15060|10.0|62.0|32.9|0.0|False|False|False|False
15062|6.0|135.0|53.833333333333336|6.0|True|True|False|False
15063|10.0|48.0|29.5|10.0|False|True|False|False
15064|9.0|67.0|39.666666666666664|9.0|False|True|False|False
15065|6.0|60.0|30.333333333333332|6.0|False|True|False|False
15066|9.0|157.0|41.111111111111114|9.0|True|True|False|False
15067|9.0|89.0|37.666666666666664|9.0|True|True|False|False
15068|7.0|77.0|42.285714285714285|7.0|False|True|False|False
15069|9.0|76.0|28.555555555555557|9.0|False|True|False|False
15070|9.0|38.0|21.11111111111111|9.0|False|True|False|False
15073|6.0|58.0|31.166666666666668|6.0|False|True|False|False
15074|8.0|57.0|31.5|8.0|False|True|False|False
15075|8.0|43.0|20.875|8.0|False|True|False|False
15076|10.0|32.0|19.0|10.0|False|True|False|False
15077|7.0|36.0|24.285714285714285|7.0|False|True|False|False
15078|11.0|50.0|23.727272727272727|11.0|False|True|False|False
15079|9.0|69.0|27.444444444444443|9.0|False|True|False|False
15080|8.0|34.0|20.0|8.0|False|True|False|False
15081|9.0|28.0|19.444444444444443|9.0|False|True|False|False
15083|9.0|85.0|34.111111111111114|9.0|True|True|False|False
15084|9.0|65.0|31.77777777777778|9.0|False|True|False|False
15085|7.0|43.0|27.142857142857142|7.0|False|True|False|False
15086|11.0|66.0|45.63636363636363|11.0|False|True|False|False
15087|7.0|120.0|42.142857142857146|7.0|True|True|False|False
15088|9.0|88.0|34.22222222222222|9.0|True|True|False|False
15089|9.0|59.0|23.11111111111111|9.0|False|True|False|False
15090|18.0|57.0|27.61111111111111|1.0|False|True|False|False
15091|7.0|60.0|31.428571428571427|7.0|False|True|False|False
15092|10.0|30.0|22.1|10.0|False|True|False|False
15093|8.0|48.0|26.25|8.0|False|True|False|False
15094|12.0|35.0|17.916666666666668|12.0|False|True|False|False
15095|10.0|63.0|22.6|10.0|False|True|False|False
15096|12.0|48.0|22.416666666666668|12.0|False|True|False|False
15097|10.0|52.0|27.7|10.0|False|True|False|False
15098|4.0|92.0|67.75|4.0|True|True|False|False
15099|8.0|61.0|21.5|8.0|False|True|False|False
15100|9.0|123.0|31.333333333333332|9.0|True|True|False|False
15101|7.0|62.0|26.0|7.0|False|True|False|False
15102|3.0|92.0|62.666666666666664|3.0|True|True|False|False
15103|7.0|66.0|43.142857142857146|7.0|False|True|False|False
15104|8.0|47.0|33.75|8.0|False|True|False|False
15105|10.0|81.0|35.8|10.0|True|True|False|False
15106|8.0|50.0|25.0|8.0|False|True|False|False
15107|7.0|49.0|31.285714285714285|7.0|False|True|False|False
15108|6.0|72.0|51.0|6.0|False|True|False|False
15109|9.0|111.0|37.77777777777778|9.0|True|True|False|False
15110|8.0|48.0|29.375|8.0|False|True|False|False
15111|8.0|158.0|42.375|8.0|True|True|False|False
15112|11.0|94.0|32.27272727272727|11.0|True|True|False|False
15113|5.0|60.0|41.4|5.0|False|True|False|False
15114|9.0|65.0|37.111111111111114|8.0|False|True|False|False
15115|8.0|38.0|22.0|8.0|False|True|False|False
15116|6.0|104.0|44.0|6.0|True|True|False|False
15117|9.0|65.0|28.444444444444443|9.0|False|True|False|False
15118|7.0|64.0|44.142857142857146|7.0|False|True|False|False
15119|8.0|72.0|44.125|8.0|False|True|False|False
15120|9.0|49.0|30.77777777777778|9.0|False|True|False|False
15121|9.0|75.0|38.111111111111114|9.0|False|True|False|False
15122|11.0|80.0|26.454545454545453|11.0|False|True|False|False
15123|9.0|37.0|26.555555555555557|9.0|False|True|False|False
15124|9.0|121.0|31.444444444444443|9.0|True|True|False|False
15126|35.0|42.0|20.742857142857144|9.0|False|True|False|False
15127|54.0|37.0|16.555555555555557|7.0|False|True|False|False
15128|13.0|53.0|21.076923076923077|13.0|False|True|False|False
15129|11.0|54.0|24.545454545454547|11.0|False|True|False|False
15130|11.0|43.0|23.09090909090909|11.0|False|True|False|False
15131|10.0|62.0|35.8|10.0|False|True|False|False
15132|9.0|41.0|20.0|9.0|False|True|False|False
15133|8.0|82.0|37.375|8.0|True|True|False|False
15135|9.0|44.0|22.77777777777778|9.0|False|True|False|False
15136|9.0|45.0|23.77777777777778|9.0|False|True|False|False
15137|10.0|52.0|23.0|10.0|False|True|False|False
15138|10.0|42.0|22.2|10.0|False|True|False|False
15139|8.0|61.0|28.5|8.0|False|True|False|False
15140|7.0|48.0|26.285714285714285|7.0|False|True|False|False
15142|7.0|71.0|36.714285714285715|7.0|False|True|False|False
15143|10.0|45.0|22.7|10.0|False|True|False|False
15144|10.0|52.0|30.3|9.0|False|True|False|False
15145|8.0|61.0|31.375|8.0|False|True|False|False
15146|7.0|107.0|35.285714285714285|7.0|True|True|False|False
15147|9.0|64.0|24.22222222222222|9.0|False|True|False|False
15148|7.0|41.0|19.857142857142858|7.0|False|True|False|False
15151|8.0|62.0|33.875|8.0|False|True|False|False
15152|9.0|47.0|23.77777777777778|9.0|False|True|False|False
15153|9.0|50.0|24.88888888888889|9.0|False|True|False|False
15154|8.0|67.0|27.25|8.0|False|True|False|False
15155|9.0|66.0|33.666666666666664|9.0|False|True|False|False
15156|7.0|80.0|32.42857142857143|7.0|False|True|False|False
15157|11.0|34.0|19.09090909090909|11.0|False|True|False|False
15158|11.0|63.0|20.727272727272727|11.0|False|True|False|False
15159|11.0|62.0|27.181818181818183|11.0|False|True|False|False
15160|9.0|60.0|25.77777777777778|9.0|False|True|False|False
15161|8.0|53.0|25.125|8.0|False|True|False|False
15162|6.0|141.0|43.833333333333336|6.0|True|True|False|False
15163|13.0|33.0|21.076923076923077|13.0|False|True|False|False
15164|6.0|46.0|35.166666666666664|6.0|False|True|False|False
15165|6.0|51.0|30.5|6.0|False|True|False|False
15167|9.0|184.0|44.44444444444444|9.0|True|True|False|False
15168|12.0|88.0|26.166666666666668|12.0|True|True|False|False
15170|5.0|52.0|35.8|5.0|False|True|False|False
15171|7.0|117.0|42.142857142857146|7.0|True|True|False|False
15172|15.0|57.0|23.933333333333334|15.0|False|True|False|False
15173|7.0|55.0|26.571428571428573|7.0|False|True|False|False
15174|9.0|51.0|26.88888888888889|9.0|False|True|False|False
15175|7.0|39.0|27.142857142857142|6.0|False|True|False|False
15176|3.0|56.0|39.0|3.0|False|True|False|False
15177|11.0|90.0|36.18181818181818|11.0|True|True|False|False
15178|9.0|44.0|23.444444444444443|9.0|False|True|False|False
15179|8.0|38.0|27.375|8.0|False|True|False|False
15180|5.0|67.0|41.6|5.0|False|True|False|False
15181|8.0|54.0|34.375|8.0|False|True|False|False
15182|5.0|83.0|44.6|5.0|True|True|False|False
15184|9.0|107.0|32.22222222222222|9.0|True|True|False|False
15185|6.0|99.0|46.166666666666664|6.0|True|True|False|False
15186|12.0|66.0|31.166666666666668|12.0|False|True|False|False
15187|7.0|175.0|44.714285714285715|7.0|True|True|False|False
15188|10.0|46.0|25.7|10.0|False|True|False|False
15189|12.0|56.0|34.666666666666664|12.0|False|True|False|False
15190|8.0|55.0|26.25|8.0|False|True|False|False
15191|8.0|71.0|32.75|8.0|False|True|False|False
15192|12.0|45.0|23.916666666666668|11.0|False|True|False|False
15193|7.0|94.0|42.0|7.0|True|True|False|False
15194|5.0|56.0|34.2|5.0|False|True|False|False
15195|4.0|67.0|49.0|4.0|False|True|False|False
15196|5.0|98.0|45.2|5.0|True|True|False|False
15197|7.0|58.0|30.285714285714285|7.0|False|True|False|False
15198|10.0|66.0|34.9|9.0|False|True|False|False
15201|8.0|177.0|39.75|8.0|True|True|False|False
15202|6.0|32.0|21.5|6.0|False|True|False|False
15203|8.0|116.0|37.625|8.0|True|True|False|False
15204|11.0|70.0|30.09090909090909|11.0|False|True|False|False
15205|6.0|51.0|26.0|6.0|False|True|False|False
15206|7.0|67.0|39.42857142857143|7.0|False|True|False|False
15207|4.0|84.0|50.75|4.0|True|True|False|False
15208|8.0|64.0|34.25|8.0|False|True|False|False
15209|4.0|54.0|26.5|4.0|False|True|False|False
15210|3.0|94.0|66.33333333333333|3.0|True|True|False|False
15211|8.0|37.0|23.875|8.0|False|True|False|False
15212|5.0|84.0|59.6|5.0|True|True|False|False
15213|7.0|67.0|28.428571428571427|7.0|False|True|False|False
15214|7.0|81.0|39.714285714285715|7.0|True|True|False|False
15215|6.0|67.0|39.5|6.0|False|True|False|False
15217|14.0|56.0|27.642857142857142|14.0|False|True|False|False
15218|10.0|47.0|23.1|10.0|False|True|False|False
15220|10.0|51.0|28.5|10.0|False|True|False|False
15221|7.0|105.0|47.714285714285715|7.0|True|True|False|False
15222|3.0|152.0|81.33333333333333|3.0|True|True|False|False
15223|11.0|43.0|25.272727272727273|11.0|False|True|False|False
15224|8.0|48.0|21.75|8.0|False|True|False|False
15225|7.0|54.0|32.57142857142857|7.0|False|True|False|False
15226|8.0|91.0|40.75|8.0|True|True|False|False
15227|9.0|46.0|22.88888888888889|9.0|False|True|False|False
15228|8.0|92.0|34.625|8.0|True|True|False|False
15230|10.0|52.0|26.1|10.0|False|True|False|False
15231|9.0|61.0|32.22222222222222|9.0|False|True|False|False
15232|7.0|38.0|25.571428571428573|7.0|False|True|False|False
15233|11.0|49.0|25.09090909090909|11.0|False|True|False|False
15234|13.0|37.0|22.153846153846153|13.0|False|True|False|False
15235|9.0|62.0|35.111111111111114|9.0|False|True|False|False
15236|9.0|66.0|42.22222222222222|9.0|False|True|False|False
15237|7.0|115.0|37.857142857142854|7.0|True|True|False|False
15238|8.0|102.0|39.625|8.0|True|True|False|False
15239|9.0|127.0|35.666666666666664|9.0|True|True|False|False
15240|11.0|90.0|27.636363636363637|11.0|True|True|False|False
15241|5.0|40.0|26.6|5.0|False|True|False|False
15242|9.0|97.0|38.22222222222222|9.0|True|True|False|False
15243|10.0|61.0|31.0|10.0|False|True|False|False
15244|4.0|182.0|80.5|4.0|True|True|False|False
15245|4.0|105.0|50.5|4.0|True|True|False|False
15246|14.0|92.0|24.428571428571427|14.0|True|True|False|False
15247|14.0|59.0|30.857142857142858|14.0|False|True|False|False
15248|8.0|60.0|31.625|8.0|False|True|False|False
15249|8.0|48.0|26.75|8.0|False|True|False|False
15250|7.0|78.0|39.857142857142854|7.0|False|True|False|False
15251|5.0|217.0|83.6|5.0|True|True|False|False
15252|9.0|64.0|35.111111111111114|9.0|False|True|False|False
15253|6.0|57.0|33.5|6.0|False|True|False|False
15254|8.0|48.0|26.375|8.0|False|True|False|False
15255|10.0|31.0|18.4|10.0|False|True|False|False
15256|11.0|48.0|25.363636363636363|11.0|False|True|False|False
15257|7.0|71.0|37.57142857142857|7.0|False|True|False|False
15258|10.0|52.0|26.3|10.0|False|True|False|False
15259|7.0|43.0|21.571428571428573|7.0|False|True|False|False
15260|9.0|40.0|32.0|9.0|False|True|False|False
15262|11.0|31.0|19.636363636363637|11.0|False|True|False|False
15263|11.0|75.0|45.72727272727273|11.0|False|True|False|False
15264|14.0|49.0|29.785714285714285|14.0|False|True|False|False
15265|7.0|65.0|24.857142857142858|7.0|False|True|False|False
15266|7.0|61.0|28.857142857142858|7.0|False|True|False|False
15267|7.0|59.0|31.571428571428573|7.0|False|True|False|False
15268|11.0|67.0|31.727272727272727|11.0|False|True|False|False
15269|10.0|62.0|31.4|10.0|False|True|False|False
15270|9.0|143.0|35.666666666666664|9.0|True|True|False|False
15271|14.0|71.0|37.214285714285715|14.0|False|True|False|False
15272|8.0|67.0|29.375|8.0|False|True|False|False
15273|13.0|93.0|28.46153846153846|13.0|True|True|False|False
15274|10.0|58.0|26.4|10.0|False|True|False|False
15275|12.0|56.0|22.333333333333332|12.0|False|True|False|False
15276|14.0|53.0|24.285714285714285|14.0|False|True|False|False
15277|15.0|60.0|25.666666666666668|15.0|False|True|False|False
15278|9.0|101.0|41.44444444444444|9.0|True|True|False|False
15279|11.0|96.0|40.72727272727273|11.0|True|True|False|False
15280|6.0|83.0|44.5|6.0|True|True|False|False
15281|11.0|107.0|41.72727272727273|11.0|True|True|False|False
15282|8.0|61.0|36.25|8.0|False|True|False|False
15283|10.0|103.0|41.8|10.0|True|True|False|False
15284|7.0|98.0|43.285714285714285|7.0|True|True|False|False
15286|8.0|79.0|40.0|8.0|False|True|False|False
15287|7.0|63.0|37.42857142857143|7.0|False|True|False|False
15288|9.0|99.0|36.888888888888886|9.0|True|True|False|False
15289|12.0|98.0|27.916666666666668|12.0|True|True|False|False
15290|4.0|62.0|49.5|4.0|False|True|False|False
15291|6.0|78.0|54.166666666666664|6.0|False|True|False|False
15292|8.0|39.0|25.625|8.0|False|True|False|False
15293|7.0|84.0|40.57142857142857|7.0|True|True|False|False
15294|12.0|54.0|32.083333333333336|12.0|False|True|False|False
15295|5.0|95.0|37.6|5.0|True|True|False|False
15296|11.0|67.0|27.363636363636363|11.0|False|True|False|False
15297|6.0|76.0|32.666666666666664|6.0|False|True|False|False
15299|8.0|34.0|21.125|8.0|False|True|False|False
15300|6.0|59.0|32.333333333333336|6.0|False|True|False|False
15301|8.0|106.0|38.5|8.0|True|True|False|False
15302|6.0|102.0|32.333333333333336|5.0|True|True|False|False
15303|7.0|57.0|28.285714285714285|7.0|False|True|False|False
15304|9.0|137.0|37.333333333333336|9.0|True|True|False|False
15305|9.0|133.0|37.111111111111114|9.0|True|True|False|False
15306|8.0|93.0|51.625|8.0|True|True|False|False
15307|9.0|79.0|44.44444444444444|9.0|False|True|False|False
15308|10.0|100.0|42.8|10.0|True|True|False|False
15309|15.0|68.0|26.8|15.0|False|True|False|False
15310|8.0|118.0|36.5|8.0|True|True|False|False
15311|6.0|102.0|47.833333333333336|1.0|True|True|False|False
15312|8.0|47.0|33.625|8.0|False|True|False|False
15313|10.0|72.0|29.8|10.0|False|True|False|False
15314|7.0|72.0|35.42857142857143|7.0|False|True|False|False
15315|7.0|29.0|20.714285714285715|7.0|False|True|False|False
15316|8.0|85.0|44.25|8.0|True|True|False|False
15317|8.0|127.0|45.875|8.0|True|True|False|False
15318|10.0|125.0|34.4|10.0|True|True|False|False
15319|10.0|51.0|31.0|10.0|False|True|False|False
15320|9.0|50.0|24.77777777777778|9.0|False|True|False|False
15321|9.0|53.0|26.0|8.0|False|True|False|False
15322|10.0|50.0|26.4|10.0|False|True|False|False
15324|10.0|61.0|31.4|10.0|False|True|False|False
15325|19.0|58.0|20.42105263157895|19.0|False|True|False|False
15327|7.0|77.0|37.142857142857146|7.0|False|True|False|False
15328|9.0|126.0|40.666666666666664|9.0|True|True|False|False
15329|9.0|75.0|23.444444444444443|9.0|False|True|False|False
15330|8.0|56.0|28.375|8.0|False|True|False|False
15331|9.0|62.0|31.88888888888889|9.0|False|True|False|False
15332|7.0|81.0|42.285714285714285|7.0|True|True|False|False
15333|3.0|125.0|78.0|3.0|True|True|False|False
15334|6.0|169.0|50.5|6.0|True|True|False|False
15335|11.0|79.0|31.636363636363637|11.0|False|True|False|False
15336|14.0|97.0|26.571428571428573|14.0|True|True|False|False
15337|5.0|61.0|26.4|5.0|False|True|False|False
15338|10.0|48.0|23.1|10.0|False|True|False|False
15339|9.0|77.0|29.22222222222222|9.0|False|True|False|False
15340|4.0|58.0|35.25|4.0|False|True|False|False
15342|6.0|34.0|23.166666666666668|6.0|False|True|False|False
15343|8.0|88.0|30.0|8.0|True|True|False|False
15344|10.0|59.0|25.7|10.0|False|True|False|False
15345|11.0|57.0|23.727272727272727|11.0|False|True|False|False
15346|3.0|93.0|66.0|3.0|True|True|False|False
15348|8.0|120.0|38.625|8.0|True|True|False|False
15350|9.0|96.0|37.111111111111114|9.0|True|True|False|False
15351|8.0|67.0|33.5|7.0|False|True|False|False
15352|4.0|54.0|35.5|4.0|False|True|False|False
15353|9.0|63.0|20.666666666666668|9.0|False|True|False|False
15354|9.0|126.0|37.22222222222222|9.0|True|True|False|False
15355|8.0|98.0|32.25|8.0|True|True|False|False
15358|8.0|28.0|17.25|8.0|False|True|False|False
15359|14.0|75.0|27.357142857142858|14.0|False|True|False|False
15360|6.0|94.0|45.166666666666664|6.0|True|True|False|False
15361|10.0|54.0|21.2|10.0|False|True|False|False
15362|10.0|83.0|32.1|10.0|True|True|False|False
15363|8.0|132.0|35.0|8.0|True|True|False|False
15364|7.0|96.0|43.0|7.0|True|True|False|False
15366|8.0|116.0|36.125|8.0|True|True|False|False
15367|15.0|56.0|18.066666666666666|15.0|False|True|False|False
15368|13.0|58.0|28.76923076923077|13.0|False|True|False|False
15369|6.0|67.0|36.666666666666664|6.0|False|True|False|False
15370|10.0|64.0|32.3|10.0|False|True|False|False
15371|10.0|40.0|18.2|10.0|False|True|False|False
15372|8.0|50.0|26.25|8.0|False|True|False|False
15373|7.0|40.0|21.571428571428573|1.0|False|True|False|False
15374|6.0|72.0|30.0|6.0|False|True|False|False
15375|4.0|63.0|46.25|4.0|False|True|False|False
15376|10.0|57.0|25.0|10.0|False|True|False|False
15377|8.0|117.0|42.0|8.0|True|True|False|False
15378|6.0|119.0|46.333333333333336|6.0|True|True|False|False
15379|7.0|142.0|48.0|7.0|True|True|False|False
15380|10.0|54.0|24.5|9.0|False|True|False|False
15382|6.0|48.0|31.166666666666668|6.0|False|True|False|False
15383|9.0|83.0|30.11111111111111|9.0|True|True|False|False
15384|13.0|54.0|22.76923076923077|13.0|False|True|False|False
15385|6.0|137.0|46.833333333333336|6.0|True|True|False|False
15386|7.0|141.0|45.57142857142857|7.0|True|True|False|False
15387|6.0|54.0|32.5|6.0|False|True|False|False
15388|7.0|123.0|38.714285714285715|7.0|True|True|False|False
15389|13.0|79.0|30.615384615384617|13.0|False|True|False|False
15390|9.0|96.0|36.111111111111114|9.0|True|True|False|False
15391|6.0|68.0|41.666666666666664|6.0|False|True|False|False
15392|14.0|75.0|30.857142857142858|14.0|False|True|False|False
15393|5.0|50.0|34.2|5.0|False|True|False|False
15394|17.0|59.0|24.647058823529413|17.0|False|True|False|False
15395|13.0|71.0|29.76923076923077|13.0|False|True|False|False
15396|8.0|70.0|45.375|8.0|False|True|False|False
15397|8.0|67.0|32.75|8.0|False|True|False|False
15398|10.0|56.0|28.5|10.0|False|True|False|False
15399|7.0|57.0|28.0|7.0|False|True|False|False
15400|7.0|101.0|38.0|7.0|True|True|False|False
15401|11.0|65.0|27.363636363636363|11.0|False|True|False|False
15402|6.0|183.0|58.833333333333336|6.0|True|True|False|False
15403|6.0|198.0|61.0|6.0|True|True|False|False
15404|10.0|105.0|30.2|10.0|True|True|False|False
15405|17.0|43.0|23.58823529411765|1.0|False|True|False|False
15406|10.0|66.0|25.1|10.0|False|True|False|False
15407|8.0|92.0|26.125|8.0|True|True|False|False
15409|11.0|110.0|43.81818181818182|11.0|True|True|False|False
15410|10.0|52.0|24.8|10.0|False|True|False|False
15411|10.0|40.0|28.5|10.0|False|True|False|False
15412|9.0|72.0|36.22222222222222|1.0|False|True|False|False
15413|6.0|62.0|42.0|1.0|False|True|False|False
15414|14.0|36.0|22.142857142857142|14.0|False|True|False|False
15415|11.0|60.0|26.636363636363637|11.0|False|True|False|False
15416|8.0|35.0|22.0|8.0|False|True|False|False
15417|10.0|42.0|20.6|10.0|False|True|False|False
15418|7.0|55.0|26.571428571428573|7.0|False|True|False|False
15419|9.0|48.0|25.11111111111111|3.0|False|True|False|False
15420|8.0|78.0|31.125|8.0|False|True|False|False
15421|10.0|51.0|26.2|10.0|False|True|False|False
15422|9.0|92.0|35.888888888888886|9.0|True|True|False|False
15423|7.0|94.0|41.0|7.0|True|True|False|False
15424|8.0|123.0|41.375|8.0|True|True|False|False
15425|10.0|37.0|22.2|10.0|False|True|False|False
15426|7.0|59.0|35.0|7.0|False|True|False|False
15427|6.0|47.0|28.5|1.0|False|True|False|False
15428|4.0|37.0|23.25|1.0|False|True|False|False
15429|9.0|44.0|28.22222222222222|9.0|False|True|False|False
15430|11.0|41.0|20.363636363636363|11.0|False|True|False|False
15431|9.0|44.0|23.444444444444443|9.0|False|True|False|False
15432|7.0|62.0|30.857142857142858|7.0|False|True|False|False
15433|10.0|47.0|20.9|10.0|False|True|False|False
15434|8.0|82.0|33.75|8.0|True|True|False|False
15435|24.0|79.0|32.75|24.0|False|True|False|False
15436|7.0|68.0|28.285714285714285|7.0|False|True|False|False
15437|9.0|113.0|31.88888888888889|9.0|True|True|False|False
15438|10.0|61.0|20.9|10.0|False|True|False|False
15439|6.0|124.0|52.666666666666664|6.0|True|True|False|False
15440|12.0|65.0|29.416666666666668|12.0|False|True|False|False
15441|8.0|90.0|35.0|8.0|True|True|False|False
15442|7.0|50.0|33.0|7.0|False|True|False|False
15443|8.0|92.0|29.5|8.0|True|True|False|False
15444|18.0|53.0|22.166666666666668|1.0|False|True|False|False
15447|8.0|106.0|41.0|8.0|True|True|False|False
15448|16.0|74.0|21.5625|2.0|False|True|False|False
15449|26.0|29.0|17.846153846153847|2.0|False|True|False|False
15450|9.0|96.0|46.22222222222222|9.0|True|True|False|False
15451|6.0|105.0|47.666666666666664|6.0|True|True|False|False
15453|5.0|59.0|40.6|5.0|False|True|False|False
15454|13.0|83.0|36.92307692307692|13.0|True|True|False|False
15456|7.0|75.0|42.0|6.0|False|True|False|False
15457|34.0|71.0|26.91176470588235|2.0|False|True|False|False
15458|9.0|86.0|34.888888888888886|9.0|True|True|False|False
15459|29.0|51.0|19.75862068965517|6.0|False|True|False|False
15460|7.0|44.0|26.857142857142858|7.0|False|True|False|False
15461|11.0|38.0|20.90909090909091|11.0|False|True|False|False
15463|23.0|107.0|25.91304347826087|3.0|True|True|False|False
15464|8.0|90.0|51.875|0.0|True|False|False|False
15465|8.0|109.0|32.25|8.0|True|True|False|False
15467|5.0|57.0|35.0|5.0|False|True|False|False
15468|7.0|66.0|30.285714285714285|7.0|False|True|False|False
15469|8.0|61.0|32.75|8.0|False|True|False|False
15470|9.0|59.0|32.55555555555556|9.0|False|True|False|False
15471|12.0|48.0|21.333333333333332|12.0|False|True|False|False
15472|9.0|80.0|33.888888888888886|9.0|False|True|False|False
15473|10.0|98.0|30.9|10.0|True|True|False|False
15474|4.0|148.0|61.25|4.0|True|True|False|False
15475|6.0|129.0|40.333333333333336|6.0|True|True|False|False
15476|18.0|34.0|16.72222222222222|18.0|False|True|False|False
15478|19.0|46.0|20.736842105263158|2.0|False|True|False|False
15479|12.0|49.0|25.083333333333332|0.0|False|False|False|False
15480|6.0|125.0|65.66666666666667|0.0|True|False|False|False
15482|9.0|71.0|29.88888888888889|9.0|False|True|False|False
15483|12.0|49.0|21.416666666666668|1.0|False|True|False|False
15484|16.0|25.0|16.5625|0.0|False|False|False|False
15485|9.0|36.0|21.77777777777778|0.0|False|False|False|False
15487|22.0|32.0|19.954545454545453|11.0|False|True|False|False
15488|7.0|85.0|42.714285714285715|7.0|True|True|False|False
15489|6.0|55.0|28.5|1.0|False|True|False|False
15490|9.0|31.0|20.22222222222222|9.0|False|True|False|False
15491|8.0|47.0|25.0|0.0|False|False|False|False
15492|9.0|44.0|26.333333333333332|9.0|False|True|False|False
15493|33.0|44.0|20.78787878787879|2.0|False|True|False|False
15494|19.0|80.0|19.36842105263158|19.0|False|True|False|False
15495|18.0|103.0|25.333333333333332|10.0|True|True|False|False
15496|9.0|33.0|25.333333333333332|0.0|False|False|False|False
15497|11.0|34.0|21.636363636363637|1.0|False|True|False|False
15499|13.0|37.0|21.153846153846153|0.0|False|False|False|False
15500|8.0|40.0|23.0|1.0|False|True|False|False
15501|21.0|47.0|23.952380952380953|3.0|False|True|False|False
15502|8.0|96.0|39.375|8.0|True|True|False|False
15503|6.0|51.0|34.333333333333336|6.0|False|True|False|False
15504|25.0|54.0|24.8|2.0|False|True|False|False
15505|9.0|58.0|27.77777777777778|9.0|False|True|False|False
15506|25.0|51.0|21.88|4.0|False|True|False|False
15507|27.0|46.0|22.22222222222222|4.0|False|True|False|False
15508|7.0|41.0|16.857142857142858|1.0|False|True|False|False
15509|13.0|59.0|22.46153846153846|13.0|False|True|False|False
15510|27.0|57.0|21.296296296296298|3.0|False|True|False|False
15511|25.0|106.0|34.4|2.0|True|True|False|False
15513|12.0|80.0|28.833333333333332|12.0|False|True|False|False
15514|20.0|79.0|30.3|2.0|False|True|False|False
15515|24.0|54.0|22.916666666666668|2.0|False|True|False|False
15516|20.0|36.0|18.05|3.0|False|True|False|False
15518|17.0|47.0|23.941176470588236|0.0|False|False|False|False
15519|5.0|137.0|68.0|5.0|True|True|False|False
15520|4.0|33.0|27.5|0.0|False|False|False|False
15521|7.0|163.0|56.285714285714285|7.0|True|True|False|False
15522|9.0|68.0|28.555555555555557|9.0|False|True|False|False
15523|8.0|116.0|36.25|8.0|True|True|False|False
15524|9.0|67.0|42.44444444444444|9.0|False|True|False|False
15525|10.0|57.0|34.0|10.0|False|True|False|False
15527|7.0|38.0|23.428571428571427|7.0|False|True|False|False
15528|10.0|52.0|27.1|10.0|False|True|False|False
15529|9.0|62.0|39.22222222222222|9.0|False|True|False|False
15530|11.0|24.0|15.636363636363637|11.0|False|True|False|False
15531|37.0|77.0|25.83783783783784|4.0|False|True|False|False
15532|10.0|60.0|25.7|10.0|False|True|False|False
15533|8.0|59.0|34.125|8.0|False|True|False|False
15535|8.0|117.0|28.375|8.0|True|True|False|False
15536|8.0|172.0|52.125|8.0|True|True|False|False
15537|7.0|71.0|35.0|7.0|False|True|False|False
15538|15.0|173.0|45.266666666666666|15.0|True|True|False|False
15539|8.0|83.0|39.5|8.0|True|True|False|False
15540|8.0|70.0|30.125|1.0|False|True|False|False
15541|6.0|68.0|33.5|6.0|False|True|False|False
15542|8.0|45.0|22.25|8.0|False|True|False|False
15543|9.0|88.0|30.88888888888889|3.0|True|True|False|False
15544|6.0|44.0|34.666666666666664|0.0|False|False|False|False
15545|8.0|50.0|23.5|0.0|False|False|False|False
15546|10.0|29.0|19.2|0.0|False|False|False|False
15547|6.0|106.0|49.0|6.0|True|True|False|False
15548|9.0|25.0|19.333333333333332|0.0|False|False|False|False
15549|9.0|39.0|20.444444444444443|2.0|False|True|False|False
15551|39.0|44.0|19.102564102564102|6.0|False|True|False|False
15553|13.0|68.0|28.0|13.0|False|True|False|False
15554|13.0|48.0|23.53846153846154|13.0|False|True|False|False
15555|10.0|112.0|37.2|10.0|True|True|False|False
15556|14.0|75.0|26.714285714285715|14.0|False|True|False|False
15557|10.0|55.0|27.5|10.0|False|True|False|False
15558|4.0|35.0|32.75|4.0|False|True|False|False
15559|8.0|66.0|38.375|8.0|False|True|False|False
15560|8.0|111.0|42.125|8.0|True|True|False|False
15562|5.0|104.0|41.8|5.0|True|True|False|False
15563|33.0|64.0|20.818181818181817|7.0|False|True|False|False
15565|15.0|49.0|22.6|15.0|False|True|False|False
15566|11.0|51.0|30.545454545454547|11.0|False|True|False|False
15567|27.0|32.0|16.555555555555557|27.0|False|True|False|False
15568|16.0|41.0|21.9375|16.0|False|True|False|False
15569|17.0|41.0|19.11764705882353|17.0|False|True|False|False
15570|19.0|40.0|22.0|19.0|False|True|False|False
15571|14.0|52.0|19.071428571428573|14.0|False|True|False|False
15572|15.0|58.0|24.666666666666668|15.0|False|True|False|False
15573|17.0|68.0|25.647058823529413|17.0|False|True|False|False
15574|17.0|48.0|20.41176470588235|17.0|False|True|False|False
15575|20.0|46.0|22.25|20.0|False|True|False|False
15576|14.0|39.0|21.0|14.0|False|True|False|False
15577|16.0|44.0|21.875|16.0|False|True|False|False
15578|19.0|33.0|17.36842105263158|3.0|False|True|False|False
15579|17.0|48.0|20.235294117647058|17.0|False|True|False|False
15580|7.0|45.0|23.0|1.0|False|True|False|False
15581|15.0|52.0|27.666666666666668|0.0|False|False|False|False
15582|12.0|36.0|23.083333333333332|12.0|False|True|False|False
15583|28.0|80.0|31.035714285714285|2.0|False|True|False|False
15584|20.0|38.0|19.05|2.0|False|True|False|False
15585|8.0|50.0|25.625|0.0|False|False|False|False
15586|27.0|43.0|18.74074074074074|4.0|False|True|False|False
15588|28.0|69.0|24.535714285714285|4.0|False|True|False|False
15589|8.0|89.0|33.0|8.0|True|True|False|False
15590|9.0|80.0|35.111111111111114|0.0|False|False|False|False
15591|6.0|90.0|41.0|6.0|True|True|False|False
15592|7.0|55.0|26.571428571428573|7.0|False|True|False|False
15593|11.0|45.0|19.272727272727273|11.0|False|True|False|False
15594|8.0|73.0|35.875|7.0|False|True|False|False
15595|19.0|57.0|24.36842105263158|2.0|False|True|False|False
15596|10.0|50.0|33.1|10.0|False|True|False|False
15597|7.0|53.0|30.428571428571427|7.0|False|True|False|False
15598|12.0|61.0|25.416666666666668|12.0|False|True|False|False
15599|6.0|48.0|32.333333333333336|0.0|False|False|False|False
15600|8.0|80.0|30.5|1.0|False|True|False|False
15601|12.0|66.0|23.916666666666668|0.0|False|False|False|False
15602|21.0|87.0|31.142857142857142|3.0|True|True|False|False
15603|37.0|44.0|20.43243243243243|5.0|False|True|False|False
15605|10.0|36.0|27.2|0.0|False|False|False|False
15606|10.0|53.0|28.9|2.0|False|True|False|False
15607|23.0|163.0|31.17391304347826|4.0|True|True|False|False
15608|7.0|35.0|24.428571428571427|0.0|False|False|False|False
15609|9.0|48.0|25.88888888888889|0.0|False|False|False|False
15610|10.0|71.0|28.2|0.0|False|False|False|False
15613|7.0|30.0|21.714285714285715|0.0|False|False|False|False
15614|5.0|87.0|44.8|0.0|True|False|False|False
15615|7.0|55.0|27.571428571428573|0.0|False|False|False|False
15616|9.0|59.0|28.11111111111111|1.0|False|True|False|False
15617|7.0|68.0|41.857142857142854|0.0|False|False|False|False
15619|11.0|38.0|19.272727272727273|0.0|False|False|False|False
15621|6.0|74.0|34.833333333333336|0.0|False|False|False|False
15622|10.0|101.0|30.4|0.0|True|False|False|False
15623|13.0|40.0|25.23076923076923|1.0|False|True|False|False
15624|9.0|66.0|23.444444444444443|0.0|False|False|False|False
15625|13.0|74.0|22.0|1.0|False|True|False|False
15626|16.0|37.0|20.125|1.0|False|True|False|False
15627|5.0|38.0|27.2|0.0|False|False|False|False
15628|23.0|38.0|16.652173913043477|2.0|False|True|False|False
15629|12.0|92.0|29.333333333333332|0.0|True|False|False|False
15630|8.0|69.0|41.875|0.0|False|False|False|False
15631|13.0|45.0|23.923076923076923|0.0|False|False|False|False
15632|9.0|87.0|32.888888888888886|0.0|True|False|False|False
15633|12.0|45.0|24.75|0.0|False|False|False|False
15635|12.0|55.0|26.166666666666668|2.0|False|True|False|False
15636|10.0|31.0|22.2|1.0|False|True|False|False
15637|20.0|43.0|22.7|1.0|False|True|False|False
15638|14.0|74.0|23.642857142857142|0.0|False|False|False|False
15641|20.0|40.0|23.2|3.0|False|True|False|False
15642|11.0|45.0|31.09090909090909|0.0|False|False|False|False
15643|7.0|32.0|23.857142857142858|0.0|False|False|False|False
15644|10.0|58.0|22.8|0.0|False|False|False|False
15645|8.0|44.0|24.75|0.0|False|False|False|False
15647|11.0|45.0|20.727272727272727|0.0|False|False|False|False
15648|13.0|26.0|20.615384615384617|0.0|False|False|False|False
15649|14.0|22.0|17.357142857142858|0.0|False|False|False|False
15651|11.0|42.0|23.272727272727273|2.0|False|True|False|False
15652|7.0|41.0|24.571428571428573|0.0|False|False|False|False
15654|10.0|50.0|21.5|0.0|False|False|False|False
15655|8.0|44.0|27.0|1.0|False|True|False|False
15656|9.0|34.0|26.555555555555557|0.0|False|False|False|False
15657|11.0|135.0|31.09090909090909|1.0|True|True|False|False
15658|10.0|43.0|24.0|0.0|False|False|False|False
15659|10.0|46.0|20.4|0.0|False|False|False|False
15660|10.0|48.0|22.6|1.0|False|True|False|False
15661|17.0|47.0|21.352941176470587|2.0|False|True|False|False
15664|7.0|30.0|17.142857142857142|0.0|False|False|False|False
15666|11.0|46.0|25.181818181818183|1.0|False|True|False|False
15669|9.0|38.0|19.0|1.0|False|True|False|False
15670|11.0|75.0|28.0|0.0|False|False|False|False
15671|17.0|48.0|20.764705882352942|2.0|False|True|False|False
15672|7.0|49.0|33.42857142857143|0.0|False|False|False|False
15673|6.0|80.0|44.0|0.0|False|False|False|False
15675|9.0|64.0|35.888888888888886|1.0|False|True|False|False
15676|14.0|45.0|16.785714285714285|4.0|False|True|False|False
15677|7.0|34.0|25.714285714285715|0.0|False|False|False|False
15678|8.0|42.0|27.375|0.0|False|False|False|False
15679|7.0|58.0|34.0|0.0|False|False|False|False
15680|11.0|61.0|25.363636363636363|0.0|False|False|False|False
15681|7.0|53.0|26.285714285714285|1.0|False|True|False|False
15682|13.0|36.0|20.76923076923077|0.0|False|False|False|False
15683|10.0|141.0|39.2|1.0|True|True|False|False
15684|11.0|30.0|17.90909090909091|1.0|False|True|False|False
15685|10.0|52.0|23.7|0.0|False|False|False|False
15686|10.0|46.0|32.3|0.0|False|False|False|False
15694|9.0|35.0|24.88888888888889|0.0|False|False|False|False
15695|10.0|46.0|22.3|0.0|False|False|False|False
15698|7.0|45.0|23.857142857142858|0.0|False|False|False|False
15701|8.0|61.0|27.625|0.0|False|False|False|False
15702|9.0|28.0|19.0|1.0|False|True|False|False
15707|10.0|50.0|25.9|2.0|False|True|False|False
15726|11.0|57.0|22.363636363636363|2.0|False|True|False|False
15727|4.0|65.0|37.75|0.0|False|False|False|False
15728|8.0|33.0|26.625|0.0|False|False|False|False
15729|7.0|28.0|22.714285714285715|1.0|False|True|False|False
15730|9.0|44.0|25.333333333333332|0.0|False|False|False|False
15731|6.0|31.0|27.0|0.0|False|False|False|False
15732|10.0|48.0|22.6|0.0|False|False|False|False
15733|9.0|56.0|26.88888888888889|1.0|False|True|False|False
15735|4.0|75.0|43.0|0.0|False|False|False|False
15736|8.0|39.0|26.375|1.0|False|True|False|False
15737|11.0|84.0|26.727272727272727|2.0|True|True|False|False
15738|11.0|36.0|20.0|1.0|False|True|False|False
15741|8.0|38.0|22.875|2.0|False|True|False|False
15743|11.0|30.0|17.818181818181817|2.0|False|True|False|False
15744|12.0|46.0|21.583333333333332|2.0|False|True|False|False
15745|9.0|55.0|28.11111111111111|1.0|False|True|False|False
15746|11.0|51.0|25.272727272727273|0.0|False|False|False|False
15747|10.0|50.0|20.4|0.0|False|False|False|False
15748|11.0|38.0|22.0|0.0|False|False|False|False
15749|7.0|53.0|26.428571428571427|0.0|False|False|False|False
15750|7.0|58.0|28.0|0.0|False|False|False|False
15751|5.0|46.0|31.0|0.0|False|False|False|False
15752|7.0|48.0|26.571428571428573|0.0|False|False|False|False
15753|11.0|88.0|27.272727272727273|0.0|True|False|False|False
15754|7.0|52.0|24.714285714285715|0.0|False|False|False|False
15755|7.0|33.0|22.714285714285715|0.0|False|False|False|False
15756|8.0|39.0|22.25|1.0|False|True|False|False
15757|8.0|29.0|20.875|0.0|False|False|False|False
15758|6.0|33.0|25.666666666666668|0.0|False|False|False|False
15759|8.0|56.0|25.25|0.0|False|False|False|False
15760|8.0|44.0|26.0|0.0|False|False|False|False
15761|6.0|45.0|30.166666666666668|0.0|False|False|False|False
15762|9.0|37.0|22.666666666666668|0.0|False|False|False|False
15763|6.0|43.0|33.166666666666664|0.0|False|False|False|False
15764|6.0|76.0|27.333333333333332|0.0|False|False|False|False
15766|9.0|69.0|35.44444444444444|0.0|False|False|False|False
15767|11.0|52.0|20.363636363636363|0.0|False|False|False|False
15769|8.0|44.0|25.25|0.0|False|False|False|False
15771|5.0|79.0|32.8|0.0|False|False|False|False
15772|8.0|49.0|29.875|2.0|False|True|False|False
15773|9.0|43.0|22.88888888888889|0.0|False|False|False|False
15780|9.0|41.0|24.333333333333332|0.0|False|False|False|False
15781|9.0|35.0|20.77777777777778|1.0|False|True|False|False
15782|4.0|133.0|51.25|0.0|True|False|False|False
15783|7.0|67.0|31.0|0.0|False|False|False|False
15784|7.0|65.0|37.285714285714285|1.0|False|True|False|False
15785|7.0|58.0|23.857142857142858|0.0|False|False|False|False
15786|8.0|45.0|20.625|0.0|False|False|False|False
15787|7.0|49.0|25.0|1.0|False|True|False|False
15788|11.0|23.0|15.545454545454545|1.0|False|True|False|False
15789|10.0|48.0|27.6|1.0|False|True|False|False
15790|12.0|78.0|28.583333333333332|1.0|False|True|False|False
15791|5.0|51.0|30.6|0.0|False|False|False|False
15792|8.0|40.0|23.375|0.0|False|False|False|False
15796|10.0|46.0|30.9|1.0|False|True|False|False
15798|11.0|33.0|19.454545454545453|1.0|False|True|False|False
15799|13.0|42.0|19.846153846153847|0.0|False|False|False|False
15800|17.0|47.0|21.58823529411765|0.0|False|False|False|False
15801|13.0|36.0|19.53846153846154|1.0|False|True|False|False
15803|16.0|35.0|19.75|1.0|False|True|False|False
15804|8.0|51.0|25.0|0.0|False|False|False|False
15805|5.0|96.0|42.4|0.0|True|False|False|False
15806|16.0|38.0|19.1875|1.0|False|True|False|False
15807|13.0|31.0|21.0|0.0|False|False|False|False
15809|13.0|66.0|22.76923076923077|0.0|False|False|False|False
15810|17.0|68.0|28.88235294117647|17.0|False|True|False|False
15811|20.0|48.0|24.2|20.0|False|True|False|False
15812|15.0|49.0|30.866666666666667|15.0|False|True|False|False
15813|9.0|38.0|28.444444444444443|9.0|False|True|False|False
15815|14.0|36.0|20.571428571428573|14.0|False|True|False|False
15816|12.0|36.0|22.75|12.0|False|True|False|False
15817|10.0|41.0|26.1|10.0|False|True|False|False
15818|8.0|26.0|17.375|0.0|False|False|False|False
15819|13.0|46.0|17.923076923076923|0.0|False|False|False|False
15823|9.0|61.0|22.77777777777778|0.0|False|False|False|False
15824|6.0|35.0|26.166666666666668|0.0|False|False|False|False
15825|5.0|95.0|42.2|0.0|True|False|False|False
15826|9.0|47.0|23.444444444444443|0.0|False|False|False|False
15827|10.0|38.0|22.0|0.0|False|False|False|False
15828|9.0|74.0|32.77777777777778|0.0|False|False|False|False
15829|13.0|54.0|21.23076923076923|0.0|False|False|False|False
15830|7.0|40.0|29.142857142857142|1.0|False|True|False|False
15832|8.0|67.0|27.875|0.0|False|False|False|False
15833|7.0|82.0|33.142857142857146|0.0|True|False|False|False
15835|10.0|44.0|22.9|0.0|False|False|False|False
15845|7.0|82.0|39.714285714285715|0.0|True|False|False|False
15847|10.0|35.0|20.8|0.0|False|False|False|False
15851|6.0|38.0|20.166666666666668|0.0|False|False|False|False
15852|6.0|39.0|20.333333333333332|0.0|False|False|False|False
15853|10.0|36.0|21.8|1.0|False|True|False|False
15854|14.0|32.0|17.357142857142858|2.0|False|True|False|False
15855|8.0|64.0|25.375|0.0|False|False|False|False
15856|15.0|29.0|16.666666666666668|1.0|False|True|False|False
15857|7.0|54.0|22.285714285714285|0.0|False|False|False|False
15858|14.0|49.0|25.428571428571427|0.0|False|False|False|False
15861|11.0|37.0|16.818181818181817|1.0|False|True|False|False
15862|9.0|42.0|25.22222222222222|0.0|False|False|False|False
15863|4.0|38.0|25.75|0.0|False|False|False|False
15864|6.0|37.0|24.0|0.0|False|False|False|False
15865|16.0|29.0|16.5625|1.0|False|True|False|False
15866|8.0|38.0|20.0|1.0|False|True|False|False
15867|7.0|24.0|17.857142857142858|0.0|False|False|False|False
15868|8.0|59.0|27.125|0.0|False|False|False|False
15869|13.0|55.0|22.615384615384617|1.0|False|True|False|False
15870|12.0|36.0|20.166666666666668|1.0|False|True|False|False
15871|11.0|39.0|22.818181818181817|0.0|False|False|False|False
15872|9.0|67.0|25.444444444444443|0.0|False|False|False|False
15873|6.0|32.0|18.5|0.0|False|False|False|False
15874|11.0|35.0|17.454545454545453|0.0|False|False|False|False
15875|9.0|57.0|23.77777777777778|0.0|False|False|False|False
15876|13.0|41.0|23.615384615384617|0.0|False|False|False|False
15877|10.0|28.0|18.1|1.0|False|True|False|False
15878|12.0|57.0|22.083333333333332|2.0|False|True|False|False
15879|10.0|40.0|17.9|0.0|False|False|False|False
15880|10.0|34.0|20.6|1.0|False|True|False|False
15881|5.0|36.0|21.2|0.0|False|False|False|False
15882|6.0|52.0|30.5|0.0|False|False|False|False
15884|11.0|36.0|18.545454545454547|0.0|False|False|False|False
15885|5.0|37.0|24.2|0.0|False|False|False|False
15886|9.0|31.0|19.77777777777778|0.0|False|False|False|False
15891|13.0|36.0|19.076923076923077|3.0|False|True|False|False
15892|11.0|35.0|24.818181818181817|1.0|False|True|False|False
15893|2.0|51.0|32.5|0.0|False|False|False|False
15894|12.0|37.0|22.416666666666668|0.0|False|False|False|False
15897|4.0|22.0|15.25|0.0|False|False|False|False
15898|16.0|31.0|17.875|1.0|False|True|False|False
15899|17.0|40.0|20.058823529411764|2.0|False|True|False|False
15900|6.0|51.0|29.0|0.0|False|False|False|False
15901|6.0|32.0|19.166666666666668|1.0|False|True|False|False
15911|8.0|63.0|31.0|1.0|False|True|False|False
15912|10.0|63.0|27.0|2.0|False|True|False|False
15913|8.0|39.0|25.25|0.0|False|False|False|False
15914|7.0|52.0|24.571428571428573|3.0|False|True|False|False
15915|10.0|57.0|25.8|0.0|False|False|False|False
15916|18.0|27.0|16.77777777777778|1.0|False|True|False|False
15917|15.0|28.0|19.066666666666666|1.0|False|True|False|False
15918|13.0|44.0|20.076923076923077|2.0|False|True|False|False
15919|12.0|52.0|28.166666666666668|1.0|False|True|False|False
15921|14.0|46.0|19.928571428571427|4.0|False|True|False|False
15922|7.0|49.0|27.0|0.0|False|False|False|False
15923|4.0|51.0|42.5|0.0|False|False|False|False
15924|11.0|48.0|22.90909090909091|0.0|False|False|False|False
15925|11.0|41.0|26.454545454545453|0.0|False|False|False|False
15926|9.0|82.0|29.333333333333332|0.0|True|False|False|False
15927|7.0|65.0|31.285714285714285|2.0|False|True|False|False
15940|10.0|72.0|33.1|1.0|False|True|False|False
15941|11.0|43.0|20.90909090909091|0.0|False|False|False|False
15942|9.0|32.0|23.0|0.0|False|False|False|False
15943|8.0|47.0|30.0|0.0|False|False|False|False
15944|16.0|30.0|17.125|0.0|False|False|False|False
15945|8.0|33.0|22.375|0.0|False|False|False|False
15948|9.0|59.0|21.555555555555557|2.0|False|True|False|False
15949|10.0|23.0|19.0|1.0|False|True|False|False
15950|8.0|40.0|22.125|0.0|False|False|False|False
15951|6.0|87.0|31.166666666666668|0.0|True|False|False|False
15952|10.0|40.0|24.0|0.0|False|False|False|False
15953|13.0|38.0|19.23076923076923|0.0|False|False|False|False
15955|6.0|100.0|46.166666666666664|1.0|True|True|False|False
15956|4.0|143.0|65.0|0.0|True|False|False|False
15957|7.0|32.0|19.571428571428573|1.0|False|True|False|False
15958|7.0|45.0|25.285714285714285|0.0|False|False|False|False
15959|8.0|78.0|33.875|0.0|False|False|False|False
15960|13.0|35.0|24.0|1.0|False|True|False|False
15961|5.0|132.0|66.0|0.0|True|False|False|False
15962|8.0|39.0|25.875|1.0|False|True|False|False
15964|15.0|47.0|21.066666666666666|1.0|False|True|False|False
15966|10.0|38.0|22.5|0.0|False|False|False|False
15967|11.0|30.0|19.0|1.0|False|True|False|False
15968|5.0|63.0|41.0|0.0|False|False|False|False
15969|5.0|75.0|45.8|0.0|False|False|False|False
15971|11.0|61.0|23.09090909090909|0.0|False|False|False|False
15972|5.0|37.0|22.6|0.0|False|False|False|False
15973|8.0|74.0|31.0|1.0|False|True|False|False
15976|7.0|99.0|41.285714285714285|0.0|True|False|False|False
15977|12.0|29.0|18.416666666666668|0.0|False|False|False|False
15979|7.0|31.0|20.142857142857142|0.0|False|False|False|False
15980|9.0|79.0|29.22222222222222|1.0|False|True|False|False
15981|5.0|32.0|21.4|0.0|False|False|False|False
15982|9.0|67.0|28.444444444444443|0.0|False|False|False|False
15983|10.0|44.0|22.9|0.0|False|False|False|False
15984|12.0|25.0|16.416666666666668|1.0|False|True|False|False
15986|9.0|90.0|38.111111111111114|2.0|True|True|False|False
15987|16.0|51.0|30.5|8.0|False|True|False|False
15988|11.0|48.0|25.0|1.0|False|True|False|False
15989|9.0|60.0|29.11111111111111|0.0|False|False|False|False
15990|8.0|38.0|17.375|0.0|False|False|False|False
15993|5.0|62.0|32.2|0.0|False|False|False|False
15994|11.0|29.0|16.636363636363637|1.0|False|True|False|False
15995|11.0|36.0|22.0|0.0|False|False|False|False
15996|9.0|50.0|24.555555555555557|0.0|False|False|False|False
15997|8.0|95.0|34.25|0.0|True|False|False|False
15998|7.0|50.0|25.428571428571427|0.0|False|False|False|False
15999|18.0|43.0|22.61111111111111|9.0|False|True|False|False
16000|8.0|65.0|27.5|0.0|False|False|False|False
16001|7.0|36.0|21.428571428571427|0.0|False|False|False|False
16003|8.0|78.0|27.75|1.0|False|True|False|False
16004|9.0|42.0|27.88888888888889|0.0|False|False|False|False
16005|11.0|50.0|24.363636363636363|0.0|False|False|False|False
16006|10.0|28.0|20.4|0.0|False|False|False|False
16007|8.0|68.0|24.625|0.0|False|False|False|False
16008|18.0|94.0|33.666666666666664|9.0|True|True|False|False
16009|9.0|58.0|24.11111111111111|0.0|False|False|False|False
16010|11.0|61.0|18.09090909090909|2.0|False|True|False|False
16011|9.0|53.0|28.444444444444443|0.0|False|False|False|False
16012|4.0|42.0|31.0|0.0|False|False|False|False
16013|8.0|47.0|22.375|2.0|False|True|False|False
16014|7.0|59.0|24.428571428571427|0.0|False|False|False|False
16015|25.0|65.0|26.72|13.0|False|True|False|False
16016|10.0|41.0|26.5|6.0|False|True|False|False
16017|7.0|97.0|45.142857142857146|0.0|True|False|False|False
16018|5.0|49.0|32.2|1.0|False|True|False|False
16019|12.0|64.0|23.333333333333332|2.0|False|True|False|False
16020|8.0|59.0|30.125|0.0|False|False|False|False
16021|5.0|45.0|30.0|0.0|False|False|False|False
16022|7.0|51.0|26.571428571428573|0.0|False|False|False|False
16023|10.0|31.0|16.3|1.0|False|True|False|False
16024|11.0|24.0|16.363636363636363|1.0|False|True|False|False
16026|7.0|24.0|18.428571428571427|0.0|False|False|False|False
16027|10.0|28.0|17.6|1.0|False|True|False|False
16029|7.0|56.0|32.142857142857146|0.0|False|False|False|False
16030|8.0|119.0|45.125|1.0|True|True|False|False
16031|11.0|46.0|24.0|1.0|False|True|False|False
16033|10.0|33.0|23.7|1.0|False|True|False|False
16034|9.0|38.0|22.22222222222222|0.0|False|False|False|False
16035|9.0|39.0|28.333333333333332|1.0|False|True|False|False
16036|7.0|89.0|39.714285714285715|0.0|True|False|False|False
16037|9.0|31.0|23.333333333333332|0.0|False|False|False|False
16039|13.0|28.0|18.153846153846153|0.0|False|False|False|False
16040|7.0|49.0|29.428571428571427|2.0|False|True|False|False
16041|8.0|53.0|29.5|0.0|False|False|False|False
16043|10.0|62.0|22.2|1.0|False|True|False|False
16044|7.0|53.0|38.714285714285715|0.0|False|False|False|False
16046|9.0|36.0|21.77777777777778|0.0|False|False|False|False
16047|11.0|40.0|20.545454545454547|1.0|False|True|False|False
16048|7.0|38.0|27.142857142857142|0.0|False|False|False|False
16049|11.0|26.0|17.818181818181817|0.0|False|False|False|False
16050|7.0|58.0|32.42857142857143|0.0|False|False|False|False
16052|10.0|64.0|24.2|1.0|False|True|False|False
16053|6.0|51.0|34.5|0.0|False|False|False|False
16054|6.0|37.0|25.666666666666668|0.0|False|False|False|False
16056|13.0|31.0|18.53846153846154|1.0|False|True|False|False
16057|5.0|47.0|28.6|0.0|False|False|False|False
16058|9.0|42.0|25.666666666666668|1.0|False|True|False|False
16059|7.0|43.0|27.428571428571427|0.0|False|False|False|False
16060|10.0|61.0|25.3|1.0|False|True|False|False
16061|6.0|69.0|38.0|0.0|False|False|False|False
16062|7.0|67.0|28.142857142857142|1.0|False|True|False|False
16063|6.0|70.0|29.833333333333332|0.0|False|False|False|False
16064|6.0|35.0|23.166666666666668|0.0|False|False|False|False
16065|6.0|33.0|22.666666666666668|0.0|False|False|False|False
16066|12.0|30.0|19.083333333333332|0.0|False|False|False|False
16067|6.0|75.0|34.5|0.0|False|False|False|False
16068|10.0|32.0|21.2|1.0|False|True|False|False
16069|8.0|44.0|25.0|1.0|False|True|False|False
16070|9.0|28.0|17.77777777777778|1.0|False|True|False|False
16071|5.0|26.0|20.8|0.0|False|False|False|False
16072|7.0|87.0|35.285714285714285|0.0|True|False|False|False
16073|11.0|38.0|25.181818181818183|1.0|False|True|False|False
16074|6.0|42.0|30.333333333333332|0.0|False|False|False|False
16075|8.0|48.0|23.75|0.0|False|False|False|False
16076|8.0|39.0|28.875|0.0|False|False|False|False
16077|8.0|35.0|20.375|0.0|False|False|False|False
16078|12.0|23.0|17.25|6.0|False|True|False|False
16079|6.0|91.0|30.5|0.0|True|False|False|False
16080|5.0|78.0|34.4|0.0|False|False|False|False
16081|6.0|48.0|24.166666666666668|0.0|False|False|False|False
16084|8.0|48.0|30.125|1.0|False|True|False|False
16085|8.0|42.0|19.375|1.0|False|True|False|False
16086|10.0|31.0|18.0|1.0|False|True|False|False
16087|11.0|26.0|16.363636363636363|0.0|False|False|False|False
16088|4.0|58.0|38.0|0.0|False|False|False|False
16089|10.0|25.0|15.8|0.0|False|False|False|False
16091|5.0|33.0|25.2|1.0|False|True|False|False
16093|11.0|45.0|23.181818181818183|0.0|False|False|False|False
16094|9.0|33.0|21.22222222222222|0.0|False|False|False|False
16095|13.0|73.0|22.846153846153847|1.0|False|True|False|False
16096|8.0|53.0|24.625|0.0|False|False|False|False
16097|11.0|55.0|20.09090909090909|0.0|False|False|False|False
16098|9.0|26.0|18.333333333333332|2.0|False|True|False|False
16099|10.0|22.0|15.7|2.0|False|True|False|False
16101|12.0|30.0|19.333333333333332|0.0|False|False|False|False
16103|5.0|97.0|41.6|0.0|True|False|False|False
16104|12.0|35.0|19.583333333333332|1.0|False|True|False|False
16105|9.0|33.0|22.77777777777778|0.0|False|False|False|False
16106|6.0|58.0|25.833333333333332|1.0|False|True|False|False
16107|10.0|35.0|19.6|0.0|False|False|False|False
16108|5.0|40.0|26.6|0.0|False|False|False|False
16109|9.0|62.0|25.666666666666668|0.0|False|False|False|False
16110|6.0|59.0|37.333333333333336|0.0|False|False|False|False
16111|10.0|58.0|23.4|0.0|False|False|False|False
16112|13.0|41.0|19.23076923076923|0.0|False|False|False|False
16113|12.0|44.0|20.833333333333332|1.0|False|True|False|False
16114|5.0|71.0|32.8|0.0|False|False|False|False
16115|9.0|37.0|24.333333333333332|0.0|False|False|False|False
16116|11.0|25.0|20.363636363636363|0.0|False|False|False|False
16118|9.0|35.0|17.22222222222222|0.0|False|False|False|False
16120|10.0|38.0|24.9|0.0|False|False|False|False
16121|11.0|57.0|25.818181818181817|0.0|False|False|False|False
16122|13.0|39.0|18.923076923076923|0.0|False|False|False|False
16124|9.0|30.0|17.666666666666668|1.0|False|True|False|False
16125|12.0|39.0|22.416666666666668|0.0|False|False|False|False
16126|5.0|64.0|25.8|0.0|False|False|False|False
16127|4.0|106.0|57.75|0.0|True|False|False|False
16128|7.0|36.0|23.857142857142858|0.0|False|False|False|False
16129|9.0|26.0|18.0|1.0|False|True|False|False
16130|9.0|38.0|26.11111111111111|0.0|False|False|False|False
16131|5.0|79.0|35.2|0.0|False|False|False|False
16132|9.0|60.0|29.22222222222222|0.0|False|False|False|False
16133|8.0|70.0|32.0|0.0|False|False|False|False
16135|8.0|39.0|26.5|0.0|False|False|False|False
16137|7.0|50.0|27.0|0.0|False|False|False|False
16139|6.0|66.0|26.333333333333332|0.0|False|False|False|False
16140|8.0|37.0|22.75|0.0|False|False|False|False
16141|12.0|32.0|17.916666666666668|1.0|False|True|False|False
16142|12.0|32.0|16.916666666666668|1.0|False|True|False|False
16143|5.0|26.0|20.0|0.0|False|False|False|False
16144|8.0|32.0|20.125|1.0|False|True|False|False
16145|7.0|43.0|22.571428571428573|0.0|False|False|False|False
16146|11.0|29.0|20.181818181818183|1.0|False|True|False|False
16147|10.0|35.0|19.5|0.0|False|False|False|False
16148|7.0|62.0|36.42857142857143|0.0|False|False|False|False
16149|7.0|35.0|22.0|0.0|False|False|False|False
16150|9.0|35.0|18.444444444444443|0.0|False|False|False|False
16151|11.0|35.0|20.181818181818183|0.0|False|False|False|False
16152|8.0|35.0|19.625|1.0|False|True|False|False
16153|6.0|63.0|28.166666666666668|1.0|False|True|False|False
16156|8.0|31.0|22.75|0.0|False|False|False|False
16157|8.0|39.0|25.125|0.0|False|False|False|False
16158|8.0|33.0|26.375|0.0|False|False|False|False
16159|6.0|41.0|28.166666666666668|0.0|False|False|False|False
16160|10.0|37.0|21.8|0.0|False|False|False|False
16161|8.0|37.0|27.5|0.0|False|False|False|False
16162|7.0|59.0|31.428571428571427|0.0|False|False|False|False
16163|9.0|41.0|22.666666666666668|0.0|False|False|False|False
16164|6.0|34.0|18.833333333333332|0.0|False|False|False|False
16165|7.0|42.0|27.0|0.0|False|False|False|False
16166|9.0|58.0|23.88888888888889|0.0|False|False|False|False
16167|6.0|84.0|36.833333333333336|0.0|True|False|False|False
16168|14.0|34.0|17.5|3.0|False|True|False|False
16169|9.0|35.0|21.666666666666668|1.0|False|True|False|False
16171|8.0|42.0|25.25|0.0|False|False|False|False
16172|9.0|37.0|21.88888888888889|2.0|False|True|False|False
16173|13.0|50.0|25.46153846153846|0.0|False|False|False|False
16174|8.0|36.0|21.875|0.0|False|False|False|False
16176|8.0|43.0|25.0|0.0|False|False|False|False
16177|12.0|44.0|20.833333333333332|0.0|False|False|False|False
16178|14.0|42.0|20.714285714285715|1.0|False|True|False|False
16179|9.0|61.0|28.333333333333332|0.0|False|False|False|False
16180|7.0|51.0|30.571428571428573|0.0|False|False|False|False
16181|13.0|45.0|18.307692307692307|0.0|False|False|False|False
16183|7.0|55.0|28.285714285714285|0.0|False|False|False|False
16184|10.0|41.0|22.5|0.0|False|False|False|False
16185|8.0|51.0|28.25|0.0|False|False|False|False
16187|8.0|44.0|23.875|0.0|False|False|False|False
16188|9.0|99.0|29.555555555555557|0.0|True|False|False|False
16191|6.0|66.0|30.166666666666668|0.0|False|False|False|False
16194|7.0|62.0|30.857142857142858|1.0|False|True|False|False
16197|9.0|31.0|18.555555555555557|0.0|False|False|False|False
16199|11.0|36.0|20.454545454545453|1.0|False|True|False|False
16200|11.0|35.0|17.545454545454547|0.0|False|False|False|False
16201|10.0|37.0|16.5|1.0|False|True|False|False
16202|14.0|33.0|17.5|0.0|False|False|False|False
16203|11.0|42.0|16.545454545454547|1.0|False|True|False|False
16204|10.0|39.0|24.0|0.0|False|False|False|False
16206|4.0|62.0|32.25|0.0|False|False|False|False
16207|7.0|71.0|31.714285714285715|0.0|False|False|False|False
16209|11.0|35.0|20.727272727272727|0.0|False|False|False|False
16212|11.0|33.0|21.181818181818183|0.0|False|False|False|False
16213|12.0|43.0|19.916666666666668|0.0|False|False|False|False
16214|15.0|40.0|21.466666666666665|0.0|False|False|False|False
16215|9.0|48.0|25.333333333333332|0.0|False|False|False|False
16216|10.0|44.0|26.8|1.0|False|True|False|False
16217|6.0|87.0|30.5|0.0|True|False|False|False
16218|9.0|30.0|21.555555555555557|0.0|False|False|False|False
16219|9.0|43.0|23.444444444444443|0.0|False|False|False|False
16220|6.0|38.0|21.5|0.0|False|False|False|False
16221|8.0|40.0|24.0|0.0|False|False|False|False
16222|10.0|34.0|21.0|0.0|False|False|False|False
16223|4.0|41.0|30.0|0.0|False|False|False|False
16224|15.0|23.0|16.466666666666665|0.0|False|False|False|False
16226|9.0|49.0|26.88888888888889|1.0|False|True|False|False
16227|13.0|39.0|19.153846153846153|0.0|False|False|False|False
16228|9.0|101.0|34.666666666666664|0.0|True|False|False|False
16230|10.0|51.0|22.9|1.0|False|True|False|False
16231|8.0|22.0|15.125|1.0|False|True|False|False
16232|12.0|35.0|16.5|2.0|False|True|False|False
16233|8.0|76.0|32.5|0.0|False|False|False|False
16234|8.0|83.0|32.625|1.0|True|True|False|False
16235|8.0|50.0|29.875|0.0|False|False|False|False
16236|11.0|91.0|26.181818181818183|0.0|True|False|False|False
16241|6.0|48.0|23.666666666666668|0.0|False|False|False|False
16246|10.0|45.0|23.7|0.0|False|False|False|False
16263|12.0|78.0|29.416666666666668|0.0|False|False|False|False
16264|12.0|70.0|28.166666666666668|0.0|False|False|False|False
16265|15.0|37.0|18.733333333333334|4.0|False|True|False|False
16266|16.0|65.0|24.1875|3.0|False|True|False|False
16269|9.0|43.0|25.77777777777778|0.0|False|False|False|False
16270|13.0|42.0|25.53846153846154|2.0|False|True|False|False
16273|12.0|49.0|25.333333333333332|1.0|False|True|False|False
16274|20.0|35.0|21.7|0.0|False|False|False|False
16296|13.0|103.0|22.53846153846154|1.0|True|True|False|False
16297|15.0|68.0|25.533333333333335|0.0|False|False|False|False
16301|12.0|41.0|25.75|0.0|False|False|False|False
16303|9.0|34.0|23.77777777777778|0.0|False|False|False|False
16304|9.0|43.0|22.88888888888889|0.0|False|False|False|False
16306|8.0|75.0|23.5|1.0|False|True|False|False
16307|13.0|56.0|25.692307692307693|1.0|False|True|False|False
16309|9.0|52.0|26.333333333333332|0.0|False|False|False|False
16310|15.0|41.0|22.533333333333335|0.0|False|False|False|False
16312|7.0|42.0|21.0|0.0|False|False|False|False
16332|11.0|45.0|21.545454545454547|11.0|False|True|False|False
16334|9.0|32.0|21.11111111111111|0.0|False|False|False|False
16338|22.0|67.0|22.272727272727273|22.0|False|True|False|False
16340|17.0|53.0|21.058823529411764|17.0|False|True|False|False
16343|9.0|44.0|29.22222222222222|1.0|False|True|False|False
16348|10.0|65.0|32.2|10.0|False|True|False|False
16352|8.0|37.0|22.625|8.0|False|True|False|False
16354|15.0|37.0|20.866666666666667|15.0|False|True|False|False
16355|12.0|57.0|21.25|12.0|False|True|False|False
16356|13.0|61.0|29.0|13.0|False|True|False|False
16357|18.0|98.0|27.333333333333332|0.0|True|False|False|False
16361|5.0|38.0|28.2|0.0|False|False|False|False
16362|15.0|48.0|20.466666666666665|15.0|False|True|False|False
16363|12.0|51.0|27.583333333333332|0.0|False|False|False|False
16387|5.0|94.0|35.8|0.0|True|False|False|False
16389|8.0|66.0|28.125|0.0|False|False|False|False
16392|11.0|46.0|22.181818181818183|0.0|False|False|False|False
16394|12.0|61.0|25.083333333333332|1.0|False|True|False|False
16395|8.0|41.0|26.875|0.0|False|False|False|False
16396|13.0|34.0|17.153846153846153|3.0|False|True|False|False
16397|13.0|42.0|21.615384615384617|2.0|False|True|False|False
16398|12.0|53.0|23.916666666666668|1.0|False|True|False|False
16399|11.0|40.0|24.818181818181817|2.0|False|True|False|False
16400|6.0|97.0|39.833333333333336|0.0|True|False|False|False
16402|9.0|38.0|26.22222222222222|0.0|False|False|False|False
16403|10.0|48.0|25.3|0.0|False|False|False|False
16404|8.0|43.0|24.75|0.0|False|False|False|False
16405|10.0|72.0|25.1|0.0|False|False|False|False
16406|11.0|46.0|22.90909090909091|0.0|False|False|False|False
16407|12.0|48.0|19.833333333333332|0.0|False|False|False|False
16408|12.0|52.0|23.583333333333332|0.0|False|False|False|False
16409|12.0|34.0|16.75|3.0|False|True|False|False
16410|9.0|44.0|27.88888888888889|1.0|False|True|False|False
16411|13.0|32.0|20.384615384615383|0.0|False|False|False|False
16412|15.0|49.0|20.866666666666667|1.0|False|True|False|False
16413|13.0|48.0|27.307692307692307|0.0|False|False|False|False
16415|8.0|52.0|27.875|1.0|False|True|False|False
16417|6.0|95.0|44.0|1.0|True|True|False|False
16422|7.0|65.0|30.571428571428573|0.0|False|False|False|False
16427|12.0|46.0|20.583333333333332|0.0|False|False|False|False
16428|13.0|69.0|29.076923076923077|0.0|False|False|False|False
16429|5.0|77.0|40.0|0.0|False|False|False|False
16431|10.0|45.0|24.3|1.0|False|True|False|False
16432|14.0|51.0|19.785714285714285|1.0|False|True|False|False
16433|9.0|46.0|26.77777777777778|1.0|False|True|False|False
16434|12.0|39.0|21.5|0.0|False|False|False|False
16435|8.0|101.0|28.25|0.0|True|False|False|False
16436|8.0|77.0|34.875|1.0|False|True|False|False
16437|8.0|54.0|28.5|0.0|False|False|False|False
16439|13.0|101.0|34.46153846153846|1.0|True|True|False|False
16440|14.0|41.0|21.142857142857142|3.0|False|True|False|False
16441|10.0|58.0|30.4|1.0|False|True|False|False
16442|11.0|41.0|24.181818181818183|0.0|False|False|False|False
16443|15.0|30.0|18.266666666666666|2.0|False|True|False|False
16444|15.0|53.0|22.333333333333332|0.0|False|False|False|False
16445|11.0|42.0|24.818181818181817|0.0|False|False|False|False
16446|10.0|49.0|26.4|0.0|False|False|False|False
16447|9.0|55.0|31.333333333333332|0.0|False|False|False|False
16448|13.0|43.0|21.076923076923077|3.0|False|True|False|False
16449|8.0|91.0|35.375|0.0|True|False|False|False
16450|12.0|64.0|26.333333333333332|1.0|False|True|False|False
16451|11.0|79.0|31.0|2.0|False|True|False|False
16453|4.0|85.0|46.5|1.0|True|True|False|False
16454|6.0|94.0|42.166666666666664|0.0|True|False|False|False
16455|8.0|47.0|27.875|0.0|False|False|False|False
16458|9.0|56.0|34.55555555555556|1.0|False|True|False|False
16459|6.0|45.0|35.166666666666664|0.0|False|False|False|False
16460|5.0|92.0|39.4|0.0|True|False|False|False
16461|11.0|38.0|24.454545454545453|0.0|False|False|False|False
16462|7.0|34.0|26.0|0.0|False|False|False|False
16463|7.0|67.0|26.0|1.0|False|True|False|False
16464|7.0|33.0|19.0|0.0|False|False|False|False
16466|6.0|43.0|20.833333333333332|0.0|False|False|False|False
16468|9.0|33.0|22.11111111111111|0.0|False|False|False|False
16470|10.0|49.0|27.4|0.0|False|False|False|False
16471|10.0|72.0|23.2|0.0|False|False|False|False
16472|9.0|34.0|20.22222222222222|0.0|False|False|False|False
16473|9.0|46.0|20.22222222222222|0.0|False|False|False|False
16474|10.0|45.0|25.1|1.0|False|True|False|False
16475|11.0|29.0|18.0|0.0|False|False|False|False
16476|8.0|47.0|20.375|1.0|False|True|False|False
16477|8.0|29.0|21.75|0.0|False|False|False|False
16478|8.0|30.0|22.25|0.0|False|False|False|False
16479|12.0|38.0|22.083333333333332|0.0|False|False|False|False
16480|9.0|42.0|25.88888888888889|1.0|False|True|False|False
16483|9.0|31.0|21.77777777777778|0.0|False|False|False|False
16484|11.0|38.0|21.181818181818183|1.0|False|True|False|False
16485|7.0|87.0|35.285714285714285|0.0|True|False|False|False
16490|8.0|50.0|29.125|0.0|False|False|False|False
16491|6.0|43.0|26.333333333333332|0.0|False|False|False|False
16492|9.0|30.0|19.555555555555557|0.0|False|False|False|False
16493|6.0|47.0|26.0|0.0|False|False|False|False
16494|11.0|56.0|22.181818181818183|1.0|False|True|False|False
16495|9.0|61.0|28.333333333333332|0.0|False|False|False|False
16496|7.0|33.0|18.714285714285715|0.0|False|False|False|False
16497|10.0|29.0|19.1|0.0|False|False|False|False
16498|10.0|33.0|16.6|3.0|False|True|False|False
16499|8.0|53.0|24.5|0.0|False|False|False|False
16500|10.0|35.0|18.4|0.0|False|False|False|False
16502|7.0|38.0|21.428571428571427|0.0|False|False|False|False
16503|9.0|50.0|24.88888888888889|1.0|False|True|False|False
16504|10.0|29.0|18.8|1.0|False|True|False|False
16505|9.0|37.0|20.0|0.0|False|False|False|False
16507|8.0|51.0|27.75|0.0|False|False|False|False
16508|8.0|37.0|23.375|1.0|False|True|False|False
16509|10.0|47.0|23.6|1.0|False|True|False|False
16510|7.0|39.0|26.0|0.0|False|False|False|False
16511|8.0|66.0|30.375|1.0|False|True|False|False
16514|10.0|25.0|16.4|0.0|False|False|False|False
16515|8.0|91.0|29.5|1.0|True|True|False|False
16517|6.0|55.0|24.5|0.0|False|False|False|False
16519|9.0|46.0|20.333333333333332|1.0|False|True|False|False
16520|7.0|41.0|19.428571428571427|0.0|False|False|False|False
16521|10.0|46.0|21.5|1.0|False|True|False|False
16522|12.0|31.0|20.75|1.0|False|True|False|False
16524|8.0|44.0|22.25|0.0|False|False|False|False
16525|7.0|43.0|25.857142857142858|1.0|False|True|False|False
16526|9.0|103.0|33.333333333333336|9.0|True|True|False|False
16527|8.0|65.0|32.5|8.0|False|True|False|False
16528|14.0|64.0|22.357142857142858|14.0|False|True|False|False
16529|8.0|68.0|33.0|8.0|False|True|False|False
16530|12.0|45.0|26.583333333333332|2.0|False|True|False|False
16531|15.0|51.0|24.533333333333335|0.0|False|False|False|False
16534|10.0|31.0|21.6|1.0|False|True|False|False
16536|16.0|50.0|19.75|0.0|False|False|False|False
16540|10.0|66.0|25.0|2.0|False|True|False|False
16542|10.0|38.0|23.9|0.0|False|False|False|False
16544|14.0|54.0|25.0|2.0|False|True|False|False
16546|20.0|32.0|16.6|1.0|False|True|False|False
16547|11.0|33.0|19.545454545454547|1.0|False|True|False|False
16549|14.0|25.0|16.714285714285715|2.0|False|True|False|False
16550|9.0|75.0|29.88888888888889|1.0|False|True|False|False
16553|11.0|47.0|25.181818181818183|0.0|False|False|False|False
16555|9.0|36.0|23.77777777777778|0.0|False|False|False|False
16564|16.0|50.0|21.625|3.0|False|True|False|False
16565|11.0|51.0|24.454545454545453|0.0|False|False|False|False
16566|8.0|49.0|33.125|0.0|False|False|False|False
16567|11.0|45.0|24.727272727272727|0.0|False|False|False|False
16574|7.0|34.0|18.285714285714285|1.0|False|True|False|False
16575|12.0|46.0|23.916666666666668|1.0|False|True|False|False
16576|10.0|34.0|20.0|3.0|False|True|False|False
16577|15.0|42.0|19.733333333333334|1.0|False|True|False|False
16578|13.0|38.0|23.615384615384617|0.0|False|False|False|False
16584|10.0|29.0|20.3|1.0|False|True|False|False
16585|6.0|93.0|34.0|0.0|True|False|False|False
16586|12.0|36.0|22.5|0.0|False|False|False|False
16587|9.0|90.0|27.11111111111111|0.0|True|False|False|False
16588|7.0|30.0|21.714285714285715|0.0|False|False|False|False
16589|8.0|37.0|22.5|8.0|False|True|False|False
16590|10.0|37.0|19.8|0.0|False|False|False|False
16591|7.0|49.0|29.0|0.0|False|False|False|False
16592|12.0|44.0|20.833333333333332|0.0|False|False|False|False
16594|7.0|35.0|22.0|0.0|False|False|False|False
16595|5.0|63.0|39.4|0.0|False|False|False|False
16596|8.0|69.0|29.25|0.0|False|False|False|False
16597|8.0|46.0|18.75|0.0|False|False|False|False
16598|9.0|65.0|25.444444444444443|0.0|False|False|False|False
16599|6.0|104.0|39.333333333333336|0.0|True|False|False|False
16600|6.0|72.0|38.333333333333336|0.0|False|False|False|False
16601|6.0|42.0|26.5|0.0|False|False|False|False
16604|7.0|27.0|19.857142857142858|0.0|False|False|False|False
16607|5.0|85.0|42.2|0.0|True|False|False|False
16608|5.0|108.0|40.8|0.0|True|False|False|False
16609|12.0|46.0|19.5|0.0|False|False|False|False
16610|9.0|49.0|25.555555555555557|0.0|False|False|False|False
16611|7.0|53.0|23.857142857142858|0.0|False|False|False|False
16612|7.0|49.0|33.142857142857146|0.0|False|False|False|False
16613|10.0|37.0|22.5|0.0|False|False|False|False
16614|6.0|32.0|24.0|0.0|False|False|False|False
16615|11.0|77.0|21.0|1.0|False|True|False|False
16617|9.0|31.0|20.22222222222222|0.0|False|False|False|False
16618|7.0|52.0|28.571428571428573|0.0|False|False|False|False
16619|10.0|48.0|22.8|0.0|False|False|False|False
16620|7.0|45.0|29.857142857142858|0.0|False|False|False|False
16621|10.0|54.0|22.7|1.0|False|True|False|False
16622|7.0|52.0|33.285714285714285|0.0|False|False|False|False
16623|7.0|33.0|25.0|0.0|False|False|False|False
16624|8.0|73.0|34.125|0.0|False|False|False|False
16625|5.0|51.0|28.8|0.0|False|False|False|False
16626|10.0|53.0|27.2|0.0|False|False|False|False
16627|9.0|32.0|19.88888888888889|1.0|False|True|False|False
16628|6.0|32.0|23.833333333333332|0.0|False|False|False|False
16629|9.0|39.0|19.11111111111111|0.0|False|False|False|False
16630|10.0|57.0|23.9|0.0|False|False|False|False
16631|9.0|61.0|24.88888888888889|0.0|False|False|False|False
16633|8.0|96.0|32.375|0.0|True|False|False|False
16634|9.0|45.0|22.77777777777778|0.0|False|False|False|False
16635|9.0|30.0|19.88888888888889|1.0|False|True|False|False
16636|7.0|49.0|30.428571428571427|0.0|False|False|False|False
16638|7.0|69.0|27.857142857142858|1.0|False|True|False|False
16639|4.0|63.0|36.0|0.0|False|False|False|False
16640|8.0|58.0|29.25|0.0|False|False|False|False
16641|11.0|30.0|21.09090909090909|0.0|False|False|False|False
16642|8.0|43.0|26.25|1.0|False|True|False|False
16643|8.0|37.0|25.25|0.0|False|False|False|False
16644|7.0|35.0|24.0|0.0|False|False|False|False
16645|8.0|48.0|27.75|0.0|False|False|False|False
16646|9.0|64.0|22.11111111111111|0.0|False|False|False|False
16649|10.0|38.0|20.6|1.0|False|True|False|False
16650|9.0|40.0|21.0|1.0|False|True|False|False
16652|5.0|29.0|20.8|0.0|False|False|False|False
16654|12.0|42.0|21.083333333333332|0.0|False|False|False|False
16655|7.0|53.0|35.42857142857143|0.0|False|False|False|False
16658|9.0|36.0|22.666666666666668|0.0|False|False|False|False
16659|7.0|40.0|25.285714285714285|0.0|False|False|False|False
16661|8.0|56.0|32.5|0.0|False|False|False|False
16662|8.0|39.0|30.625|0.0|False|False|False|False
16663|13.0|44.0|22.384615384615383|1.0|False|True|False|False
16664|9.0|36.0|22.22222222222222|0.0|False|False|False|False
16665|10.0|36.0|19.9|2.0|False|True|False|False
16667|9.0|39.0|21.77777777777778|1.0|False|True|False|False
16668|13.0|39.0|22.46153846153846|1.0|False|True|False|False
16669|12.0|55.0|22.5|0.0|False|False|False|False
16670|9.0|103.0|37.666666666666664|1.0|True|True|False|False
16671|9.0|55.0|30.22222222222222|0.0|False|False|False|False
16674|5.0|34.0|23.2|0.0|False|False|False|False
16675|6.0|60.0|31.0|0.0|False|False|False|False
16677|13.0|39.0|25.692307692307693|0.0|False|False|False|False
16678|10.0|48.0|24.2|0.0|False|False|False|False
16679|9.0|30.0|18.88888888888889|2.0|False|True|False|False
16680|6.0|88.0|37.166666666666664|0.0|True|False|False|False
16681|9.0|38.0|24.333333333333332|0.0|False|False|False|False
16683|7.0|57.0|25.142857142857142|0.0|False|False|False|False
16684|14.0|44.0|20.714285714285715|0.0|False|False|False|False
16686|10.0|39.0|26.3|0.0|False|False|False|False
16687|9.0|71.0|33.0|0.0|False|False|False|False
16688|11.0|44.0|24.636363636363637|0.0|False|False|False|False
16689|5.0|71.0|28.8|0.0|False|False|False|False
16690|10.0|42.0|18.2|0.0|False|False|False|False
16691|8.0|41.0|26.375|0.0|False|False|False|False
16692|9.0|35.0|25.555555555555557|0.0|False|False|False|False
16693|9.0|56.0|21.333333333333332|0.0|False|False|False|False
16695|12.0|62.0|23.416666666666668|0.0|False|False|False|False
16696|11.0|65.0|31.818181818181817|1.0|False|True|False|False
16697|13.0|40.0|18.076923076923077|1.0|False|True|False|False
16698|15.0|49.0|22.666666666666668|0.0|False|False|False|False
16699|16.0|35.0|20.375|0.0|False|False|False|False
16700|11.0|64.0|24.272727272727273|0.0|False|False|False|False
16701|12.0|46.0|23.083333333333332|0.0|False|False|False|False
16703|6.0|58.0|26.333333333333332|0.0|False|False|False|False
16705|3.0|47.0|35.333333333333336|0.0|False|False|False|False
16706|8.0|60.0|25.625|0.0|False|False|False|False
16707|12.0|37.0|21.666666666666668|1.0|False|True|False|False
16708|8.0|34.0|24.0|0.0|False|False|False|False
16711|7.0|23.0|18.285714285714285|0.0|False|False|False|False
16712|10.0|36.0|21.0|0.0|False|False|False|False
16713|5.0|43.0|32.0|0.0|False|False|False|False
16714|5.0|103.0|35.2|0.0|True|False|False|False
16715|6.0|39.0|22.166666666666668|1.0|False|True|False|False
16716|14.0|36.0|16.428571428571427|0.0|False|False|False|False
16717|7.0|83.0|34.714285714285715|0.0|True|False|False|False
16718|10.0|40.0|23.0|0.0|False|False|False|False
16720|6.0|58.0|30.5|0.0|False|False|False|False
16721|7.0|43.0|22.142857142857142|1.0|False|True|False|False
16722|9.0|35.0|20.77777777777778|0.0|False|False|False|False
16724|11.0|43.0|20.727272727272727|1.0|False|True|False|False
16725|9.0|82.0|29.0|1.0|True|True|False|False
16726|7.0|113.0|40.857142857142854|0.0|True|False|False|False
16727|8.0|40.0|23.875|0.0|False|False|False|False
16728|10.0|63.0|28.3|1.0|False|True|False|False
16729|10.0|54.0|24.2|2.0|False|True|False|False
16730|7.0|35.0|22.857142857142858|0.0|False|False|False|False
16731|6.0|48.0|29.166666666666668|1.0|False|True|False|False
16732|11.0|65.0|25.272727272727273|0.0|False|False|False|False
16733|11.0|37.0|22.181818181818183|1.0|False|True|False|False
16734|8.0|67.0|29.625|1.0|False|True|False|False
16735|10.0|109.0|29.3|2.0|True|True|False|False
16736|11.0|35.0|23.09090909090909|0.0|False|False|False|False
16737|12.0|44.0|20.833333333333332|0.0|False|False|False|False
16740|9.0|45.0|26.333333333333332|0.0|False|False|False|False
16743|14.0|47.0|19.928571428571427|9.0|False|True|False|False
16745|12.0|31.0|17.333333333333332|0.0|False|False|False|False
16747|11.0|45.0|22.90909090909091|1.0|False|True|False|False
16749|7.0|51.0|25.142857142857142|1.0|False|True|False|False
16750|11.0|28.0|17.272727272727273|1.0|False|True|False|False
16751|9.0|35.0|22.88888888888889|1.0|False|True|False|False
16752|10.0|35.0|18.6|1.0|False|True|False|False
16753|13.0|31.0|17.692307692307693|2.0|False|True|False|False
16754|14.0|34.0|15.357142857142858|3.0|False|True|False|False
16755|8.0|37.0|22.125|1.0|False|True|False|False
16757|8.0|35.0|18.125|0.0|False|False|False|False
16758|10.0|97.0|29.1|0.0|True|False|False|False
16759|10.0|34.0|22.9|0.0|False|False|False|False
16760|10.0|32.0|19.6|0.0|False|False|False|False
16761|7.0|61.0|30.0|0.0|False|False|False|False
16762|11.0|102.0|27.454545454545453|1.0|True|True|False|False
16763|10.0|50.0|23.4|0.0|False|False|False|False
16764|9.0|53.0|33.111111111111114|0.0|False|False|False|False
16765|5.0|40.0|27.4|0.0|False|False|False|False
16766|6.0|29.0|22.666666666666668|0.0|False|False|False|False
16767|9.0|70.0|27.22222222222222|0.0|False|False|False|False
16768|10.0|42.0|19.7|0.0|False|False|False|False
16769|9.0|33.0|23.666666666666668|1.0|False|True|False|False
16773|12.0|42.0|20.333333333333332|2.0|False|True|False|False
16776|10.0|51.0|30.0|0.0|False|False|False|False
16777|6.0|40.0|25.333333333333332|0.0|False|False|False|False
16778|8.0|33.0|24.625|0.0|False|False|False|False
16779|15.0|50.0|18.733333333333334|0.0|False|False|False|False
16781|5.0|56.0|31.6|0.0|False|False|False|False
16782|8.0|54.0|23.0|1.0|False|True|False|False
16784|6.0|80.0|34.0|0.0|False|False|False|False
16785|7.0|39.0|27.571428571428573|1.0|False|True|False|False
16786|9.0|32.0|19.0|0.0|False|False|False|False
16787|7.0|90.0|35.42857142857143|0.0|True|False|False|False
16788|4.0|81.0|34.75|0.0|True|False|False|False
16789|6.0|81.0|34.333333333333336|0.0|True|False|False|False
16790|10.0|41.0|21.5|0.0|False|False|False|False
16791|7.0|45.0|28.285714285714285|1.0|False|True|False|False
16792|6.0|45.0|27.333333333333332|0.0|False|False|False|False
16793|8.0|58.0|25.375|1.0|False|True|False|False
16794|8.0|107.0|37.5|1.0|True|True|False|False
16795|7.0|28.0|22.857142857142858|0.0|False|False|False|False
16796|7.0|38.0|22.142857142857142|1.0|False|True|False|False
16798|8.0|35.0|20.625|1.0|False|True|False|False
16799|4.0|35.0|25.5|0.0|False|False|False|False
16800|7.0|29.0|22.571428571428573|1.0|False|True|False|False
16801|6.0|56.0|27.5|0.0|False|False|False|False
16802|6.0|71.0|43.0|0.0|False|False|False|False
16804|7.0|64.0|32.142857142857146|0.0|False|False|False|False
16805|9.0|48.0|25.22222222222222|2.0|False|True|False|False
16808|6.0|60.0|34.666666666666664|0.0|False|False|False|False
16809|5.0|156.0|56.8|0.0|True|False|False|False
16810|9.0|25.0|18.77777777777778|0.0|False|False|False|False
16811|6.0|42.0|29.5|1.0|False|True|False|False
16816|10.0|37.0|25.9|0.0|False|False|False|False
16817|18.0|30.0|16.5|1.0|False|True|False|False
16818|10.0|41.0|24.5|0.0|False|False|False|False
16826|21.0|46.0|20.857142857142858|21.0|False|True|False|False
16827|13.0|58.0|36.0|13.0|False|True|False|False
16830|21.0|52.0|19.047619047619047|21.0|False|True|False|False
16832|18.0|28.0|18.555555555555557|18.0|False|True|False|False
16833|13.0|57.0|26.76923076923077|13.0|False|True|False|False
16835|13.0|105.0|30.46153846153846|13.0|True|True|False|False
16836|23.0|52.0|17.652173913043477|23.0|False|True|False|False
16837|19.0|43.0|28.42105263157895|19.0|False|True|False|False
16839|17.0|39.0|22.941176470588236|17.0|False|True|False|False
16843|9.0|31.0|16.88888888888889|0.0|False|False|False|False
16845|16.0|34.0|18.875|7.0|False|True|False|False
16854|12.0|76.0|25.666666666666668|2.0|False|True|False|False
16858|8.0|115.0|28.25|1.0|True|True|False|False
16860|18.0|32.0|19.27777777777778|1.0|False|True|False|False
16862|11.0|57.0|29.636363636363637|0.0|False|False|False|False
16874|8.0|57.0|27.375|0.0|False|False|False|False
16876|5.0|65.0|22.2|1.0|False|True|False|False
16881|10.0|47.0|31.8|0.0|False|False|False|False
16886|15.0|45.0|24.4|0.0|False|False|False|False
16888|9.0|43.0|27.22222222222222|0.0|False|False|False|False
16890|11.0|41.0|23.90909090909091|0.0|False|False|False|False
16891|16.0|79.0|23.6875|1.0|False|True|False|False
16892|14.0|40.0|22.142857142857142|1.0|False|True|False|False
16893|13.0|47.0|26.76923076923077|0.0|False|False|False|False
16894|14.0|71.0|24.928571428571427|0.0|False|False|False|False
16895|12.0|46.0|23.666666666666668|0.0|False|False|False|False
16896|15.0|28.0|18.933333333333334|0.0|False|False|False|False
16900|15.0|41.0|21.533333333333335|1.0|False|True|False|False
16902|18.0|100.0|23.166666666666668|0.0|True|False|False|False
16910|19.0|35.0|19.789473684210527|0.0|False|False|False|False
16912|12.0|56.0|27.25|0.0|False|False|False|False
16922|11.0|75.0|30.363636363636363|0.0|False|False|False|False
16923|9.0|83.0|38.0|1.0|True|True|False|False
16924|14.0|54.0|25.071428571428573|1.0|False|True|False|False
16925|11.0|48.0|28.09090909090909|0.0|False|False|False|False
16926|17.0|37.0|19.58823529411765|1.0|False|True|False|False
16928|11.0|141.0|33.63636363636363|1.0|True|True|False|False
16929|10.0|82.0|24.9|2.0|True|True|False|False
16930|10.0|109.0|31.5|0.0|True|False|False|False
16931|13.0|70.0|20.46153846153846|4.0|False|True|False|False
16932|13.0|31.0|20.153846153846153|2.0|False|True|False|False
16933|11.0|40.0|21.181818181818183|1.0|False|True|False|False
16936|7.0|60.0|28.857142857142858|0.0|False|False|False|False
16937|13.0|55.0|24.076923076923077|1.0|False|True|False|False
16938|12.0|63.0|20.916666666666668|0.0|False|False|False|False
16939|12.0|37.0|20.333333333333332|0.0|False|False|False|False
16940|10.0|120.0|29.0|2.0|True|True|False|False
16941|14.0|50.0|26.285714285714285|1.0|False|True|False|False
16942|7.0|62.0|32.857142857142854|0.0|False|False|False|False
16945|8.0|63.0|26.625|0.0|False|False|False|False
16947|8.0|50.0|24.375|0.0|False|False|False|False
16949|9.0|36.0|23.11111111111111|0.0|False|False|False|False
16950|14.0|40.0|19.214285714285715|0.0|False|False|False|False
16952|10.0|81.0|28.7|1.0|True|True|False|False
16954|9.0|29.0|20.555555555555557|0.0|False|False|False|False
16955|7.0|51.0|27.571428571428573|1.0|False|True|False|False
16956|9.0|46.0|24.11111111111111|0.0|False|False|False|False
16957|11.0|52.0|28.181818181818183|0.0|False|False|False|False
16959|14.0|34.0|19.642857142857142|1.0|False|True|False|False
16960|11.0|36.0|21.181818181818183|1.0|False|True|False|False
16961|5.0|86.0|31.4|0.0|True|False|False|False
16963|9.0|71.0|23.77777777777778|1.0|False|True|False|False
16976|7.0|108.0|32.142857142857146|0.0|True|False|False|False
16977|14.0|36.0|16.285714285714285|0.0|False|False|False|False
16978|13.0|43.0|20.692307692307693|1.0|False|True|False|False
16979|5.0|39.0|21.0|0.0|False|False|False|False
16982|13.0|43.0|22.076923076923077|3.0|False|True|False|False
16983|8.0|62.0|31.5|0.0|False|False|False|False
16984|8.0|29.0|22.75|0.0|False|False|False|False
16985|13.0|40.0|18.0|1.0|False|True|False|False
16987|5.0|69.0|44.2|0.0|False|False|False|False
16988|7.0|66.0|32.42857142857143|2.0|False|True|False|False
16989|8.0|56.0|28.5|0.0|False|False|False|False
16991|12.0|41.0|18.5|0.0|False|False|False|False
16993|9.0|31.0|20.666666666666668|1.0|False|True|False|False
16997|8.0|30.0|21.125|0.0|False|False|False|False
17003|10.0|35.0|23.3|0.0|False|False|False|False
17007|10.0|25.0|17.7|0.0|False|False|False|False
17009|11.0|41.0|17.454545454545453|1.0|False|True|False|False
17015|8.0|69.0|25.375|1.0|False|True|False|False
17016|9.0|39.0|26.77777777777778|0.0|False|False|False|False
17017|6.0|54.0|32.0|0.0|False|False|False|False
17023|10.0|57.0|26.3|0.0|False|False|False|False
17024|10.0|34.0|21.8|0.0|False|False|False|False
17026|7.0|30.0|23.0|1.0|False|True|False|False
17031|11.0|53.0|26.727272727272727|0.0|False|False|False|False
17032|10.0|38.0|22.9|0.0|False|False|False|False
17035|8.0|35.0|21.875|0.0|False|False|False|False
17037|7.0|37.0|25.714285714285715|0.0|False|False|False|False
17039|16.0|72.0|26.4375|16.0|False|True|False|False
17043|13.0|47.0|19.307692307692307|1.0|False|True|False|False
17045|7.0|53.0|30.142857142857142|0.0|False|False|False|False
17048|6.0|65.0|35.666666666666664|0.0|False|False|False|False
17049|10.0|84.0|24.2|1.0|True|True|False|False
17053|8.0|79.0|29.0|0.0|False|False|False|False
17054|10.0|30.0|19.9|1.0|False|True|False|False
17056|9.0|46.0|30.555555555555557|0.0|False|False|False|False
17057|8.0|76.0|29.125|0.0|False|False|False|False
17059|6.0|39.0|23.5|0.0|False|False|False|False
17060|10.0|95.0|36.9|1.0|True|True|False|False
17061|7.0|73.0|36.857142857142854|0.0|False|False|False|False
17062|8.0|40.0|23.25|0.0|False|False|False|False
17064|8.0|43.0|25.25|0.0|False|False|False|False
17066|4.0|65.0|39.5|0.0|False|False|False|False
17067|8.0|36.0|22.375|0.0|False|False|False|False
17068|13.0|42.0|26.46153846153846|0.0|False|False|False|False
17069|10.0|53.0|24.0|2.0|False|True|False|False
17070|5.0|38.0|27.8|0.0|False|False|False|False
17071|8.0|90.0|31.75|0.0|True|False|False|False
17072|11.0|47.0|19.272727272727273|2.0|False|True|False|False
17073|8.0|71.0|32.5|0.0|False|False|False|False
17074|6.0|44.0|29.0|0.0|False|False|False|False
17076|8.0|64.0|24.0|0.0|False|False|False|False
17077|10.0|92.0|27.2|0.0|True|False|False|False
17078|13.0|43.0|21.307692307692307|1.0|False|True|False|False
17079|7.0|70.0|32.0|0.0|False|False|False|False
17080|5.0|48.0|27.2|0.0|False|False|False|False
17083|10.0|35.0|20.8|0.0|False|False|False|False
17084|9.0|39.0|22.11111111111111|1.0|False|True|False|False
17086|10.0|30.0|18.5|0.0|False|False|False|False
17087|7.0|36.0|22.857142857142858|0.0|False|False|False|False
17089|8.0|28.0|19.75|0.0|False|False|False|False
17090|6.0|61.0|27.666666666666668|0.0|False|False|False|False
17091|6.0|29.0|22.833333333333332|0.0|False|False|False|False
17094|8.0|50.0|25.0|2.0|False|True|False|False
17095|9.0|56.0|25.77777777777778|0.0|False|False|False|False
17096|12.0|37.0|17.666666666666668|2.0|False|True|False|False
17099|9.0|53.0|25.11111111111111|0.0|False|False|False|False
17100|8.0|32.0|22.625|0.0|False|False|False|False
17102|10.0|43.0|24.3|0.0|False|False|False|False
17104|9.0|40.0|24.88888888888889|0.0|False|False|False|False
17107|7.0|42.0|26.857142857142858|1.0|False|True|False|False
17108|7.0|86.0|41.285714285714285|1.0|True|True|False|False
17110|8.0|51.0|27.875|0.0|False|False|False|False
17111|5.0|107.0|35.4|0.0|True|False|False|False
17113|5.0|39.0|27.0|0.0|False|False|False|False
17114|12.0|40.0|20.166666666666668|0.0|False|False|False|False
17115|7.0|30.0|19.0|1.0|False|True|False|False
17116|7.0|31.0|21.714285714285715|1.0|False|True|False|False
17117|6.0|72.0|34.5|0.0|False|False|False|False
17118|9.0|48.0|26.555555555555557|0.0|False|False|False|False
17119|10.0|38.0|22.4|1.0|False|True|False|False
17120|7.0|107.0|30.714285714285715|1.0|True|True|False|False
17121|8.0|46.0|28.125|1.0|False|True|False|False
17122|8.0|68.0|29.75|1.0|False|True|False|False
17137|7.0|30.0|17.714285714285715|2.0|False|True|False|False
17138|10.0|31.0|18.5|1.0|False|True|False|False
17140|7.0|37.0|23.0|0.0|False|False|False|False
17141|13.0|60.0|20.76923076923077|1.0|False|True|False|False
17144|12.0|42.0|18.416666666666668|1.0|False|True|False|False
17145|10.0|49.0|24.0|1.0|False|True|False|False
17146|7.0|39.0|33.285714285714285|2.0|False|True|False|False
17147|16.0|29.0|14.4375|3.0|False|True|False|False
17153|8.0|40.0|26.5|0.0|False|False|False|False
17154|6.0|101.0|42.0|0.0|True|False|False|False
17155|8.0|56.0|25.5|1.0|False|True|False|False
17156|9.0|51.0|25.444444444444443|2.0|False|True|False|False
17157|7.0|50.0|29.428571428571427|0.0|False|False|False|False
17158|8.0|43.0|25.75|0.0|False|False|False|False
17165|12.0|30.0|19.416666666666668|0.0|False|False|False|False
17167|8.0|41.0|23.25|0.0|False|False|False|False
17176|11.0|35.0|18.636363636363637|1.0|False|True|False|False
17177|6.0|58.0|25.666666666666668|0.0|False|False|False|False
17178|4.0|78.0|38.75|0.0|False|False|False|False
17179|9.0|37.0|20.77777777777778|0.0|False|False|False|False
17180|4.0|31.0|19.75|0.0|False|False|False|False
17181|7.0|52.0|24.714285714285715|1.0|False|True|False|False
17182|6.0|119.0|41.666666666666664|0.0|True|False|False|False
17183|12.0|37.0|20.75|0.0|False|False|False|False
17184|7.0|33.0|21.285714285714285|0.0|False|False|False|False
17187|9.0|36.0|25.77777777777778|0.0|False|False|False|False
17188|9.0|30.0|18.444444444444443|0.0|False|False|False|False
17190|5.0|30.0|21.0|0.0|False|False|False|False
17191|6.0|79.0|37.166666666666664|1.0|False|True|False|False
17192|6.0|170.0|50.833333333333336|1.0|True|True|False|False
17193|6.0|27.0|17.166666666666668|1.0|False|True|False|False
17194|8.0|31.0|19.125|1.0|False|True|False|False
17206|2.0|20.0|18.5|1.0|False|True|False|False
17216|11.0|42.0|23.363636363636363|0.0|False|False|False|False
17220|7.0|26.0|20.571428571428573|0.0|False|False|False|False
17222|4.0|85.0|49.5|0.0|True|False|False|False
17223|7.0|50.0|24.714285714285715|0.0|False|False|False|False
17228|7.0|62.0|34.285714285714285|1.0|False|True|False|False
17229|9.0|60.0|27.666666666666668|3.0|False|True|False|False
17232|12.0|30.0|20.25|0.0|False|False|False|False
17233|12.0|27.0|18.833333333333332|2.0|False|True|False|False
17234|8.0|52.0|25.25|0.0|False|False|False|False
17235|9.0|39.0|24.555555555555557|1.0|False|True|False|False
17236|6.0|51.0|32.0|1.0|False|True|False|False
17237|10.0|37.0|22.3|2.0|False|True|False|False
17238|10.0|75.0|38.1|0.0|False|False|False|False
17239|7.0|51.0|25.571428571428573|0.0|False|False|False|False
17244|10.0|29.0|20.4|0.0|False|False|False|False
17246|9.0|42.0|19.22222222222222|0.0|False|False|False|False
17247|6.0|33.0|22.166666666666668|0.0|False|False|False|False
17248|6.0|24.0|17.166666666666668|0.0|False|False|False|False
17249|8.0|42.0|21.125|1.0|False|True|False|False
17250|5.0|67.0|34.6|0.0|False|False|False|False
17251|8.0|43.0|24.125|0.0|False|False|False|False
17252|6.0|86.0|42.833333333333336|0.0|True|False|False|False
17253|7.0|50.0|24.428571428571427|0.0|False|False|False|False
17254|5.0|59.0|30.0|0.0|False|False|False|False
17255|12.0|31.0|22.0|1.0|False|True|False|False
17260|12.0|35.0|19.5|0.0|False|False|False|False
17264|17.0|37.0|16.0|1.0|False|True|False|False
17270|8.0|95.0|38.125|0.0|True|False|False|False
17274|9.0|48.0|24.555555555555557|0.0|False|False|False|False
17276|6.0|30.0|19.166666666666668|0.0|False|False|False|False
17277|9.0|39.0|23.0|1.0|False|True|False|False
17280|6.0|39.0|22.5|0.0|False|False|False|False
17286|10.0|57.0|27.2|0.0|False|False|False|False
17287|6.0|28.0|21.166666666666668|0.0|False|False|False|False
17289|10.0|44.0|25.5|3.0|False|True|False|False
17291|8.0|62.0|30.625|0.0|False|False|False|False
17292|9.0|48.0|24.444444444444443|0.0|False|False|False|False
17298|8.0|36.0|23.0|0.0|False|False|False|False
17301|7.0|89.0|27.428571428571427|0.0|True|False|False|False
17302|9.0|39.0|22.77777777777778|1.0|False|True|False|False
17303|8.0|32.0|23.875|0.0|False|False|False|False
17304|9.0|44.0|23.444444444444443|1.0|False|True|False|False
17305|8.0|20.0|15.375|0.0|False|False|False|False
17306|9.0|43.0|25.88888888888889|2.0|False|True|False|False
17309|14.0|47.0|20.571428571428573|4.0|False|True|False|False
17312|9.0|35.0|25.77777777777778|0.0|False|False|False|False
17315|7.0|26.0|21.0|0.0|False|False|False|False
17316|5.0|36.0|28.0|0.0|False|False|False|False
17318|9.0|59.0|29.22222222222222|0.0|False|False|False|False
17320|6.0|43.0|28.166666666666668|0.0|False|False|False|False
17321|10.0|43.0|22.5|0.0|False|False|False|False
17322|12.0|66.0|28.25|3.0|False|True|False|False
17323|14.0|38.0|18.642857142857142|2.0|False|True|False|False
17324|11.0|66.0|26.454545454545453|2.0|False|True|False|False
17325|9.0|45.0|25.11111111111111|0.0|False|False|False|False
17326|8.0|38.0|24.875|0.0|False|False|False|False
17327|8.0|41.0|24.25|1.0|False|True|False|False
17328|8.0|71.0|27.875|0.0|False|False|False|False
17329|8.0|31.0|17.25|0.0|False|False|False|False
17331|10.0|39.0|25.7|1.0|False|True|False|False
17332|10.0|51.0|28.0|1.0|False|True|False|False
17333|14.0|52.0|25.071428571428573|2.0|False|True|False|False
17334|9.0|49.0|22.11111111111111|9.0|False|True|False|False
17335|16.0|76.0|32.0|16.0|False|True|False|False
17336|16.0|76.0|31.625|16.0|False|True|False|False
17337|12.0|41.0|20.083333333333332|1.0|False|True|False|False
17338|9.0|70.0|33.22222222222222|0.0|False|False|False|False
17340|7.0|50.0|26.285714285714285|1.0|False|True|False|False
17341|9.0|50.0|20.444444444444443|1.0|False|True|False|False
17342|6.0|48.0|30.166666666666668|0.0|False|False|False|False
17344|12.0|41.0|24.0|1.0|False|True|False|False
17345|1.0|75.0|75.0|0.0|False|False|True|True
17348|4.0|37.0|30.25|0.0|False|False|False|False
17350|4.0|54.0|39.25|0.0|False|False|False|False
17351|13.0|41.0|18.615384615384617|0.0|False|False|False|False
17352|17.0|87.0|35.35294117647059|6.0|True|True|False|False
17353|15.0|67.0|22.333333333333332|1.0|False|True|False|False
17354|12.0|54.0|23.333333333333332|2.0|False|True|False|False
17355|15.0|60.0|32.13333333333333|2.0|False|True|False|False
17356|13.0|39.0|25.923076923076923|0.0|False|False|False|False
17357|24.0|42.0|21.708333333333332|2.0|False|True|False|False
17358|21.0|65.0|23.761904761904763|2.0|False|True|False|False
17359|26.0|43.0|19.923076923076923|4.0|False|True|False|False
17360|13.0|33.0|22.76923076923077|1.0|False|True|False|False
17361|10.0|38.0|21.2|0.0|False|False|False|False
17362|17.0|40.0|17.41176470588235|1.0|False|True|False|False
17365|10.0|33.0|20.1|2.0|False|True|False|False
17366|8.0|28.0|15.5|0.0|False|False|False|False
17367|14.0|59.0|17.785714285714285|3.0|False|True|False|False
17368|20.0|32.0|15.45|2.0|False|True|False|False
17369|9.0|37.0|25.11111111111111|9.0|False|True|False|False
17370|6.0|25.0|20.0|1.0|False|True|False|False
17371|8.0|62.0|30.75|0.0|False|False|False|False
17372|6.0|43.0|21.833333333333332|0.0|False|False|False|False
17373|32.0|41.0|21.28125|5.0|False|True|False|False
17375|14.0|34.0|19.428571428571427|1.0|False|True|False|False
17376|21.0|46.0|19.80952380952381|1.0|False|True|False|False
17377|9.0|141.0|46.888888888888886|1.0|True|True|False|False
17378|24.0|22.0|13.25|2.0|False|True|False|False
17380|5.0|60.0|30.4|0.0|False|False|False|False
17382|19.0|63.0|23.0|2.0|False|True|False|False
17383|9.0|48.0|25.88888888888889|1.0|False|True|False|False
17384|6.0|37.0|25.333333333333332|0.0|False|False|False|False
17385|2.0|73.0|69.5|0.0|False|False|False|False
17386|7.0|25.0|21.285714285714285|0.0|False|False|False|False
17387|13.0|76.0|23.384615384615383|0.0|False|False|False|False
17389|9.0|36.0|23.444444444444443|0.0|False|False|False|False
17391|9.0|56.0|21.666666666666668|5.0|False|True|False|False
17392|6.0|35.0|25.833333333333332|0.0|False|False|False|False
17393|7.0|58.0|21.285714285714285|1.0|False|True|False|False
17394|13.0|31.0|15.615384615384615|6.0|False|True|False|False
17395|18.0|61.0|18.38888888888889|2.0|False|True|False|False
17397|13.0|54.0|31.384615384615383|0.0|False|False|False|False
17399|4.0|42.0|31.0|0.0|False|False|False|False
17401|12.0|37.0|24.5|0.0|False|False|False|False
17402|6.0|50.0|35.5|0.0|False|False|False|False
17404|21.0|68.0|31.61904761904762|0.0|False|False|False|False
17405|15.0|63.0|28.4|0.0|False|False|False|False
17408|25.0|25.0|14.72|6.0|False|True|False|False
17409|9.0|26.0|16.77777777777778|1.0|False|True|False|False
17411|2.0|93.0|69.5|0.0|True|False|False|False
17412|17.0|70.0|29.941176470588236|0.0|False|False|False|False
17413|6.0|44.0|23.666666666666668|0.0|False|False|False|False
17414|7.0|44.0|28.0|0.0|False|False|False|False
17415|14.0|41.0|21.357142857142858|1.0|False|True|False|False
17417|14.0|31.0|15.5|2.0|False|True|False|False
17418|19.0|31.0|17.63157894736842|2.0|False|True|False|False
17419|26.0|37.0|19.53846153846154|4.0|False|True|False|False
17421|6.0|58.0|29.166666666666668|1.0|False|True|False|False
17422|4.0|99.0|39.75|1.0|True|True|False|False
17423|5.0|62.0|35.0|1.0|False|True|False|False
17424|35.0|46.0|21.457142857142856|3.0|False|True|False|False
17425|4.0|56.0|34.0|0.0|False|False|False|False
17426|6.0|84.0|40.333333333333336|1.0|True|True|False|False
17427|9.0|62.0|22.0|1.0|False|True|False|False
17428|8.0|43.0|24.875|2.0|False|True|False|False
17429|4.0|71.0|34.75|4.0|False|True|False|False
17431|3.0|183.0|86.33333333333333|1.0|True|True|False|False
17432|4.0|76.0|43.75|2.0|False|True|False|False
17433|16.0|34.0|20.625|0.0|False|False|False|False
17434|19.0|30.0|14.894736842105264|3.0|False|True|False|False
17435|8.0|37.0|24.5|1.0|False|True|False|False
17436|18.0|42.0|24.055555555555557|2.0|False|True|False|False
17437|11.0|76.0|34.09090909090909|0.0|False|False|False|False
17438|15.0|34.0|18.933333333333334|2.0|False|True|False|False
17439|15.0|40.0|21.8|0.0|False|False|False|False
17441|34.0|38.0|18.91176470588235|1.0|False|True|False|False
17442|15.0|32.0|21.666666666666668|1.0|False|True|False|False
17443|15.0|30.0|20.2|0.0|False|False|False|False
17444|15.0|28.0|17.733333333333334|3.0|False|True|False|False
17445|23.0|52.0|21.130434782608695|0.0|False|False|False|False
17446|15.0|58.0|24.266666666666666|0.0|False|False|False|False
17447|30.0|35.0|20.3|4.0|False|True|False|False
17448|7.0|104.0|43.0|0.0|True|False|False|False
17449|24.0|53.0|17.583333333333332|3.0|False|True|False|False
17450|45.0|53.0|13.333333333333334|13.0|False|True|False|False
17451|14.0|40.0|25.142857142857142|14.0|False|True|False|False
17452|5.0|83.0|34.0|0.0|True|False|False|False
17453|9.0|32.0|17.88888888888889|1.0|False|True|False|False
17454|8.0|32.0|23.875|0.0|False|False|False|False
17455|10.0|34.0|18.1|0.0|False|False|False|False
17457|8.0|96.0|36.5|0.0|True|False|False|False
17459|12.0|26.0|17.25|1.0|False|True|False|False
17462|9.0|38.0|24.11111111111111|0.0|False|False|False|False
17463|9.0|44.0|20.333333333333332|3.0|False|True|False|False
17464|8.0|55.0|25.5|0.0|False|False|False|False
17467|16.0|42.0|22.5625|16.0|False|True|False|False
17468|10.0|51.0|23.3|0.0|False|False|False|False
17469|9.0|51.0|26.0|0.0|False|False|False|False
17470|9.0|43.0|29.555555555555557|0.0|False|False|False|False
17473|9.0|36.0|21.88888888888889|1.0|False|True|False|False
17474|22.0|36.0|20.59090909090909|0.0|False|False|False|False
17475|3.0|94.0|46.0|1.0|True|True|False|False
17476|23.0|60.0|22.695652173913043|1.0|False|True|False|False
17477|13.0|30.0|16.153846153846153|3.0|False|True|False|False
17478|3.0|53.0|43.333333333333336|0.0|False|False|False|False
17479|6.0|35.0|22.166666666666668|0.0|False|False|False|False
17480|18.0|61.0|23.5|0.0|False|False|False|False
17481|6.0|42.0|20.5|1.0|False|True|False|False
17482|4.0|62.0|39.75|0.0|False|False|False|False
17483|1.0|180.0|180.0|0.0|True|False|True|True
17484|9.0|35.0|23.666666666666668|0.0|False|False|False|False
17485|10.0|34.0|16.6|1.0|False|True|False|False
17486|5.0|25.0|20.0|1.0|False|True|False|False
17487|10.0|33.0|21.9|0.0|False|False|False|False
17488|6.0|32.0|21.833333333333332|1.0|False|True|False|False
17489|29.0|44.0|23.586206896551722|2.0|False|True|False|False
17490|9.0|35.0|19.444444444444443|0.0|False|False|False|False
17491|25.0|43.0|22.32|1.0|False|True|False|False
17492|1.0|173.0|173.0|0.0|True|False|True|True
17493|33.0|47.0|18.606060606060606|8.0|False|True|False|False
17494|7.0|39.0|25.857142857142858|0.0|False|False|False|False
17495|22.0|72.0|26.5|0.0|False|False|False|False
17496|12.0|45.0|20.666666666666668|2.0|False|True|False|False
17497|3.0|66.0|34.666666666666664|0.0|False|False|False|False
17498|4.0|32.0|23.75|0.0|False|False|False|False
17499|24.0|61.0|21.375|3.0|False|True|False|False
17500|13.0|36.0|17.384615384615383|1.0|False|True|False|False
17501|28.0|75.0|25.892857142857142|3.0|False|True|False|False
17502|8.0|29.0|21.25|0.0|False|False|False|False
17504|7.0|44.0|22.571428571428573|0.0|False|False|False|False
17505|4.0|55.0|32.25|0.0|False|False|False|False
17506|6.0|24.0|17.166666666666668|1.0|False|True|False|False
17507|3.0|49.0|41.0|0.0|False|False|False|False
17508|13.0|38.0|18.923076923076923|0.0|False|False|False|False
17509|6.0|71.0|27.166666666666668|1.0|False|True|False|False
17510|5.0|52.0|39.8|0.0|False|False|False|False
17511|7.0|44.0|23.857142857142858|1.0|False|True|False|False
17512|4.0|63.0|34.5|0.0|False|False|False|False
17513|5.0|43.0|35.8|0.0|False|False|False|False
17515|3.0|50.0|33.0|0.0|False|False|False|False
17516|3.0|55.0|39.666666666666664|0.0|False|False|False|False
17517|6.0|31.0|21.833333333333332|1.0|False|True|False|False
17518|10.0|38.0|19.3|1.0|False|True|False|False
17519|7.0|56.0|31.0|2.0|False|True|False|False
17520|6.0|54.0|28.0|0.0|False|False|False|False
17521|7.0|42.0|21.571428571428573|4.0|False|True|False|False
17522|12.0|57.0|24.0|12.0|False|True|False|False
17523|6.0|80.0|38.5|1.0|False|True|False|False
17524|7.0|32.0|16.714285714285715|0.0|False|False|False|False
17525|9.0|88.0|26.88888888888889|1.0|True|True|False|False
17526|3.0|16.0|13.333333333333334|0.0|False|False|False|False
17527|5.0|82.0|35.6|0.0|True|False|False|False
17528|20.0|47.0|21.6|0.0|False|False|False|False
17529|12.0|53.0|24.166666666666668|3.0|False|True|False|False
17530|16.0|34.0|18.0|2.0|False|True|False|False
17531|7.0|51.0|29.714285714285715|7.0|False|True|False|False
17532|8.0|55.0|26.125|1.0|False|True|False|False
17533|4.0|85.0|36.25|0.0|True|False|False|False
17534|2.0|127.0|84.0|0.0|True|False|False|False
17535|23.0|65.0|25.869565217391305|2.0|False|True|False|False
17536|4.0|55.0|42.75|0.0|False|False|False|False
17538|7.0|61.0|29.714285714285715|0.0|False|False|False|False
17539|4.0|50.0|30.75|1.0|False|True|False|False
17540|13.0|46.0|20.76923076923077|1.0|False|True|False|False
17541|11.0|64.0|22.363636363636363|1.0|False|True|False|False
17542|25.0|40.0|19.64|1.0|False|True|False|False
17543|16.0|55.0|21.8125|0.0|False|False|False|False
17544|29.0|43.0|20.344827586206897|6.0|False|True|False|False
17545|33.0|36.0|18.303030303030305|33.0|False|True|False|False
17546|2.0|44.0|23.0|1.0|False|True|False|False
17547|31.0|53.0|19.64516129032258|4.0|False|True|False|False
17548|26.0|45.0|19.653846153846153|3.0|False|True|False|False
17549|15.0|35.0|21.466666666666665|1.0|False|True|False|False
17550|13.0|57.0|32.53846153846154|2.0|False|True|False|False
17551|25.0|41.0|18.16|5.0|False|True|False|False
17552|13.0|29.0|17.076923076923077|2.0|False|True|False|False
17553|7.0|32.0|20.571428571428573|1.0|False|True|False|False
17554|4.0|40.0|28.75|0.0|False|False|False|False
17557|21.0|44.0|24.142857142857142|1.0|False|True|False|False
17559|14.0|66.0|25.285714285714285|1.0|False|True|False|False
17560|17.0|41.0|18.88235294117647|3.0|False|True|False|False
17561|5.0|34.0|22.6|0.0|False|False|False|False
17562|5.0|33.0|22.2|0.0|False|False|False|False
17563|15.0|67.0|22.6|1.0|False|True|False|False
17564|18.0|37.0|16.5|2.0|False|True|False|False
17565|7.0|30.0|19.428571428571427|2.0|False|True|False|False
17566|37.0|57.0|21.27027027027027|3.0|False|True|False|False
17567|8.0|38.0|22.875|0.0|False|False|False|False
17568|17.0|62.0|19.235294117647058|2.0|False|True|False|False
17569|10.0|78.0|27.9|0.0|False|False|False|False
17570|9.0|42.0|20.444444444444443|3.0|False|True|False|False
17571|15.0|29.0|17.333333333333332|4.0|False|True|False|False
17572|34.0|42.0|19.764705882352942|5.0|False|True|False|False
17573|5.0|35.0|25.0|0.0|False|False|False|False
17577|5.0|46.0|29.0|0.0|False|False|False|False
17578|8.0|151.0|45.375|0.0|True|False|False|False
17580|17.0|40.0|19.235294117647058|1.0|False|True|False|False
17581|9.0|33.0|18.666666666666668|1.0|False|True|False|False
17582|15.0|33.0|17.0|2.0|False|True|False|False
17583|6.0|35.0|22.666666666666668|2.0|False|True|False|False
17584|13.0|27.0|19.0|1.0|False|True|False|False
17585|4.0|49.0|29.25|0.0|False|False|False|False
17586|11.0|48.0|22.181818181818183|0.0|False|False|False|False
17587|11.0|99.0|30.272727272727273|2.0|True|True|False|False
17588|8.0|36.0|21.375|0.0|False|False|False|False
17589|6.0|24.0|17.833333333333332|1.0|False|True|False|False
17590|6.0|104.0|65.5|0.0|True|False|False|False
17591|8.0|33.0|22.5|0.0|False|False|False|False
17592|4.0|157.0|59.75|0.0|True|False|False|False
17593|2.0|29.0|25.5|0.0|False|False|False|False
17595|8.0|38.0|23.25|1.0|False|True|False|False
17597|7.0|60.0|32.857142857142854|0.0|False|False|False|False
17598|6.0|70.0|40.5|0.0|False|False|False|False
17599|8.0|35.0|19.625|1.0|False|True|False|False
17600|14.0|40.0|19.357142857142858|0.0|False|False|False|False
17603|7.0|42.0|22.857142857142858|0.0|False|False|False|False
17604|12.0|46.0|20.416666666666668|1.0|False|True|False|False
17605|15.0|72.0|35.2|15.0|False|True|False|False
17606|10.0|56.0|22.8|1.0|False|True|False|False
17607|6.0|33.0|20.666666666666668|0.0|False|False|False|False
17608|17.0|29.0|16.470588235294116|3.0|False|True|False|False
17609|5.0|33.0|23.2|0.0|False|False|False|False
17613|13.0|63.0|30.23076923076923|0.0|False|False|False|False
17614|13.0|64.0|30.384615384615383|0.0|False|False|False|False
17616|9.0|62.0|30.11111111111111|0.0|False|False|False|False
17617|7.0|24.0|14.857142857142858|1.0|False|True|False|False
17618|20.0|51.0|22.65|20.0|False|True|False|False
17621|9.0|45.0|25.444444444444443|0.0|False|False|False|False
17622|26.0|40.0|16.576923076923077|2.0|False|True|False|False
17623|7.0|114.0|47.857142857142854|0.0|True|False|False|False
17624|34.0|42.0|19.61764705882353|7.0|False|True|False|False
17625|10.0|54.0|23.5|0.0|False|False|False|False
17627|24.0|35.0|18.208333333333332|4.0|False|True|False|False
17628|4.0|28.0|15.0|0.0|False|False|False|False
17629|29.0|41.0|22.896551724137932|4.0|False|True|False|False
17630|29.0|43.0|21.0|7.0|False|True|False|False
17631|12.0|38.0|16.333333333333332|0.0|False|False|False|False
17632|18.0|59.0|20.5|1.0|False|True|False|False
17633|16.0|57.0|28.0|16.0|False|True|False|False
17634|17.0|52.0|26.41176470588235|17.0|False|True|False|False
17635|8.0|65.0|34.125|2.0|False|True|False|False
17636|5.0|44.0|27.0|5.0|False|True|False|False
17637|18.0|42.0|20.77777777777778|18.0|False|True|False|False
17638|7.0|81.0|42.57142857142857|0.0|True|False|False|False
17639|8.0|30.0|21.625|0.0|False|False|False|False
17640|6.0|75.0|42.5|0.0|False|False|False|False
17641|7.0|27.0|20.285714285714285|0.0|False|False|False|False
17642|12.0|30.0|18.416666666666668|1.0|False|True|False|False
17643|7.0|52.0|22.571428571428573|1.0|False|True|False|False
17644|9.0|80.0|34.333333333333336|1.0|False|True|False|False
17645|9.0|82.0|34.333333333333336|1.0|True|True|False|False
17646|16.0|47.0|17.0|2.0|False|True|False|False
17647|8.0|51.0|24.125|1.0|False|True|False|False
17648|9.0|44.0|18.666666666666668|2.0|False|True|False|False
17649|4.0|73.0|35.25|0.0|False|False|False|False
17650|6.0|47.0|24.166666666666668|1.0|False|True|False|False
17654|7.0|44.0|24.428571428571427|0.0|False|False|False|False
17656|10.0|40.0|21.8|0.0|False|False|False|False
17657|7.0|32.0|24.857142857142858|0.0|False|False|False|False
17658|10.0|44.0|22.1|0.0|False|False|False|False
17660|16.0|28.0|17.8125|16.0|False|True|False|False
17661|8.0|28.0|17.75|2.0|False|True|False|False
17662|6.0|98.0|39.333333333333336|0.0|True|False|False|False
17663|22.0|41.0|20.636363636363637|3.0|False|True|False|False
17665|4.0|32.0|23.75|0.0|False|False|False|False
17666|6.0|41.0|27.666666666666668|0.0|False|False|False|False
17667|4.0|52.0|38.75|0.0|False|False|False|False
17668|8.0|42.0|25.25|2.0|False|True|False|False
17669|9.0|40.0|23.11111111111111|1.0|False|True|False|False
17670|8.0|32.0|22.0|0.0|False|False|False|False
17671|10.0|43.0|21.6|0.0|False|False|False|False
17672|6.0|73.0|31.666666666666668|0.0|False|False|False|False
17673|4.0|43.0|26.75|0.0|False|False|False|False
17674|8.0|33.0|20.625|1.0|False|True|False|False
17675|8.0|54.0|23.25|0.0|False|False|False|False
17676|4.0|48.0|32.75|0.0|False|False|False|False
17678|4.0|28.0|16.75|2.0|False|True|False|False
17680|8.0|36.0|22.25|8.0|False|True|False|False
17682|8.0|51.0|25.625|8.0|False|True|False|False
17683|3.0|60.0|43.666666666666664|0.0|False|False|False|False
17684|22.0|29.0|17.5|22.0|False|True|False|False
17685|3.0|23.0|15.0|3.0|False|True|False|False
17686|5.0|39.0|20.8|5.0|False|True|False|False
17687|15.0|44.0|25.6|15.0|False|True|False|False
17688|3.0|22.0|19.333333333333332|3.0|False|True|False|False
17689|7.0|40.0|22.714285714285715|1.0|False|True|False|False
17690|10.0|70.0|21.3|10.0|False|True|False|False
17691|7.0|28.0|20.428571428571427|0.0|False|False|False|False
17692|4.0|34.0|29.5|0.0|False|False|False|False
17693|5.0|67.0|37.4|0.0|False|False|False|False
17694|4.0|53.0|35.75|0.0|False|False|False|False
17695|6.0|41.0|28.5|0.0|False|False|False|False
17697|3.0|79.0|53.333333333333336|0.0|False|False|False|False
17698|6.0|50.0|32.333333333333336|1.0|False|True|False|False
17699|17.0|44.0|18.41176470588235|17.0|False|True|False|False
17700|7.0|28.0|23.285714285714285|0.0|False|False|False|False
17701|9.0|31.0|21.22222222222222|0.0|False|False|False|False
17702|3.0|73.0|54.333333333333336|0.0|False|False|False|False
17703|26.0|42.0|20.923076923076923|3.0|False|True|False|False
17704|2.0|71.0|65.5|0.0|False|False|False|False
17705|7.0|63.0|27.142857142857142|0.0|False|False|False|False
17706|4.0|59.0|38.0|0.0|False|False|False|False
17707|12.0|44.0|21.583333333333332|12.0|False|True|False|False
17708|8.0|36.0|20.125|1.0|False|True|False|False
17709|1.0|116.0|116.0|0.0|True|False|True|True
17711|11.0|72.0|17.727272727272727|1.0|False|True|False|False
17713|6.0|35.0|24.166666666666668|0.0|False|False|False|False
17714|8.0|41.0|29.25|0.0|False|False|False|False
17715|17.0|52.0|19.88235294117647|2.0|False|True|False|False
17716|5.0|38.0|25.8|0.0|False|False|False|False
17717|5.0|48.0|36.6|0.0|False|False|False|False
17718|7.0|42.0|22.428571428571427|1.0|False|True|False|False
17719|5.0|41.0|32.6|0.0|False|False|False|False
17720|2.0|33.0|29.5|0.0|False|False|False|False
17721|7.0|61.0|28.571428571428573|2.0|False|True|False|False
17722|10.0|28.0|16.2|3.0|False|True|False|False
17723|11.0|45.0|20.636363636363637|2.0|False|True|False|False
17724|11.0|34.0|19.181818181818183|0.0|False|False|False|False
17725|9.0|51.0|20.555555555555557|0.0|False|False|False|False
17726|12.0|31.0|20.166666666666668|1.0|False|True|False|False
17727|9.0|91.0|35.333333333333336|0.0|True|False|False|False
17728|7.0|36.0|21.285714285714285|1.0|False|True|False|False
17729|4.0|46.0|30.25|0.0|False|False|False|False
17730|2.0|118.0|67.5|0.0|True|False|False|False
17731|9.0|40.0|21.77777777777778|1.0|False|True|False|False
17732|6.0|36.0|25.666666666666668|0.0|False|False|False|False
17733|12.0|34.0|20.916666666666668|0.0|False|False|False|False
17735|8.0|62.0|29.125|1.0|False|True|False|False
17736|7.0|64.0|22.857142857142858|3.0|False|True|False|False
17737|9.0|23.0|16.22222222222222|1.0|False|True|False|False
17740|25.0|30.0|14.68|6.0|False|True|False|False
17742|8.0|56.0|25.75|1.0|False|True|False|False
17743|12.0|95.0|33.583333333333336|1.0|True|True|False|False
17744|15.0|45.0|26.133333333333333|1.0|False|True|False|False
17745|10.0|51.0|17.2|1.0|False|True|False|False
17746|11.0|18.0|10.818181818181818|4.0|False|True|False|False
17747|1.0|56.0|56.0|0.0|False|False|True|False
17748|3.0|73.0|50.0|0.0|False|False|False|False
17749|10.0|80.0|30.6|0.0|False|False|False|False
17750|7.0|40.0|23.714285714285715|0.0|False|False|False|False
17751|5.0|33.0|25.8|0.0|False|False|False|False
17752|8.0|40.0|24.5|0.0|False|False|False|False
17753|7.0|23.0|16.571428571428573|1.0|False|True|False|False
17754|16.0|50.0|24.0625|0.0|False|False|False|False
17756|15.0|39.0|19.333333333333332|1.0|False|True|False|False
17757|12.0|37.0|22.75|0.0|False|False|False|False
17758|4.0|43.0|35.0|0.0|False|False|False|False
17759|9.0|37.0|23.444444444444443|0.0|False|False|False|False
17765|17.0|34.0|18.529411764705884|5.0|False|True|False|False
17768|10.0|41.0|22.2|0.0|False|False|False|False
17769|29.0|44.0|23.06896551724138|6.0|False|True|False|False
17771|7.0|92.0|31.857142857142858|0.0|True|False|False|False
17772|9.0|29.0|23.0|0.0|False|False|False|False
17774|7.0|76.0|28.857142857142858|0.0|False|False|False|False
17775|9.0|42.0|20.22222222222222|1.0|False|True|False|False
17776|15.0|46.0|21.533333333333335|2.0|False|True|False|False
17777|27.0|42.0|20.666666666666668|5.0|False|True|False|False
17778|27.0|43.0|21.296296296296298|5.0|False|True|False|False
17779|30.0|91.0|22.466666666666665|8.0|True|True|False|False
17781|19.0|58.0|28.842105263157894|0.0|False|False|False|False
17782|20.0|36.0|17.75|3.0|False|True|False|False
17783|23.0|40.0|22.17391304347826|2.0|False|True|False|False
17785|7.0|38.0|25.428571428571427|1.0|False|True|False|False
17786|8.0|71.0|31.125|0.0|False|False|False|False
17787|9.0|32.0|21.22222222222222|0.0|False|False|False|False
17788|10.0|73.0|23.8|0.0|False|False|False|False
17791|9.0|46.0|24.77777777777778|0.0|False|False|False|False
17792|13.0|31.0|22.846153846153847|1.0|False|True|False|False
17794|14.0|34.0|20.214285714285715|1.0|False|True|False|False
17795|43.0|57.0|20.348837209302324|7.0|False|True|False|False
17796|6.0|44.0|28.5|0.0|False|False|False|False
17797|26.0|48.0|23.53846153846154|3.0|False|True|False|False
17798|11.0|33.0|22.09090909090909|0.0|False|False|False|False
17802|9.0|22.0|15.222222222222221|1.0|False|True|False|False
17803|12.0|41.0|20.0|1.0|False|True|False|False
17804|10.0|52.0|26.1|1.0|False|True|False|False
17806|9.0|37.0|22.11111111111111|1.0|False|True|False|False
17807|4.0|56.0|43.25|0.0|False|False|False|False
17808|8.0|48.0|27.75|0.0|False|False|False|False
17809|9.0|47.0|23.88888888888889|1.0|False|True|False|False
17810|11.0|91.0|32.36363636363637|1.0|True|True|False|False
17815|9.0|73.0|29.77777777777778|0.0|False|False|False|False
17816|12.0|27.0|18.916666666666668|0.0|False|False|False|False
17817|5.0|54.0|29.6|0.0|False|False|False|False
17818|8.0|32.0|19.0|0.0|False|False|False|False
17820|12.0|86.0|20.25|1.0|True|True|False|False
17823|13.0|27.0|19.53846153846154|1.0|False|True|False|False
17826|11.0|113.0|36.36363636363637|1.0|True|True|False|False
17829|8.0|34.0|21.375|0.0|False|False|False|False
17830|8.0|55.0|22.875|0.0|False|False|False|False
17831|8.0|39.0|18.625|0.0|False|False|False|False
17834|7.0|31.0|22.857142857142858|0.0|False|False|False|False
17837|8.0|44.0|29.125|0.0|False|False|False|False
17838|9.0|64.0|31.0|0.0|False|False|False|False
17839|6.0|38.0|25.166666666666668|0.0|False|False|False|False
17840|8.0|84.0|31.25|0.0|True|False|False|False
17841|10.0|50.0|27.0|2.0|False|True|False|False
17842|7.0|64.0|40.142857142857146|0.0|False|False|False|False
17843|11.0|54.0|26.272727272727273|0.0|False|False|False|False
17844|15.0|49.0|23.666666666666668|0.0|False|False|False|False
17845|6.0|200.0|56.166666666666664|0.0|True|False|False|False
17846|14.0|47.0|23.214285714285715|0.0|False|False|False|False
17847|18.0|34.0|20.055555555555557|0.0|False|False|False|False
17848|10.0|81.0|32.0|0.0|True|False|False|False
17849|8.0|55.0|30.0|0.0|False|False|False|False
17850|6.0|34.0|27.833333333333332|0.0|False|False|False|False
17851|11.0|41.0|21.818181818181817|0.0|False|False|False|False
17852|13.0|35.0|20.307692307692307|0.0|False|False|False|False
17853|11.0|39.0|24.0|0.0|False|False|False|False
17854|15.0|34.0|19.0|1.0|False|True|False|False
17856|8.0|49.0|26.75|0.0|False|False|False|False
17857|9.0|31.0|20.22222222222222|0.0|False|False|False|False
17858|10.0|33.0|23.3|0.0|False|False|False|False
17860|11.0|41.0|25.0|0.0|False|False|False|False
17861|17.0|68.0|22.529411764705884|1.0|False|True|False|False
17862|18.0|38.0|18.055555555555557|1.0|False|True|False|False
17863|10.0|38.0|22.0|0.0|False|False|False|False
17864|11.0|45.0|15.909090909090908|1.0|False|True|False|False
17865|16.0|36.0|22.625|0.0|False|False|False|False
17866|17.0|67.0|23.58823529411765|1.0|False|True|False|False
17867|16.0|60.0|28.75|0.0|False|False|False|False
17868|7.0|70.0|28.571428571428573|1.0|False|True|False|False
17869|12.0|70.0|32.583333333333336|0.0|False|False|False|False
17870|12.0|30.0|16.5|3.0|False|True|False|False
17871|14.0|41.0|19.071428571428573|1.0|False|True|False|False
17872|8.0|45.0|29.875|1.0|False|True|False|False
17873|16.0|52.0|23.875|1.0|False|True|False|False
17874|13.0|65.0|31.153846153846153|1.0|False|True|False|False
17875|8.0|47.0|31.625|0.0|False|False|False|False
17876|12.0|43.0|25.5|0.0|False|False|False|False
17877|12.0|41.0|25.0|12.0|False|True|False|False
17878|10.0|38.0|19.7|0.0|False|False|False|False
17879|8.0|44.0|25.375|8.0|False|True|False|False
17880|10.0|30.0|23.8|0.0|False|False|False|False
17881|8.0|35.0|25.375|8.0|False|True|False|False
17882|11.0|69.0|27.727272727272727|11.0|False|True|False|False
17884|9.0|42.0|25.444444444444443|9.0|False|True|False|False
17886|11.0|36.0|21.636363636363637|0.0|False|False|False|False
17887|11.0|41.0|27.454545454545453|11.0|False|True|False|False
17888|5.0|55.0|42.0|5.0|False|True|False|False
17889|10.0|43.0|31.1|0.0|False|False|False|False
17890|12.0|42.0|24.916666666666668|12.0|False|True|False|False
17891|8.0|32.0|24.875|8.0|False|True|False|False
17892|14.0|33.0|20.5|3.0|False|True|False|False
17893|10.0|35.0|25.7|10.0|False|True|False|False
17894|10.0|33.0|22.9|2.0|False|True|False|False
17895|9.0|43.0|27.11111111111111|9.0|False|True|False|False
17896|8.0|45.0|25.125|8.0|False|True|False|False
17898|6.0|65.0|25.833333333333332|0.0|False|False|False|False
17899|8.0|44.0|29.125|0.0|False|False|False|False
17900|8.0|55.0|23.625|0.0|False|False|False|False
17901|4.0|37.0|26.5|0.0|False|False|False|False
17902|7.0|42.0|24.714285714285715|0.0|False|False|False|False
17903|11.0|44.0|21.454545454545453|0.0|False|False|False|False
17904|8.0|70.0|27.5|0.0|False|False|False|False
17905|9.0|57.0|28.22222222222222|0.0|False|False|False|False
17906|12.0|42.0|25.25|0.0|False|False|False|False
17908|7.0|36.0|24.714285714285715|1.0|False|True|False|False
17909|10.0|37.0|20.6|0.0|False|False|False|False
17910|4.0|56.0|32.75|0.0|False|False|False|False
17911|11.0|45.0|20.818181818181817|0.0|False|False|False|False
17912|10.0|40.0|28.8|0.0|False|False|False|False
17913|8.0|82.0|28.875|0.0|True|False|False|False
17914|9.0|36.0|25.77777777777778|0.0|False|False|False|False
17915|9.0|52.0|30.11111111111111|0.0|False|False|False|False
17916|11.0|42.0|21.818181818181817|0.0|False|False|False|False
17917|11.0|42.0|20.90909090909091|2.0|False|True|False|False
17918|4.0|28.0|20.5|4.0|False|True|False|False
17919|6.0|50.0|24.666666666666668|0.0|False|False|False|False
17920|9.0|58.0|19.88888888888889|0.0|False|False|False|False
17921|6.0|41.0|30.166666666666668|1.0|False|True|False|False
17922|14.0|50.0|21.714285714285715|14.0|False|True|False|False
17923|10.0|44.0|19.5|3.0|False|True|False|False
17924|10.0|36.0|21.3|2.0|False|True|False|False
17925|9.0|43.0|25.11111111111111|1.0|False|True|False|False
17926|9.0|52.0|24.11111111111111|0.0|False|False|False|False
17927|12.0|41.0|21.333333333333332|1.0|False|True|False|False
17928|11.0|42.0|23.90909090909091|1.0|False|True|False|False
17929|13.0|31.0|18.923076923076923|2.0|False|True|False|False
17930|13.0|26.0|18.923076923076923|0.0|False|False|False|False
17933|14.0|61.0|22.142857142857142|2.0|False|True|False|False
17934|10.0|37.0|23.8|2.0|False|True|False|False
17935|15.0|33.0|21.0|0.0|False|False|False|False
17936|10.0|36.0|18.7|1.0|False|True|False|False
17937|11.0|31.0|18.727272727272727|0.0|False|False|False|False
17938|6.0|77.0|30.333333333333332|0.0|False|False|False|False
17939|14.0|32.0|20.642857142857142|2.0|False|True|False|False
17941|14.0|91.0|25.571428571428573|1.0|True|True|False|False
17942|12.0|49.0|21.166666666666668|2.0|False|True|False|False
17943|17.0|26.0|16.058823529411764|2.0|False|True|False|False
17944|9.0|24.0|12.0|3.0|False|True|False|False
17945|13.0|48.0|19.53846153846154|0.0|False|False|False|False
17946|15.0|32.0|19.066666666666666|3.0|False|True|False|False
17947|10.0|58.0|30.2|0.0|False|False|False|False
17948|17.0|75.0|27.294117647058822|1.0|False|True|False|False
17949|20.0|75.0|27.25|0.0|False|False|False|False
17950|12.0|41.0|19.833333333333332|1.0|False|True|False|False
17951|13.0|26.0|18.615384615384617|0.0|False|False|False|False
17952|6.0|37.0|26.666666666666668|0.0|False|False|False|False
17954|8.0|32.0|24.375|0.0|False|False|False|False
17955|10.0|90.0|25.5|0.0|True|False|False|False
17956|12.0|71.0|27.916666666666668|0.0|False|False|False|False
17957|13.0|57.0|25.076923076923077|0.0|False|False|False|False
17958|11.0|73.0|35.09090909090909|0.0|False|False|False|False
17959|11.0|47.0|25.363636363636363|0.0|False|False|False|False
17960|9.0|50.0|23.77777777777778|0.0|False|False|False|False
17961|8.0|57.0|30.625|0.0|False|False|False|False
17962|9.0|84.0|24.666666666666668|1.0|True|True|False|False
17963|14.0|58.0|23.142857142857142|1.0|False|True|False|False
17964|7.0|110.0|39.714285714285715|0.0|True|False|False|False
17965|9.0|66.0|25.22222222222222|0.0|False|False|False|False
17966|13.0|52.0|22.384615384615383|0.0|False|False|False|False
17967|12.0|54.0|27.75|0.0|False|False|False|False
17968|13.0|52.0|27.153846153846153|0.0|False|False|False|False
17969|15.0|49.0|20.266666666666666|1.0|False|True|False|False
17970|13.0|42.0|25.923076923076923|1.0|False|True|False|False
17972|16.0|55.0|24.125|0.0|False|False|False|False
17973|17.0|63.0|27.235294117647058|17.0|False|True|False|False
17974|19.0|35.0|23.42105263157895|19.0|False|True|False|False
17975|12.0|49.0|22.083333333333332|1.0|False|True|False|False
17976|18.0|49.0|24.944444444444443|18.0|False|True|False|False
17978|12.0|47.0|26.25|12.0|False|True|False|False
17979|9.0|76.0|34.888888888888886|9.0|False|True|False|False
17980|13.0|38.0|23.846153846153847|13.0|False|True|False|False
17981|14.0|33.0|15.285714285714286|14.0|False|True|False|False
17982|11.0|45.0|24.727272727272727|11.0|False|True|False|False
17983|8.0|56.0|24.75|8.0|False|True|False|False
17984|14.0|38.0|19.857142857142858|14.0|False|True|False|False
17985|11.0|42.0|21.727272727272727|1.0|False|True|False|False
17986|7.0|57.0|33.142857142857146|0.0|False|False|False|False
17987|12.0|51.0|27.166666666666668|12.0|False|True|False|False
17988|16.0|49.0|24.0625|16.0|False|True|False|False
17989|16.0|42.0|23.1875|16.0|False|True|False|False
17990|6.0|41.0|36.333333333333336|0.0|False|False|False|False
17991|7.0|53.0|30.428571428571427|0.0|False|False|False|False
17992|8.0|40.0|20.625|0.0|False|False|False|False
17993|5.0|25.0|21.4|0.0|False|False|False|False
17994|9.0|53.0|26.11111111111111|0.0|False|False|False|False
17995|8.0|51.0|21.875|0.0|False|False|False|False
17996|7.0|59.0|34.0|0.0|False|False|False|False
17997|13.0|62.0|27.53846153846154|0.0|False|False|False|False
17998|14.0|37.0|21.5|1.0|False|True|False|False
17999|10.0|44.0|25.6|0.0|False|False|False|False
18000|10.0|47.0|26.9|3.0|False|True|False|False
18001|3.0|22.0|19.333333333333332|0.0|False|False|False|False
18003|12.0|58.0|24.5|12.0|False|True|False|False
18004|3.0|39.0|27.0|1.0|False|True|False|False
18006|12.0|47.0|16.833333333333332|0.0|False|False|False|False
18008|14.0|94.0|27.428571428571427|0.0|True|False|False|False
18013|3.0|48.0|30.666666666666668|0.0|False|False|False|False
18016|19.0|34.0|20.894736842105264|0.0|False|False|False|False
18017|5.0|29.0|22.0|0.0|False|False|False|False
18018|5.0|44.0|29.4|5.0|False|True|False|False
18019|19.0|35.0|24.210526315789473|19.0|False|True|False|False
18020|21.0|26.0|14.904761904761905|1.0|False|True|False|False
18022|19.0|35.0|18.157894736842106|19.0|False|True|False|False
18023|11.0|61.0|25.272727272727273|11.0|False|True|False|False
18024|17.0|39.0|23.647058823529413|17.0|False|True|False|False
18025|19.0|32.0|19.526315789473685|19.0|False|True|False|False
18026|6.0|48.0|29.5|1.0|False|True|False|False
18027|7.0|83.0|29.142857142857142|1.0|True|True|False|False
18028|10.0|36.0|19.6|0.0|False|False|False|False
18029|8.0|43.0|23.75|0.0|False|False|False|False
18031|9.0|36.0|23.333333333333332|0.0|False|False|False|False
18032|11.0|53.0|25.90909090909091|0.0|False|False|False|False
18033|14.0|28.0|18.285714285714285|2.0|False|True|False|False
18034|8.0|40.0|25.875|0.0|False|False|False|False
18035|16.0|35.0|21.0|1.0|False|True|False|False
18036|8.0|66.0|37.75|0.0|False|False|False|False
18037|13.0|47.0|26.0|0.0|False|False|False|False
18038|14.0|49.0|24.428571428571427|14.0|False|True|False|False
18039|9.0|89.0|29.88888888888889|0.0|True|False|False|False
18040|13.0|38.0|19.615384615384617|5.0|False|True|False|False
18041|8.0|66.0|33.125|0.0|False|False|False|False
18042|7.0|50.0|28.285714285714285|0.0|False|False|False|False
18043|12.0|34.0|22.416666666666668|0.0|False|False|False|False
18044|5.0|61.0|33.8|0.0|False|False|False|False
18045|9.0|54.0|21.444444444444443|0.0|False|False|False|False
18046|5.0|34.0|29.0|0.0|False|False|False|False
18047|10.0|46.0|22.0|0.0|False|False|False|False
18048|8.0|49.0|24.125|1.0|False|True|False|False
18049|7.0|59.0|31.857142857142858|0.0|False|False|False|False
18050|9.0|58.0|25.666666666666668|0.0|False|False|False|False
18051|6.0|47.0|24.833333333333332|0.0|False|False|False|False
18052|7.0|60.0|25.142857142857142|0.0|False|False|False|False
18053|14.0|101.0|24.142857142857142|0.0|True|False|False|False
18054|19.0|29.0|17.894736842105264|19.0|False|True|False|False
18055|13.0|39.0|25.53846153846154|13.0|False|True|False|False
18056|8.0|46.0|30.125|0.0|False|False|False|False
18057|10.0|34.0|19.3|0.0|False|False|False|False
18058|17.0|34.0|20.176470588235293|1.0|False|True|False|False
18059|9.0|64.0|29.333333333333332|2.0|False|True|False|False
18060|7.0|33.0|23.571428571428573|1.0|False|True|False|False
18061|19.0|37.0|22.157894736842106|1.0|False|True|False|False
18062|7.0|41.0|26.0|1.0|False|True|False|False
18063|11.0|35.0|21.181818181818183|0.0|False|False|False|False
18064|9.0|51.0|21.333333333333332|0.0|False|False|False|False
18065|8.0|58.0|28.875|0.0|False|False|False|False
18066|8.0|39.0|21.0|0.0|False|False|False|False
18067|7.0|87.0|35.857142857142854|1.0|True|True|False|False
18068|4.0|124.0|61.75|0.0|True|False|False|False
18070|11.0|38.0|24.545454545454547|0.0|False|False|False|False
18071|11.0|67.0|30.90909090909091|1.0|False|True|False|False
18072|6.0|47.0|28.5|0.0|False|False|False|False
18073|9.0|54.0|24.77777777777778|0.0|False|False|False|False
18074|7.0|67.0|25.428571428571427|0.0|False|False|False|False
18075|11.0|34.0|20.272727272727273|2.0|False|True|False|False
18076|7.0|59.0|30.714285714285715|0.0|False|False|False|False
18078|6.0|51.0|35.166666666666664|0.0|False|False|False|False
18080|11.0|44.0|20.636363636363637|2.0|False|True|False|False
18081|8.0|46.0|26.125|0.0|False|False|False|False
18082|9.0|29.0|24.11111111111111|0.0|False|False|False|False
18083|6.0|50.0|25.166666666666668|0.0|False|False|False|False
18084|11.0|36.0|21.545454545454547|1.0|False|True|False|False
18085|8.0|55.0|25.0|0.0|False|False|False|False
18095|8.0|43.0|27.125|0.0|False|False|False|False
18097|11.0|38.0|23.636363636363637|1.0|False|True|False|False
18098|9.0|30.0|24.0|0.0|False|False|False|False
18099|9.0|38.0|20.666666666666668|2.0|False|True|False|False
18100|7.0|50.0|30.142857142857142|1.0|False|True|False|False
18103|14.0|22.0|16.142857142857142|0.0|False|False|False|False
18104|8.0|37.0|25.375|0.0|False|False|False|False
18106|8.0|34.0|25.875|1.0|False|True|False|False
18107|8.0|43.0|27.25|0.0|False|False|False|False
18108|11.0|28.0|18.545454545454547|0.0|False|False|False|False
18109|9.0|34.0|25.0|1.0|False|True|False|False
18110|9.0|39.0|22.88888888888889|1.0|False|True|False|False
18112|11.0|37.0|22.181818181818183|0.0|False|False|False|False
18113|13.0|30.0|21.076923076923077|1.0|False|True|False|False
18114|7.0|66.0|31.0|0.0|False|False|False|False
18116|9.0|39.0|23.77777777777778|0.0|False|False|False|False
18118|10.0|60.0|26.9|0.0|False|False|False|False
18119|5.0|36.0|21.4|0.0|False|False|False|False
18120|10.0|39.0|17.9|0.0|False|False|False|False
18121|8.0|48.0|23.75|0.0|False|False|False|False
18122|13.0|36.0|19.0|1.0|False|True|False|False
18123|12.0|50.0|26.25|2.0|False|True|False|False
18124|7.0|42.0|23.714285714285715|0.0|False|False|False|False
18125|10.0|49.0|28.1|0.0|False|False|False|False
18127|10.0|46.0|25.5|0.0|False|False|False|False
18129|10.0|46.0|27.5|0.0|False|False|False|False
18130|9.0|33.0|24.333333333333332|0.0|False|False|False|False
18131|13.0|44.0|22.0|13.0|False|True|False|False
18133|17.0|43.0|24.529411764705884|17.0|False|True|False|False
18135|12.0|44.0|23.416666666666668|0.0|False|False|False|False
18136|14.0|35.0|21.214285714285715|1.0|False|True|False|False
18138|12.0|42.0|23.083333333333332|0.0|False|False|False|False
18139|11.0|37.0|23.90909090909091|0.0|False|False|False|False
18140|7.0|53.0|33.714285714285715|0.0|False|False|False|False
18141|11.0|65.0|25.636363636363637|2.0|False|True|False|False
18142|16.0|46.0|24.0|16.0|False|True|False|False
18143|5.0|43.0|27.6|0.0|False|False|False|False
18144|7.0|41.0|21.714285714285715|0.0|False|False|False|False
18145|6.0|19.0|15.833333333333334|0.0|False|False|False|False
18146|9.0|42.0|23.333333333333332|0.0|False|False|False|False
18147|15.0|43.0|20.4|0.0|False|False|False|False
18148|5.0|28.0|23.0|0.0|False|False|False|False
18149|11.0|50.0|24.818181818181817|1.0|False|True|False|False
18150|20.0|71.0|23.65|1.0|False|True|False|False
18151|11.0|27.0|18.272727272727273|0.0|False|False|False|False
18152|16.0|72.0|25.875|1.0|False|True|False|False
18153|9.0|57.0|25.77777777777778|0.0|False|False|False|False
18157|11.0|30.0|20.90909090909091|0.0|False|False|False|False
18158|7.0|47.0|32.42857142857143|0.0|False|False|False|False
18159|11.0|85.0|27.363636363636363|0.0|True|False|False|False
18161|9.0|80.0|29.666666666666668|0.0|False|False|False|False
18162|10.0|55.0|25.1|1.0|False|True|False|False
18163|9.0|61.0|20.22222222222222|1.0|False|True|False|False
18164|15.0|36.0|21.8|15.0|False|True|False|False
18165|8.0|43.0|24.125|0.0|False|False|False|False
18166|10.0|31.0|19.1|0.0|False|False|False|False
18167|10.0|55.0|20.9|0.0|False|False|False|False
18168|9.0|55.0|28.22222222222222|0.0|False|False|False|False
18169|9.0|34.0|22.22222222222222|0.0|False|False|False|False
18170|8.0|55.0|30.25|0.0|False|False|False|False
18171|9.0|66.0|28.444444444444443|0.0|False|False|False|False
18172|15.0|47.0|20.0|0.0|False|False|False|False
18173|10.0|45.0|24.7|1.0|False|True|False|False
18174|10.0|36.0|21.9|0.0|False|False|False|False
18175|11.0|31.0|23.272727272727273|0.0|False|False|False|False
18176|13.0|51.0|26.0|13.0|False|True|False|False
18177|13.0|80.0|28.46153846153846|13.0|False|True|False|False
18178|8.0|76.0|30.875|0.0|False|False|False|False
18180|15.0|30.0|19.0|0.0|False|False|False|False
18181|14.0|50.0|27.142857142857142|14.0|False|True|False|False
18182|17.0|103.0|28.235294117647058|0.0|True|False|False|False
18183|14.0|39.0|22.571428571428573|0.0|False|False|False|False
18184|16.0|38.0|19.3125|0.0|False|False|False|False
18185|8.0|85.0|37.75|1.0|True|True|False|False
18186|7.0|92.0|29.428571428571427|1.0|True|True|False|False
18190|6.0|27.0|19.333333333333332|1.0|False|True|False|False
18191|12.0|30.0|20.083333333333332|4.0|False|True|False|False
18193|8.0|75.0|27.5|0.0|False|False|False|False
18194|7.0|54.0|27.714285714285715|1.0|False|True|False|False
18195|8.0|48.0|21.125|0.0|False|False|False|False
18196|9.0|35.0|21.444444444444443|0.0|False|False|False|False
18197|6.0|106.0|37.5|0.0|True|False|False|False
18199|10.0|48.0|24.3|0.0|False|False|False|False
18200|9.0|78.0|37.44444444444444|3.0|False|True|False|False
18201|7.0|28.0|15.571428571428571|2.0|False|True|False|False
18202|10.0|26.0|20.1|2.0|False|True|False|False
18203|8.0|88.0|28.125|1.0|True|True|False|False
18204|9.0|37.0|20.77777777777778|1.0|False|True|False|False
18205|11.0|79.0|36.45454545454545|0.0|False|False|False|False
18206|19.0|39.0|20.473684210526315|19.0|False|True|False|False
18207|9.0|68.0|25.88888888888889|0.0|False|False|False|False
18208|6.0|55.0|28.666666666666668|0.0|False|False|False|False
18209|8.0|58.0|31.125|0.0|False|False|False|False
18210|16.0|50.0|22.875|0.0|False|False|False|False
18211|7.0|62.0|31.571428571428573|0.0|False|False|False|False
18212|15.0|36.0|21.0|1.0|False|True|False|False
18213|26.0|51.0|20.692307692307693|4.0|False|True|False|False
18215|8.0|96.0|35.75|0.0|True|False|False|False
18216|9.0|43.0|32.0|9.0|False|True|False|False
18217|12.0|35.0|18.666666666666668|12.0|False|True|False|False
18218|7.0|89.0|30.571428571428573|0.0|True|False|False|False
18219|8.0|26.0|16.5|1.0|False|True|False|False
18220|11.0|56.0|24.09090909090909|0.0|False|False|False|False
18221|10.0|23.0|16.6|1.0|False|True|False|False
18222|12.0|47.0|21.666666666666668|0.0|False|False|False|False
18223|6.0|33.0|24.833333333333332|6.0|False|True|False|False
18225|14.0|33.0|20.357142857142858|14.0|False|True|False|False
18226|10.0|52.0|29.0|10.0|False|True|False|False
18227|8.0|32.0|20.125|1.0|False|True|False|False
18228|10.0|33.0|24.8|10.0|False|True|False|False
18229|14.0|40.0|24.785714285714285|1.0|False|True|False|False
18231|13.0|41.0|21.0|2.0|False|True|False|False
18233|10.0|43.0|26.9|0.0|False|False|False|False
18234|8.0|42.0|24.25|0.0|False|False|False|False
18235|17.0|57.0|25.823529411764707|0.0|False|False|False|False
18237|10.0|90.0|35.7|0.0|True|False|False|False
18238|14.0|35.0|23.642857142857142|0.0|False|False|False|False
18239|7.0|74.0|43.142857142857146|0.0|False|False|False|False
18240|10.0|57.0|25.4|0.0|False|False|False|False
18241|12.0|37.0|21.666666666666668|3.0|False|True|False|False
18242|8.0|73.0|38.375|0.0|False|False|False|False
18243|8.0|48.0|33.75|0.0|False|False|False|False
18244|9.0|73.0|31.666666666666668|1.0|False|True|False|False
18245|9.0|66.0|25.0|0.0|False|False|False|False
18246|9.0|28.0|24.0|0.0|False|False|False|False
18247|7.0|50.0|26.285714285714285|0.0|False|False|False|False
18248|12.0|39.0|21.583333333333332|0.0|False|False|False|False
18249|14.0|32.0|20.928571428571427|14.0|False|True|False|False
18250|12.0|32.0|20.416666666666668|12.0|False|True|False|False
18252|7.0|47.0|32.857142857142854|0.0|False|False|False|False
18253|15.0|42.0|23.4|0.0|False|False|False|False
18254|11.0|37.0|20.272727272727273|11.0|False|True|False|False
18255|7.0|44.0|21.0|0.0|False|False|False|False
18256|9.0|70.0|28.77777777777778|0.0|False|False|False|False
18257|5.0|45.0|23.4|0.0|False|False|False|False
18258|8.0|22.0|16.625|0.0|False|False|False|False
18259|9.0|93.0|32.666666666666664|0.0|True|False|False|False
18260|11.0|49.0|23.90909090909091|1.0|False|True|False|False
18261|4.0|64.0|55.75|0.0|False|False|False|False
18262|6.0|43.0|30.166666666666668|0.0|False|False|False|False
18263|3.0|15.0|9.666666666666666|1.0|False|True|False|False
18264|4.0|76.0|38.25|0.0|False|False|False|False
18265|12.0|37.0|23.416666666666668|12.0|False|True|False|False
18266|10.0|46.0|19.0|1.0|False|True|False|False
18267|8.0|45.0|25.625|1.0|False|True|False|False
18268|10.0|39.0|26.6|0.0|False|False|False|False
18269|10.0|55.0|24.0|1.0|False|True|False|False
18270|10.0|50.0|26.4|0.0|False|False|False|False
18271|7.0|96.0|37.42857142857143|1.0|True|True|False|False
18272|9.0|79.0|31.666666666666668|0.0|False|False|False|False
18273|9.0|60.0|48.666666666666664|0.0|False|False|False|False
18274|7.0|49.0|32.57142857142857|0.0|False|False|False|False
18275|5.0|118.0|60.0|0.0|True|False|False|False
18276|8.0|42.0|25.875|0.0|False|False|False|False
18277|5.0|67.0|35.0|0.0|False|False|False|False
18278|13.0|28.0|18.53846153846154|1.0|False|True|False|False
18279|9.0|37.0|20.11111111111111|1.0|False|True|False|False
18280|7.0|57.0|29.142857142857142|0.0|False|False|False|False
18281|8.0|43.0|27.875|0.0|False|False|False|False
18282|9.0|32.0|20.77777777777778|1.0|False|True|False|False
18283|8.0|47.0|25.0|0.0|False|False|False|False
18284|11.0|40.0|20.90909090909091|1.0|False|True|False|False
18285|12.0|48.0|28.416666666666668|1.0|False|True|False|False
18286|13.0|30.0|19.923076923076923|0.0|False|False|False|False
18288|11.0|62.0|24.818181818181817|0.0|False|False|False|False
18289|7.0|31.0|22.714285714285715|0.0|False|False|False|False
18290|10.0|41.0|27.7|0.0|False|False|False|False
18293|6.0|43.0|30.5|0.0|False|False|False|False
18294|11.0|65.0|23.454545454545453|0.0|False|False|False|False
18295|22.0|57.0|22.545454545454547|22.0|False|True|False|False
18297|16.0|49.0|18.125|2.0|False|True|False|False
18299|15.0|52.0|17.8|15.0|False|True|False|False
18300|11.0|65.0|34.63636363636363|11.0|False|True|False|False
18305|21.0|36.0|20.428571428571427|21.0|False|True|False|False
18306|19.0|62.0|19.210526315789473|19.0|False|True|False|False
18307|18.0|35.0|19.555555555555557|1.0|False|True|False|False
18308|15.0|37.0|21.133333333333333|1.0|False|True|False|False
18309|14.0|38.0|20.928571428571427|2.0|False|True|False|False
18310|14.0|56.0|23.571428571428573|2.0|False|True|False|False
18311|16.0|34.0|20.5625|0.0|False|False|False|False
18312|10.0|36.0|24.6|0.0|False|False|False|False
18313|13.0|38.0|25.692307692307693|0.0|False|False|False|False
18314|14.0|49.0|24.785714285714285|0.0|False|False|False|False
18315|12.0|65.0|28.0|0.0|False|False|False|False
18317|11.0|38.0|28.0|0.0|False|False|False|False
18318|5.0|26.0|20.8|0.0|False|False|False|False
18319|12.0|60.0|23.5|1.0|False|True|False|False
18320|12.0|65.0|31.666666666666668|0.0|False|False|False|False
18321|2.0|22.0|18.5|0.0|False|False|False|False
18322|11.0|35.0|23.09090909090909|0.0|False|False|False|False
18323|15.0|106.0|27.933333333333334|1.0|True|True|False|False
18324|8.0|37.0|22.0|0.0|False|False|False|False
18325|9.0|35.0|24.333333333333332|0.0|False|False|False|False
18327|5.0|81.0|42.8|0.0|True|False|False|False
18328|2.0|19.0|17.5|0.0|False|False|False|False
18329|7.0|99.0|36.857142857142854|0.0|True|False|False|False
18330|12.0|42.0|23.166666666666668|0.0|False|False|False|False
18331|12.0|40.0|20.25|0.0|False|False|False|False
18332|12.0|32.0|21.083333333333332|1.0|False|True|False|False
18333|12.0|35.0|17.416666666666668|1.0|False|True|False|False
18334|5.0|43.0|26.2|0.0|False|False|False|False
18335|12.0|35.0|20.166666666666668|0.0|False|False|False|False
18336|11.0|68.0|26.818181818181817|0.0|False|False|False|False
18337|14.0|40.0|22.285714285714285|0.0|False|False|False|False
18338|7.0|59.0|35.0|0.0|False|False|False|False
18339|15.0|42.0|19.933333333333334|0.0|False|False|False|False
18340|9.0|52.0|26.0|0.0|False|False|False|False
18341|8.0|42.0|21.625|0.0|False|False|False|False
18343|13.0|38.0|23.46153846153846|0.0|False|False|False|False
18344|9.0|73.0|32.77777777777778|0.0|False|False|False|False
18345|15.0|59.0|22.4|0.0|False|False|False|False
18346|6.0|125.0|51.833333333333336|0.0|True|False|False|False
18347|12.0|39.0|18.916666666666668|0.0|False|False|False|False
18348|15.0|44.0|25.0|0.0|False|False|False|False
18349|9.0|28.0|20.333333333333332|0.0|False|False|False|False
18350|11.0|40.0|27.0|0.0|False|False|False|False
18351|10.0|47.0|27.0|0.0|False|False|False|False
18352|10.0|34.0|24.5|1.0|False|True|False|False
18353|11.0|35.0|19.272727272727273|3.0|False|True|False|False
18354|7.0|75.0|25.428571428571427|0.0|False|False|False|False
18355|13.0|57.0|21.23076923076923|6.0|False|True|False|False
18356|10.0|52.0|24.9|0.0|False|False|False|False
18357|9.0|80.0|24.77777777777778|0.0|False|False|False|False
18358|8.0|25.0|19.75|0.0|False|False|False|False
18359|12.0|34.0|17.833333333333332|2.0|False|True|False|False
18360|8.0|200.0|44.75|0.0|True|False|False|False
18361|8.0|30.0|20.125|0.0|False|False|False|False
18362|12.0|35.0|24.333333333333332|0.0|False|False|False|False
18363|5.0|57.0|26.6|1.0|False|True|False|False
18365|12.0|34.0|23.25|0.0|False|False|False|False
18366|8.0|45.0|28.625|0.0|False|False|False|False
18367|7.0|26.0|22.857142857142858|0.0|False|False|False|False
18368|11.0|50.0|22.727272727272727|0.0|False|False|False|False
18369|5.0|37.0|28.4|0.0|False|False|False|False
18371|7.0|36.0|26.571428571428573|0.0|False|False|False|False
18373|11.0|29.0|20.0|0.0|False|False|False|False
18375|10.0|33.0|21.5|0.0|False|False|False|False
18376|12.0|48.0|18.833333333333332|1.0|False|True|False|False
18377|11.0|52.0|26.272727272727273|2.0|False|True|False|False
18378|12.0|45.0|20.583333333333332|0.0|False|False|False|False
18379|10.0|43.0|22.8|0.0|False|False|False|False
18380|9.0|88.0|33.44444444444444|1.0|True|True|False|False
18381|5.0|73.0|38.8|0.0|False|False|False|False
18382|8.0|79.0|29.0|2.0|False|True|False|False
18384|12.0|26.0|19.75|1.0|False|True|False|False
18386|10.0|76.0|32.3|0.0|False|False|False|False
18387|12.0|43.0|21.5|1.0|False|True|False|False
18388|10.0|45.0|21.7|1.0|False|True|False|False
18389|6.0|30.0|22.666666666666668|0.0|False|False|False|False
18390|11.0|72.0|27.454545454545453|0.0|False|False|False|False
18391|7.0|24.0|18.428571428571427|1.0|False|True|False|False
18392|12.0|34.0|22.833333333333332|0.0|False|False|False|False
18393|15.0|47.0|21.133333333333333|1.0|False|True|False|False
18394|10.0|33.0|21.1|0.0|False|False|False|False
18396|15.0|45.0|18.933333333333334|1.0|False|True|False|False
18397|12.0|25.0|19.416666666666668|0.0|False|False|False|False
18399|16.0|50.0|24.0|0.0|False|False|False|False
18400|12.0|53.0|25.416666666666668|2.0|False|True|False|False
18401|10.0|59.0|24.8|0.0|False|False|False|False
18402|16.0|39.0|22.875|1.0|False|True|False|False
18403|15.0|38.0|20.333333333333332|0.0|False|False|False|False
18404|13.0|36.0|25.76923076923077|0.0|False|False|False|False
18405|12.0|34.0|20.416666666666668|0.0|False|False|False|False
18406|18.0|45.0|25.11111111111111|1.0|False|True|False|False
18407|8.0|59.0|28.25|0.0|False|False|False|False
18408|11.0|91.0|29.545454545454547|0.0|True|False|False|False
18410|10.0|45.0|25.8|0.0|False|False|False|False
18411|13.0|39.0|22.923076923076923|1.0|False|True|False|False
18412|7.0|65.0|30.571428571428573|0.0|False|False|False|False
18413|11.0|33.0|22.363636363636363|0.0|False|False|False|False
18414|4.0|23.0|21.0|0.0|False|False|False|False
18415|9.0|54.0|21.444444444444443|0.0|False|False|False|False
18416|8.0|62.0|28.125|0.0|False|False|False|False
18417|10.0|48.0|20.4|0.0|False|False|False|False
18418|10.0|29.0|22.3|10.0|False|True|False|False
18419|9.0|28.0|19.666666666666668|9.0|False|True|False|False
18422|11.0|37.0|22.363636363636363|11.0|False|True|False|False
18424|9.0|40.0|24.11111111111111|9.0|False|True|False|False
18425|17.0|31.0|23.11764705882353|17.0|False|True|False|False
18426|11.0|68.0|39.81818181818182|11.0|False|True|False|False
18428|7.0|44.0|29.142857142857142|0.0|False|False|False|False
18429|12.0|34.0|15.666666666666666|0.0|False|False|False|False
18430|8.0|55.0|26.625|1.0|False|True|False|False
18431|8.0|46.0|23.5|0.0|False|False|False|False
18432|8.0|63.0|27.75|0.0|False|False|False|False
18433|11.0|52.0|23.727272727272727|0.0|False|False|False|False
18434|8.0|48.0|22.625|1.0|False|True|False|False
18435|15.0|39.0|21.066666666666666|3.0|False|True|False|False
18436|20.0|115.0|32.0|4.0|True|True|False|False
18437|10.0|51.0|32.8|1.0|False|True|False|False
18438|31.0|75.0|31.096774193548388|1.0|False|True|False|False
18440|19.0|40.0|22.210526315789473|0.0|False|False|False|False
18441|33.0|84.0|25.606060606060606|4.0|True|True|False|False
18443|21.0|72.0|26.238095238095237|4.0|False|True|False|False
18444|32.0|56.0|21.875|1.0|False|True|False|False
18445|54.0|52.0|20.425925925925927|10.0|False|True|False|False
18447|17.0|40.0|24.11764705882353|0.0|False|False|False|False
18448|14.0|54.0|20.142857142857142|3.0|False|True|False|False
18449|37.0|40.0|17.45945945945946|4.0|False|True|False|False
18451|24.0|28.0|13.125|8.0|False|True|False|False
18452|28.0|58.0|17.357142857142858|4.0|False|True|False|False
18453|29.0|48.0|21.448275862068964|2.0|False|True|False|False
18454|27.0|44.0|21.40740740740741|2.0|False|True|False|False
18455|25.0|52.0|23.72|2.0|False|True|False|False
18457|31.0|44.0|21.06451612903226|5.0|False|True|False|False
18458|17.0|57.0|35.35294117647059|0.0|False|False|False|False
18459|17.0|48.0|20.058823529411764|2.0|False|True|False|False
18463|8.0|52.0|30.875|1.0|False|True|False|False
18464|6.0|68.0|30.166666666666668|0.0|False|False|False|False
18466|12.0|43.0|19.25|1.0|False|True|False|False
18467|7.0|42.0|26.428571428571427|0.0|False|False|False|False
18468|19.0|36.0|18.31578947368421|5.0|False|True|False|False
18469|15.0|44.0|21.133333333333333|1.0|False|True|False|False
18471|10.0|105.0|38.4|2.0|True|True|False|False
18472|27.0|64.0|23.85185185185185|0.0|False|False|False|False
18473|23.0|42.0|18.956521739130434|6.0|False|True|False|False
18474|18.0|45.0|24.555555555555557|0.0|False|False|False|False
18475|6.0|57.0|31.0|0.0|False|False|False|False
18476|9.0|63.0|36.44444444444444|0.0|False|False|False|False
18477|18.0|34.0|20.833333333333332|1.0|False|True|False|False
18478|5.0|123.0|62.6|0.0|True|False|False|False
18479|10.0|35.0|20.0|0.0|False|False|False|False
18480|12.0|33.0|20.916666666666668|2.0|False|True|False|False
18481|27.0|40.0|20.37037037037037|0.0|False|False|False|False
18482|21.0|44.0|15.761904761904763|3.0|False|True|False|False
18484|13.0|46.0|17.846153846153847|1.0|False|True|False|False
18485|17.0|46.0|25.41176470588235|2.0|False|True|False|False
18486|11.0|130.0|33.27272727272727|0.0|True|False|False|False
18488|18.0|43.0|20.055555555555557|2.0|False|True|False|False
18489|7.0|72.0|29.428571428571427|0.0|False|False|False|False
18490|15.0|51.0|23.866666666666667|4.0|False|True|False|False
18491|8.0|52.0|20.5|1.0|False|True|False|False
18492|12.0|46.0|18.083333333333332|1.0|False|True|False|False
18493|12.0|39.0|28.75|0.0|False|False|False|False
18494|11.0|56.0|25.727272727272727|1.0|False|True|False|False
18495|10.0|51.0|25.0|0.0|False|False|False|False
18496|9.0|78.0|38.44444444444444|0.0|False|False|False|False
18498|15.0|40.0|22.0|2.0|False|True|False|False
18499|11.0|35.0|17.09090909090909|2.0|False|True|False|False
18500|14.0|44.0|23.714285714285715|1.0|False|True|False|False
18501|15.0|28.0|13.733333333333333|7.0|False|True|False|False
18502|8.0|81.0|37.375|0.0|True|False|False|False
18503|9.0|43.0|24.333333333333332|0.0|False|False|False|False
18504|12.0|53.0|22.083333333333332|1.0|False|True|False|False
18505|4.0|78.0|55.0|0.0|False|False|False|False
18506|11.0|58.0|39.09090909090909|0.0|False|False|False|False
18507|10.0|60.0|30.9|0.0|False|False|False|False
18508|30.0|94.0|22.5|8.0|True|True|False|False
18509|28.0|194.0|34.17857142857143|1.0|True|True|False|False
18510|36.0|69.0|24.194444444444443|3.0|False|True|False|False
18511|24.0|50.0|22.375|2.0|False|True|False|False
18512|16.0|36.0|19.375|1.0|False|True|False|False
18513|21.0|42.0|19.761904761904763|3.0|False|True|False|False
18514|14.0|38.0|24.642857142857142|2.0|False|True|False|False
18515|14.0|30.0|18.642857142857142|2.0|False|True|False|False
18516|10.0|51.0|29.4|0.0|False|False|False|False
18517|10.0|80.0|21.1|4.0|False|True|False|False
18518|51.0|53.0|19.235294117647058|6.0|False|True|False|False
18519|19.0|55.0|21.526315789473685|1.0|False|True|False|False
18520|11.0|42.0|24.09090909090909|1.0|False|True|False|False
18522|12.0|64.0|24.333333333333332|2.0|False|True|False|False
18523|41.0|65.0|24.78048780487805|8.0|False|True|False|False
18526|9.0|56.0|22.0|1.0|False|True|False|False
18527|13.0|51.0|20.846153846153847|5.0|False|True|False|False
18528|6.0|71.0|28.166666666666668|0.0|False|False|False|False
18529|13.0|81.0|25.384615384615383|0.0|True|False|False|False
18530|12.0|81.0|27.833333333333332|1.0|True|True|False|False
18531|9.0|33.0|23.444444444444443|0.0|False|False|False|False
18533|26.0|50.0|25.576923076923077|3.0|False|True|False|False
18534|37.0|51.0|23.756756756756758|4.0|False|True|False|False
18535|10.0|32.0|24.1|0.0|False|False|False|False
18536|32.0|39.0|17.25|9.0|False|True|False|False
18537|26.0|63.0|20.115384615384617|1.0|False|True|False|False
18538|8.0|39.0|27.625|0.0|False|False|False|False
18539|7.0|35.0|22.428571428571427|0.0|False|False|False|False
18540|11.0|35.0|21.454545454545453|2.0|False|True|False|False
18541|12.0|28.0|16.833333333333332|4.0|False|True|False|False
18542|12.0|45.0|21.25|2.0|False|True|False|False
18544|20.0|106.0|38.5|2.0|True|True|False|False
18545|17.0|26.0|18.647058823529413|2.0|False|True|False|False
18546|11.0|25.0|14.636363636363637|2.0|False|True|False|False
18547|9.0|41.0|24.88888888888889|1.0|False|True|False|False
18549|16.0|54.0|21.25|1.0|False|True|False|False
18550|9.0|37.0|25.0|0.0|False|False|False|False
18551|32.0|46.0|23.46875|5.0|False|True|False|False
18552|11.0|28.0|18.0|1.0|False|True|False|False
18554|8.0|47.0|29.125|0.0|False|False|False|False
18555|10.0|34.0|23.3|1.0|False|True|False|False
18556|8.0|33.0|23.375|0.0|False|False|False|False
18557|13.0|40.0|24.46153846153846|0.0|False|False|False|False
18558|25.0|39.0|20.04|1.0|False|True|False|False
18559|12.0|46.0|30.5|0.0|False|False|False|False
18561|27.0|30.0|17.555555555555557|5.0|False|True|False|False
18562|11.0|25.0|14.0|2.0|False|True|False|False
18564|14.0|42.0|20.714285714285715|1.0|False|True|False|False
18565|7.0|59.0|39.285714285714285|0.0|False|False|False|False
18566|12.0|30.0|18.916666666666668|2.0|False|True|False|False
18567|9.0|64.0|25.333333333333332|0.0|False|False|False|False
18569|13.0|41.0|21.692307692307693|0.0|False|False|False|False
18570|12.0|34.0|21.25|2.0|False|True|False|False
18572|9.0|41.0|27.666666666666668|0.0|False|False|False|False
18573|15.0|42.0|18.6|1.0|False|True|False|False
18574|13.0|67.0|27.153846153846153|2.0|False|True|False|False
18575|19.0|55.0|21.42105263157895|1.0|False|True|False|False
18576|13.0|35.0|19.307692307692307|1.0|False|True|False|False
18577|16.0|57.0|20.9375|5.0|False|True|False|False
18578|12.0|49.0|28.333333333333332|1.0|False|True|False|False
18579|13.0|33.0|16.153846153846153|2.0|False|True|False|False
18580|9.0|71.0|37.55555555555556|0.0|False|False|False|False
18581|21.0|72.0|19.761904761904763|6.0|False|True|False|False
18587|9.0|67.0|27.22222222222222|1.0|False|True|False|False
18589|8.0|48.0|28.875|0.0|False|False|False|False
18590|10.0|28.0|15.4|1.0|False|True|False|False
18591|19.0|41.0|18.63157894736842|6.0|False|True|False|False
18592|19.0|44.0|19.842105263157894|2.0|False|True|False|False
18593|12.0|36.0|18.916666666666668|0.0|False|False|False|False
18594|13.0|120.0|27.923076923076923|0.0|True|False|False|False
18595|14.0|35.0|22.428571428571427|1.0|False|True|False|False
18597|11.0|51.0|27.09090909090909|1.0|False|True|False|False
18599|10.0|39.0|22.7|1.0|False|True|False|False
18601|29.0|48.0|23.655172413793103|3.0|False|True|False|False
18602|10.0|37.0|19.3|0.0|False|False|False|False
18621|7.0|41.0|30.0|0.0|False|False|False|False
18624|25.0|45.0|25.48|3.0|False|True|False|False
18625|6.0|64.0|29.333333333333332|0.0|False|False|False|False
18627|24.0|67.0|22.541666666666668|5.0|False|True|False|False
18630|5.0|42.0|26.6|0.0|False|False|False|False
18632|6.0|53.0|29.5|0.0|False|False|False|False
18633|11.0|38.0|22.818181818181817|0.0|False|False|False|False
18634|7.0|35.0|19.142857142857142|1.0|False|True|False|False
18635|37.0|90.0|23.27027027027027|10.0|True|True|False|False
18636|11.0|52.0|26.09090909090909|0.0|False|False|False|False
18638|6.0|68.0|36.5|0.0|False|False|False|False
18641|27.0|38.0|19.74074074074074|4.0|False|True|False|False
18642|28.0|56.0|25.571428571428573|5.0|False|True|False|False
18643|24.0|38.0|19.583333333333332|7.0|False|True|False|False
18644|19.0|46.0|20.157894736842106|2.0|False|True|False|False
18646|12.0|42.0|18.166666666666668|1.0|False|True|False|False
18654|29.0|54.0|24.379310344827587|2.0|False|True|False|False
18655|20.0|75.0|31.05|1.0|False|True|False|False
18660|48.0|73.0|22.25|3.0|False|True|False|False
18662|7.0|48.0|25.428571428571427|1.0|False|True|False|False
18664|22.0|39.0|18.136363636363637|3.0|False|True|False|False
18666|23.0|48.0|19.043478260869566|4.0|False|True|False|False
18669|29.0|56.0|19.620689655172413|9.0|False|True|False|False
18670|19.0|47.0|21.0|1.0|False|True|False|False
18673|26.0|48.0|23.846153846153847|1.0|False|True|False|False
18676|12.0|54.0|29.083333333333332|2.0|False|True|False|False
18677|17.0|28.0|19.294117647058822|3.0|False|True|False|False
18680|28.0|85.0|25.821428571428573|4.0|True|True|False|False
18681|5.0|51.0|42.2|0.0|False|False|False|False
18685|13.0|62.0|24.153846153846153|1.0|False|True|False|False
18687|20.0|74.0|30.6|1.0|False|True|False|False
18688|18.0|121.0|32.05555555555556|2.0|True|True|False|False
18689|27.0|35.0|19.11111111111111|4.0|False|True|False|False
18690|23.0|48.0|22.304347826086957|2.0|False|True|False|False
18691|17.0|58.0|26.58823529411765|0.0|False|False|False|False
18692|9.0|68.0|35.333333333333336|0.0|False|False|False|False
18693|21.0|35.0|22.0|1.0|False|True|False|False
18694|8.0|48.0|37.625|0.0|False|False|False|False
18696|11.0|38.0|21.363636363636363|0.0|False|False|False|False
18701|10.0|33.0|18.0|0.0|False|False|False|False
18702|10.0|82.0|28.5|1.0|True|True|False|False
18706|33.0|67.0|22.939393939393938|4.0|False|True|False|False
18709|6.0|69.0|44.833333333333336|1.0|False|True|False|False
18710|4.0|49.0|33.75|0.0|False|False|False|False
18713|25.0|53.0|19.12|3.0|False|True|False|False
18714|12.0|98.0|40.25|1.0|True|True|False|False
18718|9.0|34.0|18.666666666666668|1.0|False|True|False|False
18719|25.0|51.0|20.88|4.0|False|True|False|False
18720|37.0|74.0|21.83783783783784|8.0|False|True|False|False
18721|30.0|32.0|15.2|9.0|False|True|False|False
18722|24.0|45.0|16.416666666666668|5.0|False|True|False|False
18723|47.0|82.0|20.425531914893618|4.0|True|True|False|False
18724|11.0|40.0|25.727272727272727|0.0|False|False|False|False
18725|18.0|68.0|22.77777777777778|4.0|False|True|False|False
18726|9.0|54.0|23.88888888888889|0.0|False|False|False|False
18727|29.0|41.0|21.482758620689655|3.0|False|True|False|False
18728|13.0|40.0|21.53846153846154|0.0|False|False|False|False
18729|4.0|110.0|42.75|0.0|True|False|False|False
18730|4.0|49.0|28.25|0.0|False|False|False|False
18731|21.0|31.0|17.666666666666668|1.0|False|True|False|False
18732|19.0|51.0|20.789473684210527|3.0|False|True|False|False
18733|6.0|47.0|29.833333333333332|0.0|False|False|False|False
18735|15.0|37.0|19.933333333333334|3.0|False|True|False|False
18737|3.0|42.0|36.666666666666664|0.0|False|False|False|False
18738|17.0|44.0|20.0|3.0|False|True|False|False
18739|8.0|34.0|22.0|0.0|False|False|False|False
18740|5.0|49.0|34.4|0.0|False|False|False|False
18741|8.0|31.0|19.625|0.0|False|False|False|False
18742|9.0|53.0|25.11111111111111|1.0|False|True|False|False
18744|13.0|53.0|24.153846153846153|1.0|False|True|False|False
18745|19.0|39.0|19.57894736842105|0.0|False|False|False|False
18746|20.0|43.0|25.7|3.0|False|True|False|False
18748|15.0|36.0|19.666666666666668|0.0|False|False|False|False
18749|18.0|38.0|22.833333333333332|2.0|False|True|False|False
18752|21.0|28.0|19.142857142857142|1.0|False|True|False|False
18753|13.0|71.0|26.76923076923077|1.0|False|True|False|False
18754|16.0|64.0|21.375|6.0|False|True|False|False
18757|13.0|60.0|25.846153846153847|0.0|False|False|False|False
18758|16.0|45.0|26.125|3.0|False|True|False|False
18759|11.0|65.0|27.363636363636363|2.0|False|True|False|False
18761|20.0|36.0|18.7|3.0|False|True|False|False
18762|11.0|48.0|24.272727272727273|3.0|False|True|False|False
18764|5.0|30.0|21.0|0.0|False|False|False|False
18765|6.0|53.0|36.666666666666664|0.0|False|False|False|False
18766|12.0|30.0|17.666666666666668|2.0|False|True|False|False
18767|22.0|39.0|20.90909090909091|3.0|False|True|False|False
18768|14.0|49.0|19.142857142857142|4.0|False|True|False|False
18771|14.0|45.0|22.642857142857142|1.0|False|True|False|False
18772|12.0|30.0|20.083333333333332|0.0|False|False|False|False
18773|18.0|55.0|18.72222222222222|4.0|False|True|False|False
18775|12.0|38.0|23.166666666666668|1.0|False|True|False|False
18777|38.0|40.0|15.078947368421053|4.0|False|True|False|False
18779|10.0|31.0|18.5|0.0|False|False|False|False
18781|17.0|76.0|30.470588235294116|0.0|False|False|False|False
18782|15.0|53.0|24.0|3.0|False|True|False|False
18783|23.0|37.0|15.478260869565217|5.0|False|True|False|False
18787|9.0|79.0|28.333333333333332|1.0|False|True|False|False
18788|7.0|49.0|27.428571428571427|0.0|False|False|False|False
18789|11.0|32.0|14.090909090909092|2.0|False|True|False|False
18790|12.0|49.0|21.0|3.0|False|True|False|False
18791|13.0|60.0|26.46153846153846|0.0|False|False|False|False
18792|26.0|68.0|22.076923076923077|3.0|False|True|False|False
18793|17.0|43.0|25.0|2.0|False|True|False|False
18794|12.0|24.0|13.916666666666666|1.0|False|True|False|False
18795|8.0|33.0|26.25|0.0|False|False|False|False
18797|11.0|38.0|25.90909090909091|11.0|False|True|False|False
18798|11.0|37.0|24.0|2.0|False|True|False|False
18799|12.0|32.0|13.166666666666666|1.0|False|True|False|False
18800|14.0|61.0|22.428571428571427|3.0|False|True|False|False
18801|13.0|48.0|31.615384615384617|2.0|False|True|False|False
18803|8.0|37.0|20.25|0.0|False|False|False|False
18804|15.0|53.0|21.066666666666666|3.0|False|True|False|False
18805|12.0|43.0|17.5|2.0|False|True|False|False
18806|7.0|32.0|18.714285714285715|0.0|False|False|False|False
18808|1.0|44.0|44.0|0.0|False|False|True|False
18809|17.0|41.0|22.529411764705884|1.0|False|True|False|False
18811|12.0|26.0|16.5|2.0|False|True|False|False
18813|10.0|19.0|14.0|3.0|False|True|False|False
18815|18.0|32.0|16.11111111111111|2.0|False|True|False|False
18818|14.0|53.0|17.5|3.0|False|True|False|False
18819|13.0|65.0|25.615384615384617|1.0|False|True|False|False
18820|13.0|57.0|25.307692307692307|2.0|False|True|False|False
18822|11.0|54.0|21.09090909090909|0.0|False|False|False|False
18823|21.0|51.0|21.285714285714285|4.0|False|True|False|False
18824|12.0|38.0|23.5|0.0|False|False|False|False
18825|12.0|70.0|25.75|1.0|False|True|False|False
18826|13.0|51.0|25.53846153846154|1.0|False|True|False|False
18827|13.0|30.0|19.76923076923077|0.0|False|False|False|False
18828|10.0|51.0|32.6|1.0|False|True|False|False
18829|16.0|47.0|19.125|3.0|False|True|False|False
18830|35.0|41.0|19.771428571428572|2.0|False|True|False|False
18832|21.0|61.0|28.904761904761905|4.0|False|True|False|False
18833|21.0|55.0|25.761904761904763|1.0|False|True|False|False
18834|29.0|48.0|21.551724137931036|2.0|False|True|False|False
18835|12.0|31.0|19.416666666666668|1.0|False|True|False|False
18836|27.0|30.0|16.703703703703702|6.0|False|True|False|False
18839|18.0|44.0|26.5|3.0|False|True|False|False
18841|7.0|101.0|37.714285714285715|0.0|True|False|False|False
18842|19.0|58.0|26.157894736842106|1.0|False|True|False|False
18843|10.0|31.0|22.6|0.0|False|False|False|False
18844|7.0|81.0|43.42857142857143|0.0|True|False|False|False
18846|21.0|40.0|23.714285714285715|1.0|False|True|False|False
18847|8.0|36.0|22.125|1.0|False|True|False|False
18849|6.0|40.0|28.333333333333332|6.0|False|True|False|False
18852|11.0|44.0|32.45454545454545|1.0|False|True|False|False
18853|5.0|92.0|38.0|0.0|True|False|False|False
18854|12.0|44.0|22.333333333333332|1.0|False|True|False|False
18855|9.0|38.0|21.77777777777778|1.0|False|True|False|False
18857|5.0|52.0|38.8|0.0|False|False|False|False
18858|18.0|32.0|15.61111111111111|2.0|False|True|False|False
18859|7.0|42.0|27.0|1.0|False|True|False|False
18860|17.0|62.0|23.11764705882353|2.0|False|True|False|False
18861|13.0|38.0|23.692307692307693|2.0|False|True|False|False
18862|10.0|43.0|24.8|2.0|False|True|False|False
18863|13.0|57.0|24.692307692307693|0.0|False|False|False|False
18864|14.0|31.0|19.428571428571427|2.0|False|True|False|False
18865|23.0|33.0|17.82608695652174|1.0|False|True|False|False
18866|19.0|57.0|18.736842105263158|19.0|False|True|False|False
18869|12.0|56.0|19.583333333333332|12.0|False|True|False|False
18870|13.0|44.0|28.076923076923077|13.0|False|True|False|False
18871|23.0|56.0|22.695652173913043|7.0|False|True|False|False
18872|11.0|51.0|27.181818181818183|11.0|False|True|False|False
18873|22.0|48.0|22.818181818181817|1.0|False|True|False|False
18874|11.0|30.0|18.0|2.0|False|True|False|False
18875|14.0|40.0|19.071428571428573|3.0|False|True|False|False
18876|19.0|45.0|16.68421052631579|4.0|False|True|False|False
18877|5.0|41.0|24.2|0.0|False|False|False|False
18878|8.0|56.0|25.75|0.0|False|False|False|False
18879|6.0|65.0|40.333333333333336|0.0|False|False|False|False
18880|10.0|60.0|27.0|0.0|False|False|False|False
18881|4.0|76.0|54.5|0.0|False|False|False|False
18882|7.0|28.0|17.571428571428573|0.0|False|False|False|False
18884|6.0|43.0|25.833333333333332|0.0|False|False|False|False
18885|6.0|48.0|26.166666666666668|2.0|False|True|False|False
18886|8.0|39.0|24.875|0.0|False|False|False|False
18887|6.0|49.0|32.5|0.0|False|False|False|False
18888|22.0|39.0|19.40909090909091|3.0|False|True|False|False
18889|5.0|33.0|21.0|1.0|False|True|False|False
18890|4.0|37.0|28.5|0.0|False|False|False|False
18891|4.0|62.0|28.75|1.0|False|True|False|False
18892|12.0|53.0|16.083333333333332|3.0|False|True|False|False
18893|4.0|61.0|34.75|0.0|False|False|False|False
18894|12.0|45.0|18.416666666666668|2.0|False|True|False|False
18895|20.0|30.0|17.8|2.0|False|True|False|False
18896|27.0|54.0|19.444444444444443|5.0|False|True|False|False
18897|13.0|49.0|19.384615384615383|3.0|False|True|False|False
18898|8.0|33.0|15.25|1.0|False|True|False|False
18899|11.0|59.0|23.0|1.0|False|True|False|False
18900|18.0|51.0|22.444444444444443|2.0|False|True|False|False
18901|13.0|52.0|20.46153846153846|2.0|False|True|False|False
18902|14.0|34.0|16.928571428571427|2.0|False|True|False|False
18903|22.0|44.0|20.40909090909091|3.0|False|True|False|False
18904|18.0|34.0|18.27777777777778|0.0|False|False|False|False
18905|5.0|49.0|34.0|0.0|False|False|False|False
18907|13.0|61.0|28.923076923076923|0.0|False|False|False|False
18909|16.0|33.0|18.1875|3.0|False|True|False|False
18910|19.0|39.0|18.63157894736842|2.0|False|True|False|False
18914|19.0|29.0|17.263157894736842|2.0|False|True|False|False
18915|17.0|42.0|17.176470588235293|6.0|False|True|False|False
18917|12.0|68.0|27.75|1.0|False|True|False|False
18918|16.0|38.0|21.0|0.0|False|False|False|False
18919|21.0|38.0|22.761904761904763|1.0|False|True|False|False
18920|23.0|33.0|18.08695652173913|0.0|False|False|False|False
18921|20.0|37.0|18.7|2.0|False|True|False|False
18922|43.0|57.0|20.53488372093023|5.0|False|True|False|False
18923|7.0|43.0|25.857142857142858|0.0|False|False|False|False
18924|23.0|34.0|19.17391304347826|1.0|False|True|False|False
18925|31.0|60.0|18.0|4.0|False|True|False|False
18927|9.0|43.0|27.0|0.0|False|False|False|False
18928|36.0|67.0|23.055555555555557|3.0|False|True|False|False
18929|31.0|47.0|19.548387096774192|4.0|False|True|False|False
18930|34.0|41.0|21.823529411764707|6.0|False|True|False|False
18931|22.0|35.0|19.272727272727273|4.0|False|True|False|False
18932|6.0|34.0|19.666666666666668|2.0|False|True|False|False
18933|30.0|43.0|19.7|1.0|False|True|False|False
18934|7.0|55.0|24.714285714285715|0.0|False|False|False|False
18935|5.0|69.0|33.6|0.0|False|False|False|False
18936|16.0|40.0|20.9375|1.0|False|True|False|False
18938|13.0|76.0|26.76923076923077|0.0|False|False|False|False
18939|10.0|69.0|36.6|1.0|False|True|False|False
18943|27.0|44.0|20.25925925925926|1.0|False|True|False|False
18944|37.0|71.0|24.0|8.0|False|True|False|False
18945|9.0|56.0|28.11111111111111|0.0|False|False|False|False
18946|11.0|35.0|19.90909090909091|2.0|False|True|False|False
18947|35.0|37.0|14.428571428571429|5.0|False|True|False|False
18948|8.0|34.0|17.125|2.0|False|True|False|False
18949|18.0|64.0|24.22222222222222|2.0|False|True|False|False
18950|2.0|115.0|75.5|0.0|True|False|False|False
18951|15.0|56.0|23.533333333333335|1.0|False|True|False|False
18952|9.0|36.0|16.666666666666668|0.0|False|False|False|False
18953|12.0|56.0|22.583333333333332|3.0|False|True|False|False
18954|11.0|42.0|21.636363636363637|2.0|False|True|False|False
18956|5.0|65.0|32.2|0.0|False|False|False|False
18957|9.0|44.0|27.88888888888889|1.0|False|True|False|False
18958|21.0|54.0|24.666666666666668|2.0|False|True|False|False
18959|4.0|39.0|27.0|0.0|False|False|False|False
18960|7.0|82.0|31.0|0.0|True|False|False|False
18962|10.0|45.0|24.8|0.0|False|False|False|False
18963|12.0|34.0|18.833333333333332|2.0|False|True|False|False
18965|9.0|129.0|37.55555555555556|1.0|True|True|False|False
18966|7.0|41.0|28.857142857142858|0.0|False|False|False|False
18967|6.0|46.0|30.333333333333332|1.0|False|True|False|False
18969|17.0|32.0|14.0|3.0|False|True|False|False
18970|20.0|43.0|20.35|1.0|False|True|False|False
18971|9.0|31.0|20.11111111111111|0.0|False|False|False|False
18972|17.0|47.0|21.470588235294116|1.0|False|True|False|False
18973|12.0|65.0|23.5|0.0|False|False|False|False
18975|8.0|45.0|24.375|1.0|False|True|False|False
18976|13.0|41.0|20.76923076923077|1.0|False|True|False|False
18977|7.0|61.0|25.285714285714285|0.0|False|False|False|False
18978|20.0|61.0|30.3|0.0|False|False|False|False
18980|15.0|62.0|24.2|1.0|False|True|False|False
18981|19.0|44.0|17.526315789473685|3.0|False|True|False|False
18982|13.0|61.0|28.307692307692307|1.0|False|True|False|False
18983|21.0|59.0|25.428571428571427|1.0|False|True|False|False
18986|14.0|44.0|18.357142857142858|6.0|False|True|False|False
18987|13.0|46.0|20.384615384615383|2.0|False|True|False|False
18988|11.0|44.0|23.90909090909091|0.0|False|False|False|False
18989|14.0|35.0|15.214285714285714|2.0|False|True|False|False
18990|22.0|43.0|19.40909090909091|2.0|False|True|False|False
18993|16.0|43.0|19.75|3.0|False|True|False|False
18994|10.0|73.0|30.3|0.0|False|False|False|False
18995|12.0|57.0|22.916666666666668|2.0|False|True|False|False
18996|17.0|51.0|19.529411764705884|3.0|False|True|False|False
18997|9.0|126.0|29.0|0.0|True|False|False|False
18998|7.0|61.0|22.571428571428573|0.0|False|False|False|False
18999|24.0|47.0|21.875|4.0|False|True|False|False
19000|15.0|43.0|16.866666666666667|1.0|False|True|False|False
19001|6.0|72.0|32.5|0.0|False|False|False|False
19002|9.0|39.0|24.666666666666668|1.0|False|True|False|False
19003|10.0|67.0|27.4|0.0|False|False|False|False
19004|22.0|48.0|21.318181818181817|2.0|False|True|False|False
19005|24.0|30.0|15.625|3.0|False|True|False|False
19006|17.0|54.0|20.470588235294116|2.0|False|True|False|False
19007|17.0|45.0|21.58823529411765|1.0|False|True|False|False
19008|11.0|40.0|18.818181818181817|2.0|False|True|False|False
19009|13.0|62.0|27.076923076923077|1.0|False|True|False|False
19010|20.0|136.0|31.4|4.0|True|True|False|False
19011|17.0|50.0|25.470588235294116|1.0|False|True|False|False
19012|19.0|64.0|24.157894736842106|0.0|False|False|False|False
19013|17.0|52.0|21.941176470588236|3.0|False|True|False|False
19015|7.0|65.0|39.714285714285715|2.0|False|True|False|False
19016|14.0|36.0|22.0|0.0|False|False|False|False
19017|9.0|43.0|22.0|0.0|False|False|False|False
19018|5.0|107.0|41.0|0.0|True|False|False|False
19019|3.0|76.0|44.0|0.0|False|False|False|False
19020|9.0|71.0|33.22222222222222|1.0|False|True|False|False
19021|20.0|45.0|23.25|0.0|False|False|False|False
19022|19.0|94.0|24.05263157894737|1.0|True|True|False|False
19026|17.0|61.0|26.41176470588235|2.0|False|True|False|False
19027|18.0|33.0|19.38888888888889|2.0|False|True|False|False
19028|14.0|25.0|17.428571428571427|3.0|False|True|False|False
19029|24.0|44.0|24.458333333333332|5.0|False|True|False|False
19030|24.0|65.0|21.041666666666668|3.0|False|True|False|False
19031|7.0|128.0|40.142857142857146|1.0|True|True|False|False
19034|9.0|50.0|29.444444444444443|0.0|False|False|False|False
19036|3.0|39.0|21.666666666666668|0.0|False|False|False|False
19037|15.0|30.0|14.533333333333333|1.0|False|True|False|False
19038|30.0|42.0|21.033333333333335|4.0|False|True|False|False
19040|28.0|45.0|19.892857142857142|7.0|False|True|False|False
19041|8.0|29.0|21.25|1.0|False|True|False|False
19042|8.0|71.0|31.75|0.0|False|False|False|False
19043|13.0|58.0|26.153846153846153|0.0|False|False|False|False
19044|10.0|33.0|25.7|0.0|False|False|False|False
19045|13.0|28.0|18.0|0.0|False|False|False|False
19046|15.0|44.0|21.933333333333334|1.0|False|True|False|False
19047|12.0|31.0|19.833333333333332|0.0|False|False|False|False
19048|9.0|31.0|18.555555555555557|0.0|False|False|False|False
19049|13.0|38.0|21.76923076923077|1.0|False|True|False|False
19050|13.0|68.0|31.307692307692307|0.0|False|False|False|False
19051|12.0|36.0|20.416666666666668|1.0|False|True|False|False
19052|12.0|72.0|28.916666666666668|12.0|False|True|False|False
19053|9.0|67.0|25.0|1.0|False|True|False|False
19054|8.0|113.0|32.5|0.0|True|False|False|False
19055|14.0|30.0|17.285714285714285|0.0|False|False|False|False
19056|12.0|37.0|23.083333333333332|1.0|False|True|False|False
19057|8.0|56.0|27.875|0.0|False|False|False|False
19058|6.0|60.0|35.166666666666664|0.0|False|False|False|False
19059|10.0|32.0|21.9|0.0|False|False|False|False
19060|9.0|31.0|19.88888888888889|0.0|False|False|False|False
19063|11.0|41.0|22.818181818181817|0.0|False|False|False|False
19064|12.0|37.0|17.666666666666668|2.0|False|True|False|False
19065|11.0|41.0|21.0|0.0|False|False|False|False
19066|7.0|61.0|30.857142857142858|0.0|False|False|False|False
19067|11.0|44.0|22.545454545454547|1.0|False|True|False|False
19069|6.0|30.0|19.333333333333332|1.0|False|True|False|False
19071|7.0|39.0|24.142857142857142|0.0|False|False|False|False
19072|15.0|46.0|25.133333333333333|3.0|False|True|False|False
19073|8.0|33.0|25.0|0.0|False|False|False|False
19075|7.0|49.0|21.285714285714285|1.0|False|True|False|False
19077|19.0|83.0|24.05263157894737|1.0|True|True|False|False
19078|5.0|52.0|24.4|0.0|False|False|False|False
19079|9.0|38.0|27.555555555555557|0.0|False|False|False|False
19080|13.0|72.0|23.692307692307693|3.0|False|True|False|False
19081|7.0|64.0|33.57142857142857|0.0|False|False|False|False
19082|16.0|30.0|20.9375|2.0|False|True|False|False
19084|6.0|50.0|23.5|1.0|False|True|False|False
19085|9.0|36.0|24.88888888888889|9.0|False|True|False|False
19087|9.0|32.0|21.22222222222222|0.0|False|False|False|False
19088|11.0|52.0|25.90909090909091|0.0|False|False|False|False
19092|11.0|41.0|21.818181818181817|0.0|False|False|False|False
19093|10.0|119.0|26.3|2.0|True|True|False|False
19094|8.0|47.0|28.75|1.0|False|True|False|False
19095|7.0|31.0|20.714285714285715|1.0|False|True|False|False
19096|8.0|38.0|22.75|0.0|False|False|False|False
19097|8.0|85.0|29.125|0.0|True|False|False|False
19098|7.0|41.0|27.857142857142858|0.0|False|False|False|False
19099|11.0|76.0|27.181818181818183|0.0|False|False|False|False
19100|8.0|36.0|27.125|0.0|False|False|False|False
19101|8.0|48.0|25.75|0.0|False|False|False|False
19102|12.0|48.0|22.416666666666668|0.0|False|False|False|False
19104|9.0|27.0|21.333333333333332|0.0|False|False|False|False
19107|9.0|64.0|25.88888888888889|1.0|False|True|False|False
19108|8.0|40.0|28.0|0.0|False|False|False|False
19110|7.0|37.0|21.857142857142858|0.0|False|False|False|False
19111|10.0|42.0|23.5|0.0|False|False|False|False
19112|9.0|53.0|29.555555555555557|0.0|False|False|False|False
19113|8.0|41.0|27.25|0.0|False|False|False|False
19114|6.0|54.0|32.833333333333336|0.0|False|False|False|False
19115|7.0|53.0|28.142857142857142|0.0|False|False|False|False
19116|6.0|65.0|28.5|0.0|False|False|False|False
19117|7.0|39.0|27.142857142857142|0.0|False|False|False|False
19118|8.0|56.0|31.625|0.0|False|False|False|False
19119|5.0|72.0|38.2|0.0|False|False|False|False
19120|14.0|145.0|26.571428571428573|1.0|True|True|False|False
19121|11.0|30.0|20.363636363636363|1.0|False|True|False|False
19122|13.0|34.0|23.46153846153846|0.0|False|False|False|False
19123|7.0|46.0|25.571428571428573|0.0|False|False|False|False
19124|10.0|42.0|23.9|0.0|False|False|False|False
19125|11.0|42.0|24.454545454545453|0.0|False|False|False|False
19126|11.0|33.0|19.545454545454547|0.0|False|False|False|False
19127|6.0|39.0|27.666666666666668|0.0|False|False|False|False
19128|8.0|30.0|22.625|0.0|False|False|False|False
19129|10.0|40.0|20.3|2.0|False|True|False|False
19130|7.0|55.0|35.142857142857146|0.0|False|False|False|False
19131|8.0|48.0|24.5|1.0|False|True|False|False
19132|7.0|49.0|22.714285714285715|0.0|False|False|False|False
19133|7.0|36.0|24.0|1.0|False|True|False|False
19134|12.0|45.0|25.666666666666668|12.0|False|True|False|False
19136|19.0|40.0|15.631578947368421|19.0|False|True|False|False
19137|14.0|54.0|25.642857142857142|14.0|False|True|False|False
19139|21.0|58.0|23.61904761904762|21.0|False|True|False|False
19140|15.0|61.0|25.466666666666665|15.0|False|True|False|False
19141|13.0|67.0|25.384615384615383|13.0|False|True|False|False
19142|11.0|28.0|17.727272727272727|11.0|False|True|False|False
19143|13.0|49.0|27.46153846153846|13.0|False|True|False|False
19144|15.0|42.0|21.733333333333334|15.0|False|True|False|False
19145|16.0|38.0|19.375|1.0|False|True|False|False
19146|7.0|27.0|17.428571428571427|0.0|False|False|False|False
19147|7.0|46.0|25.571428571428573|0.0|False|False|False|False
19148|9.0|34.0|21.77777777777778|1.0|False|True|False|False
19149|5.0|30.0|21.4|0.0|False|False|False|False
19150|8.0|48.0|18.375|1.0|False|True|False|False
19151|5.0|84.0|38.8|0.0|True|False|False|False
19152|5.0|56.0|29.2|0.0|False|False|False|False
19153|7.0|40.0|23.428571428571427|1.0|False|True|False|False
19154|7.0|32.0|19.0|1.0|False|True|False|False
19155|5.0|49.0|28.8|0.0|False|False|False|False
19158|17.0|60.0|17.823529411764707|3.0|False|True|False|False
19160|21.0|74.0|32.333333333333336|3.0|False|True|False|False
19161|18.0|52.0|27.11111111111111|2.0|False|True|False|False
19162|6.0|41.0|20.5|0.0|False|False|False|False
19163|7.0|45.0|25.714285714285715|0.0|False|False|False|False
19164|8.0|56.0|23.0|0.0|False|False|False|False
19165|6.0|135.0|37.5|2.0|True|True|False|False
19166|7.0|40.0|20.0|0.0|False|False|False|False
19167|8.0|67.0|28.25|0.0|False|False|False|False
19168|9.0|30.0|20.333333333333332|0.0|False|False|False|False
19169|7.0|38.0|22.857142857142858|0.0|False|False|False|False
19170|6.0|55.0|32.833333333333336|0.0|False|False|False|False
19172|10.0|90.0|34.7|0.0|True|False|False|False
19173|8.0|38.0|26.375|1.0|False|True|False|False
19174|12.0|32.0|24.0|1.0|False|True|False|False
19175|9.0|40.0|25.77777777777778|0.0|False|False|False|False
19176|7.0|46.0|24.857142857142858|0.0|False|False|False|False
19177|23.0|44.0|21.347826086956523|2.0|False|True|False|False
19178|13.0|42.0|24.923076923076923|0.0|False|False|False|False
19180|14.0|55.0|24.142857142857142|0.0|False|False|False|False
19182|33.0|41.0|19.606060606060606|6.0|False|True|False|False
19183|14.0|34.0|21.857142857142858|1.0|False|True|False|False
19184|15.0|41.0|21.933333333333334|0.0|False|False|False|False
19185|14.0|35.0|21.142857142857142|0.0|False|False|False|False
19188|14.0|52.0|23.285714285714285|0.0|False|False|False|False
19190|12.0|57.0|18.583333333333332|1.0|False|True|False|False
19192|5.0|24.0|16.8|0.0|False|False|False|False
19194|5.0|26.0|23.2|0.0|False|False|False|False
19196|9.0|37.0|18.88888888888889|0.0|False|False|False|False
19197|13.0|75.0|31.53846153846154|0.0|False|False|False|False
19198|8.0|42.0|18.625|0.0|False|False|False|False
19200|8.0|67.0|31.375|1.0|False|True|False|False
19202|7.0|44.0|24.142857142857142|0.0|False|False|False|False
19204|6.0|63.0|33.5|0.0|False|False|False|False
19205|9.0|47.0|27.666666666666668|0.0|False|False|False|False
19206|7.0|61.0|29.857142857142858|0.0|False|False|False|False
19207|6.0|37.0|24.333333333333332|0.0|False|False|False|False
19208|4.0|49.0|25.5|0.0|False|False|False|False
19209|6.0|95.0|32.5|0.0|True|False|False|False
19210|7.0|65.0|28.571428571428573|1.0|False|True|False|False
19211|10.0|34.0|21.9|0.0|False|False|False|False
19212|9.0|110.0|28.11111111111111|0.0|True|False|False|False
19213|6.0|55.0|34.333333333333336|0.0|False|False|False|False
19215|7.0|34.0|23.571428571428573|0.0|False|False|False|False
19216|10.0|46.0|25.1|3.0|False|True|False|False
19217|12.0|33.0|21.583333333333332|0.0|False|False|False|False
19218|8.0|77.0|32.75|0.0|False|False|False|False
19219|6.0|101.0|37.166666666666664|0.0|True|False|False|False
19221|14.0|29.0|18.071428571428573|2.0|False|True|False|False
19222|9.0|42.0|22.444444444444443|0.0|False|False|False|False
19223|9.0|36.0|19.11111111111111|1.0|False|True|False|False
19225|10.0|32.0|23.0|0.0|False|False|False|False
19226|10.0|37.0|20.3|0.0|False|False|False|False
19227|16.0|52.0|21.9375|1.0|False|True|False|False
19228|9.0|44.0|28.22222222222222|1.0|False|True|False|False
19230|8.0|71.0|29.875|0.0|False|False|False|False
19231|10.0|39.0|27.2|0.0|False|False|False|False
19232|10.0|48.0|25.5|0.0|False|False|False|False
19233|13.0|40.0|19.692307692307693|0.0|False|False|False|False
19234|9.0|75.0|25.333333333333332|0.0|False|False|False|False
19235|10.0|25.0|16.1|0.0|False|False|False|False
19236|12.0|35.0|20.583333333333332|0.0|False|False|False|False
19237|10.0|93.0|33.0|1.0|True|True|False|False
19238|7.0|46.0|23.714285714285715|1.0|False|True|False|False
19239|10.0|41.0|22.4|0.0|False|False|False|False
19240|9.0|25.0|17.11111111111111|0.0|False|False|False|False
19241|9.0|33.0|22.77777777777778|0.0|False|False|False|False
19242|7.0|45.0|27.714285714285715|0.0|False|False|False|False
19243|7.0|36.0|22.142857142857142|0.0|False|False|False|False
19244|7.0|32.0|25.285714285714285|0.0|False|False|False|False
19245|10.0|79.0|33.0|0.0|False|False|False|False
19246|12.0|33.0|19.666666666666668|0.0|False|False|False|False
19247|8.0|36.0|23.875|1.0|False|True|False|False
19248|8.0|35.0|27.375|0.0|False|False|False|False
19249|6.0|86.0|31.0|0.0|True|False|False|False
19251|7.0|29.0|22.428571428571427|1.0|False|True|False|False
19252|8.0|33.0|18.625|0.0|False|False|False|False
19253|5.0|37.0|27.0|0.0|False|False|False|False
19254|6.0|59.0|31.333333333333332|0.0|False|False|False|False
19255|9.0|26.0|15.0|0.0|False|False|False|False
19256|4.0|91.0|40.5|0.0|True|False|False|False
19257|6.0|36.0|25.5|0.0|False|False|False|False
19258|11.0|63.0|23.272727272727273|0.0|False|False|False|False
19259|8.0|42.0|28.625|0.0|False|False|False|False
19260|9.0|34.0|25.0|1.0|False|True|False|False
19261|12.0|37.0|21.75|0.0|False|False|False|False
19262|14.0|34.0|20.5|0.0|False|False|False|False
19263|11.0|33.0|20.363636363636363|0.0|False|False|False|False
19264|9.0|43.0|23.444444444444443|0.0|False|False|False|False
19265|7.0|38.0|22.857142857142858|0.0|False|False|False|False
19266|11.0|36.0|21.545454545454547|0.0|False|False|False|False
19267|8.0|38.0|26.125|0.0|False|False|False|False
19269|6.0|37.0|23.0|0.0|False|False|False|False
19270|9.0|40.0|21.88888888888889|0.0|False|False|False|False
19272|9.0|64.0|31.444444444444443|0.0|False|False|False|False
19273|8.0|30.0|21.875|0.0|False|False|False|False
19274|7.0|36.0|20.0|0.0|False|False|False|False
19276|10.0|56.0|27.1|1.0|False|True|False|False
19277|11.0|37.0|23.545454545454547|0.0|False|False|False|False
19278|9.0|35.0|24.11111111111111|0.0|False|False|False|False
19279|12.0|53.0|18.916666666666668|0.0|False|False|False|False
19280|9.0|47.0|25.444444444444443|0.0|False|False|False|False
19281|12.0|38.0|18.5|2.0|False|True|False|False
19282|9.0|23.0|16.11111111111111|0.0|False|False|False|False
19283|7.0|39.0|21.142857142857142|1.0|False|True|False|False
19284|7.0|41.0|23.428571428571427|0.0|False|False|False|False
19285|9.0|45.0|24.444444444444443|0.0|False|False|False|False
19286|8.0|42.0|21.0|0.0|False|False|False|False
19287|8.0|35.0|21.375|0.0|False|False|False|False
19288|9.0|43.0|28.333333333333332|1.0|False|True|False|False
19289|9.0|32.0|19.88888888888889|0.0|False|False|False|False
19290|12.0|24.0|17.416666666666668|0.0|False|False|False|False
19291|10.0|40.0|23.0|1.0|False|True|False|False
19292|11.0|32.0|19.727272727272727|0.0|False|False|False|False
19293|8.0|59.0|23.125|0.0|False|False|False|False
19294|11.0|35.0|25.363636363636363|0.0|False|False|False|False
19295|9.0|31.0|20.11111111111111|0.0|False|False|False|False
19296|18.0|30.0|17.666666666666668|2.0|False|True|False|False
19297|7.0|55.0|23.142857142857142|0.0|False|False|False|False
19298|10.0|40.0|24.3|0.0|False|False|False|False
19299|8.0|55.0|29.125|0.0|False|False|False|False
19300|11.0|31.0|19.636363636363637|0.0|False|False|False|False
19302|8.0|36.0|21.875|0.0|False|False|False|False
19303|9.0|30.0|22.555555555555557|0.0|False|False|False|False
19304|6.0|30.0|22.166666666666668|0.0|False|False|False|False
19305|11.0|38.0|21.0|0.0|False|False|False|False
19306|10.0|34.0|18.6|0.0|False|False|False|False
19307|12.0|38.0|22.0|0.0|False|False|False|False
19309|8.0|39.0|19.25|0.0|False|False|False|False
19310|10.0|48.0|25.4|0.0|False|False|False|False
19311|6.0|44.0|27.5|0.0|False|False|False|False
19313|9.0|37.0|24.444444444444443|0.0|False|False|False|False
19314|7.0|36.0|25.428571428571427|0.0|False|False|False|False
19315|7.0|40.0|26.0|0.0|False|False|False|False
19316|12.0|38.0|21.75|0.0|False|False|False|False
19317|9.0|36.0|22.666666666666668|1.0|False|True|False|False
19318|10.0|40.0|25.3|0.0|False|False|False|False
19319|10.0|41.0|21.9|0.0|False|False|False|False
19320|12.0|28.0|17.333333333333332|0.0|False|False|False|False
19321|10.0|37.0|22.7|0.0|False|False|False|False
19322|10.0|30.0|20.4|0.0|False|False|False|False
19323|7.0|37.0|26.0|0.0|False|False|False|False
19324|7.0|66.0|31.428571428571427|0.0|False|False|False|False
19325|7.0|37.0|26.285714285714285|0.0|False|False|False|False
19327|12.0|30.0|19.166666666666668|0.0|False|False|False|False
19328|10.0|47.0|21.8|0.0|False|False|False|False
19329|11.0|39.0|24.181818181818183|0.0|False|False|False|False
19330|7.0|36.0|23.571428571428573|0.0|False|False|False|False
19332|12.0|39.0|21.666666666666668|0.0|False|False|False|False
19333|6.0|61.0|38.333333333333336|0.0|False|False|False|False
19335|7.0|52.0|27.428571428571427|0.0|False|False|False|False
19336|7.0|45.0|29.285714285714285|0.0|False|False|False|False
19337|8.0|29.0|24.625|0.0|False|False|False|False
19338|9.0|43.0|27.22222222222222|0.0|False|False|False|False
19340|8.0|40.0|28.0|0.0|False|False|False|False
19341|5.0|36.0|24.2|0.0|False|False|False|False
19343|7.0|55.0|26.142857142857142|1.0|False|True|False|False
19344|6.0|64.0|28.666666666666668|0.0|False|False|False|False
19345|6.0|29.0|25.166666666666668|0.0|False|False|False|False
19346|5.0|33.0|25.6|0.0|False|False|False|False
19347|9.0|32.0|21.555555555555557|1.0|False|True|False|False
19348|6.0|57.0|31.666666666666668|0.0|False|False|False|False
19349|6.0|47.0|28.666666666666668|0.0|False|False|False|False
19350|7.0|43.0|32.857142857142854|0.0|False|False|False|False
19351|10.0|59.0|28.3|0.0|False|False|False|False
19352|6.0|34.0|25.333333333333332|0.0|False|False|False|False
19353|6.0|36.0|30.333333333333332|0.0|False|False|False|False
19354|7.0|35.0|23.571428571428573|0.0|False|False|False|False
19355|5.0|41.0|29.2|5.0|False|True|False|False
19356|10.0|42.0|24.3|0.0|False|False|False|False
19357|8.0|43.0|23.625|0.0|False|False|False|False
19358|8.0|39.0|28.25|0.0|False|False|False|False
19359|5.0|69.0|36.2|0.0|False|False|False|False
19361|7.0|31.0|22.714285714285715|0.0|False|False|False|False
19362|7.0|46.0|25.428571428571427|0.0|False|False|False|False
19363|8.0|35.0|20.5|2.0|False|True|False|False
19364|7.0|41.0|25.571428571428573|0.0|False|False|False|False
19365|10.0|40.0|26.3|0.0|False|False|False|False
19366|7.0|32.0|26.714285714285715|0.0|False|False|False|False
19368|7.0|34.0|24.571428571428573|0.0|False|False|False|False
19369|6.0|75.0|32.833333333333336|1.0|False|True|False|False
19370|5.0|77.0|35.4|0.0|False|False|False|False
19371|16.0|34.0|23.625|1.0|False|True|False|False
19372|15.0|30.0|18.933333333333334|0.0|False|False|False|False
19373|18.0|84.0|21.444444444444443|1.0|True|True|False|False
19374|18.0|39.0|19.77777777777778|0.0|False|False|False|False
19375|5.0|45.0|28.6|0.0|False|False|False|False
19376|13.0|93.0|28.846153846153847|2.0|True|True|False|False
19377|7.0|53.0|31.571428571428573|0.0|False|False|False|False
19378|18.0|28.0|18.72222222222222|1.0|False|True|False|False
19379|6.0|45.0|32.5|0.0|False|False|False|False
19380|5.0|43.0|29.8|0.0|False|False|False|False
19381|15.0|48.0|21.933333333333334|1.0|False|True|False|False
19382|7.0|42.0|25.857142857142858|0.0|False|False|False|False
19384|8.0|40.0|29.125|0.0|False|False|False|False
19385|12.0|44.0|25.333333333333332|0.0|False|False|False|False
19387|5.0|50.0|32.8|0.0|False|False|False|False
19388|4.0|38.0|28.0|0.0|False|False|False|False
19389|19.0|52.0|19.736842105263158|0.0|False|False|False|False
19390|12.0|38.0|22.416666666666668|0.0|False|False|False|False
19392|10.0|51.0|33.8|0.0|False|False|False|False
19393|10.0|63.0|35.3|1.0|False|True|False|False
19394|15.0|39.0|20.666666666666668|0.0|False|False|False|False
19395|7.0|28.0|19.428571428571427|0.0|False|False|False|False
19396|14.0|87.0|25.357142857142858|1.0|True|True|False|False
19397|10.0|30.0|20.5|1.0|False|True|False|False
19398|12.0|44.0|25.333333333333332|0.0|False|False|False|False
19399|13.0|44.0|21.0|3.0|False|True|False|False
19400|12.0|52.0|25.833333333333332|0.0|False|False|False|False
19401|7.0|44.0|25.285714285714285|0.0|False|False|False|False
19402|8.0|44.0|28.125|0.0|False|False|False|False
19403|6.0|35.0|21.833333333333332|1.0|False|True|False|False
19404|8.0|36.0|23.875|0.0|False|False|False|False
19405|10.0|76.0|30.2|0.0|False|False|False|False
19406|11.0|52.0|29.363636363636363|0.0|False|False|False|False
19407|6.0|55.0|25.166666666666668|0.0|False|False|False|False
19408|7.0|61.0|32.0|0.0|False|False|False|False
19409|10.0|29.0|20.7|0.0|False|False|False|False
19410|10.0|32.0|21.6|0.0|False|False|False|False
19411|12.0|42.0|21.583333333333332|0.0|False|False|False|False
19412|11.0|60.0|25.272727272727273|0.0|False|False|False|False
19413|15.0|37.0|20.333333333333332|0.0|False|False|False|False
19414|7.0|42.0|25.857142857142858|0.0|False|False|False|False
19415|7.0|54.0|27.428571428571427|0.0|False|False|False|False
19418|8.0|36.0|23.875|2.0|False|True|False|False
19419|14.0|28.0|19.142857142857142|0.0|False|False|False|False
19420|6.0|45.0|32.5|0.0|False|False|False|False
19421|11.0|45.0|25.363636363636363|1.0|False|True|False|False
19422|9.0|53.0|30.0|0.0|False|False|False|False
19423|8.0|50.0|29.625|0.0|False|False|False|False
19424|9.0|36.0|21.333333333333332|0.0|False|False|False|False
19425|8.0|29.0|19.75|0.0|False|False|False|False
19426|11.0|39.0|20.272727272727273|0.0|False|False|False|False
19427|11.0|85.0|26.818181818181817|0.0|True|False|False|False
19428|8.0|50.0|19.125|1.0|False|True|False|False
19429|7.0|46.0|24.0|0.0|False|False|False|False
19430|8.0|48.0|31.0|0.0|False|False|False|False
19431|6.0|77.0|27.666666666666668|0.0|False|False|False|False
19432|10.0|61.0|27.2|0.0|False|False|False|False
19433|5.0|79.0|33.0|0.0|False|False|False|False
19434|6.0|47.0|25.833333333333332|0.0|False|False|False|False
19435|5.0|93.0|49.6|0.0|True|False|False|False
19436|11.0|41.0|19.727272727272727|0.0|False|False|False|False
19437|9.0|41.0|29.11111111111111|0.0|False|False|False|False
19438|13.0|28.0|18.53846153846154|1.0|False|True|False|False
19439|10.0|45.0|19.0|4.0|False|True|False|False
19440|7.0|42.0|32.142857142857146|0.0|False|False|False|False
19441|6.0|40.0|29.833333333333332|0.0|False|False|False|False
19442|11.0|32.0|15.272727272727273|2.0|False|True|False|False
19443|6.0|30.0|16.833333333333332|0.0|False|False|False|False
19444|6.0|96.0|47.333333333333336|0.0|True|False|False|False
19445|10.0|78.0|30.7|0.0|False|False|False|False
19446|10.0|111.0|34.0|0.0|True|False|False|False
19447|9.0|31.0|16.88888888888889|1.0|False|True|False|False
19448|12.0|38.0|21.916666666666668|1.0|False|True|False|False
19449|8.0|42.0|26.625|0.0|False|False|False|False
19450|5.0|74.0|40.4|0.0|False|False|False|False
19452|12.0|36.0|19.416666666666668|0.0|False|False|False|False
19453|7.0|57.0|23.714285714285715|0.0|False|False|False|False
19454|11.0|67.0|25.0|0.0|False|False|False|False
19455|5.0|32.0|24.4|0.0|False|False|False|False
19457|20.0|54.0|21.0|20.0|False|True|False|False
19458|8.0|34.0|26.0|8.0|False|True|False|False
19459|15.0|29.0|21.0|15.0|False|True|False|False
19461|17.0|52.0|18.88235294117647|17.0|False|True|False|False
19462|12.0|26.0|16.75|12.0|False|True|False|False
19463|16.0|31.0|20.875|16.0|False|True|False|False
19464|11.0|41.0|22.363636363636363|11.0|False|True|False|False
19466|12.0|40.0|26.083333333333332|0.0|False|False|False|False
19467|12.0|51.0|22.166666666666668|12.0|False|True|False|False
19469|9.0|34.0|23.77777777777778|9.0|False|True|False|False
19471|19.0|29.0|20.63157894736842|19.0|False|True|False|False
19472|10.0|48.0|24.9|10.0|False|True|False|False
19473|14.0|46.0|21.357142857142858|14.0|False|True|False|False
19476|10.0|29.0|17.4|10.0|False|True|False|False
19479|16.0|64.0|23.6875|16.0|False|True|False|False
19480|12.0|30.0|18.416666666666668|0.0|False|False|False|False
19481|11.0|39.0|19.818181818181817|0.0|False|False|False|False
19482|10.0|31.0|24.6|0.0|False|False|False|False
19483|5.0|29.0|22.0|0.0|False|False|False|False
19484|6.0|55.0|27.0|0.0|False|False|False|False
19485|11.0|25.0|20.818181818181817|0.0|False|False|False|False
19486|11.0|32.0|21.09090909090909|0.0|False|False|False|False
19487|6.0|37.0|25.0|0.0|False|False|False|False
19488|9.0|38.0|25.11111111111111|0.0|False|False|False|False
19489|11.0|41.0|23.272727272727273|0.0|False|False|False|False
19490|9.0|27.0|17.88888888888889|0.0|False|False|False|False
19491|7.0|34.0|23.142857142857142|0.0|False|False|False|False
19492|10.0|64.0|22.2|0.0|False|False|False|False
19493|9.0|87.0|32.0|1.0|True|True|False|False
19495|9.0|39.0|25.88888888888889|0.0|False|False|False|False
19496|12.0|90.0|26.833333333333332|1.0|True|True|False|False
19497|7.0|43.0|23.285714285714285|0.0|False|False|False|False
19499|8.0|49.0|22.625|0.0|False|False|False|False
19500|7.0|81.0|29.285714285714285|0.0|True|False|False|False
19501|8.0|36.0|18.125|0.0|False|False|False|False
19502|7.0|49.0|29.142857142857142|0.0|False|False|False|False
19503|9.0|58.0|34.333333333333336|0.0|False|False|False|False
19504|10.0|47.0|26.3|0.0|False|False|False|False
19506|6.0|69.0|34.0|0.0|False|False|False|False
19508|8.0|87.0|30.0|0.0|True|False|False|False
19509|10.0|47.0|25.9|0.0|False|False|False|False
19510|9.0|60.0|29.333333333333332|0.0|False|False|False|False
19511|9.0|56.0|22.11111111111111|1.0|False|True|False|False
19513|11.0|32.0|17.818181818181817|0.0|False|False|False|False
19514|8.0|54.0|22.125|0.0|False|False|False|False
19515|9.0|69.0|28.666666666666668|0.0|False|False|False|False
19516|8.0|81.0|36.125|0.0|True|False|False|False
19517|14.0|48.0|27.214285714285715|0.0|False|False|False|False
19518|4.0|88.0|43.75|0.0|True|False|False|False
19520|8.0|70.0|37.75|0.0|False|False|False|False
19521|8.0|26.0|20.125|0.0|False|False|False|False
19522|3.0|79.0|60.666666666666664|0.0|False|False|False|False
19523|10.0|48.0|21.6|0.0|False|False|False|False
19524|6.0|52.0|27.666666666666668|0.0|False|False|False|False
19528|8.0|70.0|34.75|0.0|False|False|False|False
19529|12.0|33.0|22.666666666666668|1.0|False|True|False|False
19530|13.0|31.0|21.153846153846153|0.0|False|False|False|False
19531|12.0|40.0|21.5|0.0|False|False|False|False
19532|12.0|108.0|24.833333333333332|0.0|True|False|False|False
19533|10.0|38.0|23.6|0.0|False|False|False|False
19535|12.0|40.0|23.166666666666668|0.0|False|False|False|False
19536|14.0|37.0|19.857142857142858|0.0|False|False|False|False
19537|11.0|41.0|25.363636363636363|0.0|False|False|False|False
19538|9.0|37.0|24.22222222222222|0.0|False|False|False|False
19539|7.0|41.0|29.285714285714285|0.0|False|False|False|False
19540|9.0|53.0|22.666666666666668|0.0|False|False|False|False
19541|13.0|65.0|21.923076923076923|0.0|False|False|False|False
19542|9.0|33.0|19.444444444444443|0.0|False|False|False|False
19543|8.0|42.0|23.0|0.0|False|False|False|False
19544|13.0|28.0|16.692307692307693|2.0|False|True|False|False
19547|10.0|33.0|22.6|0.0|False|False|False|False
19549|5.0|33.0|22.4|0.0|False|False|False|False
19550|7.0|30.0|22.857142857142858|0.0|False|False|False|False
19551|8.0|35.0|23.25|0.0|False|False|False|False
19552|13.0|34.0|21.307692307692307|0.0|False|False|False|False
19553|15.0|28.0|15.866666666666667|0.0|False|False|False|False
19554|7.0|41.0|29.428571428571427|0.0|False|False|False|False
19555|10.0|44.0|24.6|0.0|False|False|False|False
19556|8.0|44.0|28.0|0.0|False|False|False|False
19557|7.0|36.0|25.0|0.0|False|False|False|False
19558|9.0|40.0|19.444444444444443|0.0|False|False|False|False
19559|8.0|52.0|27.875|0.0|False|False|False|False
19560|8.0|31.0|19.0|0.0|False|False|False|False
19561|9.0|47.0|26.88888888888889|0.0|False|False|False|False
19562|9.0|50.0|29.11111111111111|0.0|False|False|False|False
19563|10.0|44.0|24.0|0.0|False|False|False|False
19564|7.0|45.0|26.428571428571427|0.0|False|False|False|False
19566|8.0|64.0|31.375|0.0|False|False|False|False
19567|7.0|41.0|26.142857142857142|0.0|False|False|False|False
19568|9.0|45.0|25.11111111111111|0.0|False|False|False|False
19569|8.0|53.0|30.375|0.0|False|False|False|False
19571|7.0|47.0|25.857142857142858|0.0|False|False|False|False
19572|7.0|35.0|26.714285714285715|0.0|False|False|False|False
19573|7.0|57.0|32.42857142857143|0.0|False|False|False|False
19574|11.0|38.0|23.09090909090909|0.0|False|False|False|False
19575|10.0|34.0|23.8|0.0|False|False|False|False
19577|7.0|63.0|24.142857142857142|0.0|False|False|False|False
19578|13.0|56.0|20.0|0.0|False|False|False|False
19579|9.0|40.0|26.11111111111111|0.0|False|False|False|False
19580|10.0|30.0|20.8|1.0|False|True|False|False
19581|8.0|45.0|26.0|0.0|False|False|False|False
19582|6.0|27.0|19.833333333333332|0.0|False|False|False|False
19583|10.0|28.0|15.7|0.0|False|False|False|False
19584|6.0|55.0|34.666666666666664|0.0|False|False|False|False
19586|9.0|39.0|25.333333333333332|0.0|False|False|False|False
19587|10.0|39.0|22.6|0.0|False|False|False|False
19588|7.0|28.0|20.571428571428573|0.0|False|False|False|False
19589|5.0|77.0|47.6|0.0|False|False|False|False
19590|12.0|41.0|19.75|0.0|False|False|False|False
19591|8.0|56.0|28.0|0.0|False|False|False|False
19592|9.0|118.0|31.77777777777778|1.0|True|True|False|False
19593|8.0|46.0|30.25|0.0|False|False|False|False
19594|6.0|50.0|27.0|0.0|False|False|False|False
19596|8.0|35.0|24.375|0.0|False|False|False|False
19597|8.0|37.0|20.5|0.0|False|False|False|False
19598|12.0|33.0|21.666666666666668|0.0|False|False|False|False
19599|7.0|31.0|19.0|0.0|False|False|False|False
19600|8.0|48.0|25.25|0.0|False|False|False|False
19601|12.0|27.0|18.666666666666668|0.0|False|False|False|False
19602|8.0|39.0|23.625|0.0|False|False|False|False
19603|9.0|45.0|26.22222222222222|0.0|False|False|False|False
19604|4.0|110.0|46.0|1.0|True|True|False|False
19605|9.0|28.0|21.666666666666668|0.0|False|False|False|False
19606|11.0|50.0|25.454545454545453|0.0|False|False|False|False
19607|9.0|57.0|31.666666666666668|0.0|False|False|False|False
19608|12.0|81.0|27.0|0.0|True|False|False|False
19609|15.0|70.0|25.666666666666668|1.0|False|True|False|False
19610|10.0|87.0|32.2|1.0|True|True|False|False
19611|17.0|46.0|21.235294117647058|2.0|False|True|False|False
19612|14.0|119.0|29.357142857142858|1.0|True|True|False|False
19613|11.0|132.0|44.90909090909091|0.0|True|False|False|False
19615|13.0|39.0|24.53846153846154|0.0|False|False|False|False
19616|13.0|37.0|22.384615384615383|1.0|False|True|False|False
19617|17.0|40.0|24.176470588235293|0.0|False|False|False|False
19618|7.0|61.0|32.57142857142857|0.0|False|False|False|False
19619|5.0|78.0|44.0|0.0|False|False|False|False
19620|7.0|44.0|34.857142857142854|0.0|False|False|False|False
19621|10.0|39.0|22.8|0.0|False|False|False|False
19622|9.0|37.0|19.666666666666668|0.0|False|False|False|False
19623|6.0|72.0|29.5|0.0|False|False|False|False
19624|10.0|50.0|28.5|0.0|False|False|False|False
19625|7.0|51.0|29.714285714285715|0.0|False|False|False|False
19626|7.0|59.0|38.714285714285715|7.0|False|True|False|False
19627|7.0|40.0|27.857142857142858|0.0|False|False|False|False
19628|7.0|38.0|27.714285714285715|0.0|False|False|False|False
19629|6.0|41.0|26.166666666666668|0.0|False|False|False|False
19630|7.0|63.0|35.285714285714285|0.0|False|False|False|False
19631|6.0|92.0|38.0|0.0|True|False|False|False
19632|9.0|44.0|28.444444444444443|0.0|False|False|False|False
19633|6.0|60.0|27.666666666666668|0.0|False|False|False|False
19634|13.0|54.0|22.23076923076923|2.0|False|True|False|False
19635|7.0|69.0|27.142857142857142|0.0|False|False|False|False
19636|6.0|68.0|27.833333333333332|0.0|False|False|False|False
19637|18.0|28.0|17.833333333333332|1.0|False|True|False|False
19638|6.0|38.0|28.333333333333332|0.0|False|False|False|False
19639|12.0|68.0|26.333333333333332|0.0|False|False|False|False
19640|13.0|80.0|29.0|0.0|False|False|False|False
19641|9.0|29.0|17.333333333333332|1.0|False|True|False|False
19642|18.0|32.0|18.38888888888889|1.0|False|True|False|False
19643|9.0|34.0|17.11111111111111|1.0|False|True|False|False
19644|13.0|29.0|17.615384615384617|1.0|False|True|False|False
19645|12.0|37.0|25.583333333333332|3.0|False|True|False|False
19646|9.0|38.0|20.0|0.0|False|False|False|False
19647|10.0|67.0|25.8|0.0|False|False|False|False
19648|7.0|60.0|30.285714285714285|0.0|False|False|False|False
19649|3.0|94.0|65.66666666666667|0.0|True|False|False|False
19650|13.0|43.0|20.923076923076923|0.0|False|False|False|False
19651|5.0|80.0|41.8|0.0|False|False|False|False
19652|12.0|29.0|18.0|0.0|False|False|False|False
19653|18.0|79.0|26.27777777777778|0.0|False|False|False|False
19654|10.0|34.0|24.1|1.0|False|True|False|False
19655|11.0|38.0|19.272727272727273|0.0|False|False|False|False
19656|9.0|28.0|23.22222222222222|0.0|False|False|False|False
19657|13.0|82.0|33.07692307692308|0.0|True|False|False|False
19658|10.0|35.0|20.7|0.0|False|False|False|False
19659|8.0|37.0|23.875|0.0|False|False|False|False
19660|8.0|43.0|29.125|0.0|False|False|False|False
19661|7.0|35.0|25.571428571428573|0.0|False|False|False|False
19662|8.0|35.0|26.0|0.0|False|False|False|False
19663|6.0|74.0|38.666666666666664|0.0|False|False|False|False
19664|5.0|91.0|42.8|0.0|True|False|False|False
19665|6.0|46.0|30.666666666666668|0.0|False|False|False|False
19666|7.0|37.0|24.285714285714285|0.0|False|False|False|False
19667|8.0|44.0|31.375|0.0|False|False|False|False
19668|7.0|68.0|37.285714285714285|0.0|False|False|False|False
19669|7.0|56.0|25.285714285714285|0.0|False|False|False|False
19670|8.0|38.0|28.625|0.0|False|False|False|False
19671|8.0|63.0|30.125|0.0|False|False|False|False
19672|7.0|74.0|33.42857142857143|0.0|False|False|False|False
19673|8.0|68.0|28.875|0.0|False|False|False|False
19674|8.0|47.0|32.875|0.0|False|False|False|False
19675|7.0|47.0|25.571428571428573|0.0|False|False|False|False
19676|10.0|49.0|24.2|0.0|False|False|False|False
19677|12.0|41.0|22.666666666666668|0.0|False|False|False|False
19678|7.0|69.0|23.857142857142858|0.0|False|False|False|False
19679|14.0|54.0|22.642857142857142|0.0|False|False|False|False
19680|5.0|66.0|35.6|0.0|False|False|False|False
19681|16.0|41.0|22.0625|0.0|False|False|False|False
19682|8.0|38.0|24.0|0.0|False|False|False|False
19684|9.0|48.0|28.444444444444443|0.0|False|False|False|False
19685|6.0|34.0|28.833333333333332|0.0|False|False|False|False
19686|14.0|34.0|22.0|1.0|False|True|False|False
19688|9.0|65.0|30.0|0.0|False|False|False|False
19689|11.0|44.0|25.363636363636363|1.0|False|True|False|False
19690|15.0|50.0|22.6|1.0|False|True|False|False
19691|6.0|33.0|26.333333333333332|0.0|False|False|False|False
19692|8.0|42.0|25.375|0.0|False|False|False|False
19693|13.0|41.0|23.384615384615383|0.0|False|False|False|False
19694|15.0|35.0|25.133333333333333|0.0|False|False|False|False
19695|7.0|76.0|36.57142857142857|0.0|False|False|False|False
19696|8.0|54.0|27.25|0.0|False|False|False|False
19697|5.0|56.0|37.6|0.0|False|False|False|False
19699|12.0|57.0|27.583333333333332|1.0|False|True|False|False
19700|13.0|46.0|23.0|0.0|False|False|False|False
19701|12.0|42.0|24.0|0.0|False|False|False|False
19702|12.0|43.0|23.0|0.0|False|False|False|False
19704|11.0|84.0|33.72727272727273|0.0|True|False|False|False
19706|12.0|38.0|18.75|1.0|False|True|False|False
19707|13.0|126.0|34.30769230769231|2.0|True|True|False|False
19709|11.0|65.0|29.181818181818183|0.0|False|False|False|False
19710|6.0|67.0|33.833333333333336|0.0|False|False|False|False
19713|6.0|79.0|36.666666666666664|0.0|False|False|False|False
19714|5.0|65.0|34.2|1.0|False|True|False|False
19716|8.0|32.0|26.25|0.0|False|False|False|False
19717|7.0|56.0|32.142857142857146|0.0|False|False|False|False
19718|13.0|46.0|22.923076923076923|0.0|False|False|False|False
19719|9.0|43.0|20.11111111111111|1.0|False|True|False|False
19720|9.0|41.0|27.11111111111111|0.0|False|False|False|False
19722|14.0|64.0|25.928571428571427|0.0|False|False|False|False
19723|8.0|52.0|24.375|0.0|False|False|False|False
19724|6.0|52.0|24.666666666666668|0.0|False|False|False|False
19726|9.0|34.0|20.22222222222222|1.0|False|True|False|False
19727|9.0|43.0|25.444444444444443|0.0|False|False|False|False
19728|8.0|60.0|25.125|0.0|False|False|False|False
19729|7.0|44.0|28.142857142857142|0.0|False|False|False|False
19730|9.0|33.0|19.77777777777778|1.0|False|True|False|False
19731|6.0|36.0|22.166666666666668|0.0|False|False|False|False
19732|8.0|59.0|30.25|0.0|False|False|False|False
19733|8.0|43.0|27.75|0.0|False|False|False|False
19734|9.0|44.0|24.555555555555557|0.0|False|False|False|False
19736|9.0|63.0|30.333333333333332|0.0|False|False|False|False
19738|8.0|48.0|31.75|0.0|False|False|False|False
19739|10.0|60.0|25.2|0.0|False|False|False|False
19740|8.0|31.0|22.875|0.0|False|False|False|False
19741|7.0|78.0|27.0|0.0|False|False|False|False
19743|12.0|36.0|20.25|1.0|False|True|False|False
19745|6.0|43.0|24.5|0.0|False|False|False|False
19747|20.0|44.0|22.25|20.0|False|True|False|False
19748|12.0|39.0|23.583333333333332|12.0|False|True|False|False
19749|10.0|31.0|22.9|10.0|False|True|False|False
19751|11.0|39.0|24.454545454545453|0.0|False|False|False|False
19752|24.0|34.0|20.916666666666668|24.0|False|True|False|False
19753|12.0|37.0|21.25|12.0|False|True|False|False
19754|11.0|32.0|19.09090909090909|0.0|False|False|False|False
19755|17.0|62.0|23.823529411764707|17.0|False|True|False|False
19756|7.0|51.0|28.285714285714285|7.0|False|True|False|False
19757|12.0|46.0|24.25|12.0|False|True|False|False
19758|9.0|42.0|29.0|9.0|False|True|False|False
19759|11.0|40.0|23.09090909090909|11.0|False|True|False|False
19760|9.0|28.0|19.88888888888889|9.0|False|True|False|False
19761|10.0|36.0|25.0|0.0|False|False|False|False
19763|11.0|46.0|22.09090909090909|3.0|False|True|False|False
19764|9.0|47.0|29.77777777777778|0.0|False|False|False|False
19765|8.0|42.0|25.5|0.0|False|False|False|False
19766|9.0|38.0|18.22222222222222|0.0|False|False|False|False
19767|6.0|75.0|35.166666666666664|0.0|False|False|False|False
19772|7.0|64.0|32.857142857142854|0.0|False|False|False|False
19773|10.0|30.0|20.9|0.0|False|False|False|False
19775|8.0|38.0|18.75|0.0|False|False|False|False
19776|9.0|45.0|29.0|0.0|False|False|False|False
19777|10.0|37.0|20.0|0.0|False|False|False|False
19778|8.0|46.0|26.875|0.0|False|False|False|False
19780|9.0|27.0|20.333333333333332|0.0|False|False|False|False
19781|10.0|47.0|27.2|0.0|False|False|False|False
19782|11.0|36.0|24.363636363636363|0.0|False|False|False|False
19783|8.0|62.0|33.75|0.0|False|False|False|False
19784|5.0|34.0|23.4|0.0|False|False|False|False
19785|12.0|66.0|23.083333333333332|1.0|False|True|False|False
19786|8.0|77.0|25.25|0.0|False|False|False|False
19787|6.0|108.0|46.166666666666664|1.0|True|True|False|False
19789|8.0|41.0|22.125|0.0|False|False|False|False
19790|6.0|64.0|34.333333333333336|0.0|False|False|False|False
19791|8.0|66.0|24.5|0.0|False|False|False|False
19793|12.0|70.0|28.166666666666668|0.0|False|False|False|False
19794|9.0|29.0|21.0|0.0|False|False|False|False
19795|11.0|52.0|23.181818181818183|0.0|False|False|False|False
19798|5.0|42.0|28.8|0.0|False|False|False|False
19799|10.0|45.0|16.8|1.0|False|True|False|False
19800|8.0|55.0|28.875|0.0|False|False|False|False
19801|10.0|39.0|26.3|0.0|False|False|False|False
19802|8.0|38.0|30.0|0.0|False|False|False|False
19803|13.0|44.0|23.076923076923077|1.0|False|True|False|False
19804|5.0|40.0|30.8|1.0|False|True|False|False
19805|13.0|51.0|27.23076923076923|0.0|False|False|False|False
19806|11.0|43.0|26.09090909090909|0.0|False|False|False|False
19808|11.0|72.0|28.0|0.0|False|False|False|False
19809|8.0|45.0|27.5|0.0|False|False|False|False
19810|10.0|35.0|22.3|0.0|False|False|False|False
19811|12.0|57.0|26.833333333333332|0.0|False|False|False|False
19813|6.0|35.0|29.333333333333332|0.0|False|False|False|False
19814|11.0|47.0|25.09090909090909|0.0|False|False|False|False
19815|10.0|76.0|28.6|1.0|False|True|False|False
19816|8.0|34.0|24.75|0.0|False|False|False|False
19817|10.0|39.0|27.8|0.0|False|False|False|False
19818|12.0|29.0|19.0|12.0|False|True|False|False
19819|13.0|53.0|26.46153846153846|13.0|False|True|False|False
19820|10.0|61.0|27.2|10.0|False|True|False|False
19821|10.0|38.0|20.6|10.0|False|True|False|False
19822|13.0|62.0|28.615384615384617|1.0|False|True|False|False
19823|7.0|39.0|22.142857142857142|0.0|False|False|False|False
19824|6.0|60.0|31.5|1.0|False|True|False|False
19827|9.0|53.0|32.55555555555556|0.0|False|False|False|False
19828|13.0|50.0|21.76923076923077|1.0|False|True|False|False
19831|12.0|44.0|24.166666666666668|0.0|False|False|False|False
19832|13.0|55.0|21.615384615384617|0.0|False|False|False|False
19833|10.0|53.0|28.5|0.0|False|False|False|False
19835|14.0|34.0|20.5|1.0|False|True|False|False
19836|8.0|57.0|23.625|0.0|False|False|False|False
19837|10.0|31.0|21.1|0.0|False|False|False|False
19840|7.0|40.0|29.0|0.0|False|False|False|False
19841|10.0|26.0|19.5|0.0|False|False|False|False
19842|9.0|63.0|26.333333333333332|1.0|False|True|False|False
19843|9.0|34.0|20.555555555555557|0.0|False|False|False|False
19845|13.0|40.0|19.46153846153846|1.0|False|True|False|False
19846|13.0|46.0|21.23076923076923|0.0|False|False|False|False
19848|8.0|51.0|30.5|0.0|False|False|False|False
19849|8.0|68.0|35.75|0.0|False|False|False|False
19852|10.0|52.0|26.2|1.0|False|True|False|False
19853|11.0|54.0|24.272727272727273|0.0|False|False|False|False
19855|9.0|30.0|22.88888888888889|0.0|False|False|False|False
19856|11.0|46.0|21.727272727272727|0.0|False|False|False|False
19857|13.0|37.0|23.307692307692307|1.0|False|True|False|False
19859|6.0|115.0|43.166666666666664|0.0|True|False|False|False
19860|10.0|52.0|27.3|1.0|False|True|False|False
19861|7.0|30.0|21.571428571428573|0.0|False|False|False|False
19862|13.0|33.0|23.153846153846153|1.0|False|True|False|False
19863|12.0|40.0|22.833333333333332|1.0|False|True|False|False
19864|10.0|35.0|24.3|0.0|False|False|False|False
19865|6.0|89.0|47.0|0.0|True|False|False|False
19867|14.0|35.0|20.571428571428573|1.0|False|True|False|False
19868|15.0|40.0|19.2|2.0|False|True|False|False
19870|11.0|41.0|23.0|1.0|False|True|False|False
19871|11.0|52.0|26.0|2.0|False|True|False|False
19873|5.0|36.0|25.2|0.0|False|False|False|False
19874|11.0|59.0|26.363636363636363|0.0|False|False|False|False
19875|8.0|56.0|36.125|1.0|False|True|False|False
19876|6.0|57.0|34.0|0.0|False|False|False|False
19877|12.0|47.0|27.416666666666668|1.0|False|True|False|False
19878|7.0|34.0|24.0|0.0|False|False|False|False
19879|7.0|34.0|26.857142857142858|0.0|False|False|False|False
19880|14.0|75.0|31.5|2.0|False|True|False|False
19881|11.0|43.0|22.545454545454547|0.0|False|False|False|False
19882|7.0|39.0|24.142857142857142|0.0|False|False|False|False
19883|8.0|31.0|20.625|0.0|False|False|False|False
19884|8.0|59.0|29.0|0.0|False|False|False|False
19886|9.0|43.0|28.0|0.0|False|False|False|False
19887|8.0|39.0|23.25|1.0|False|True|False|False
19888|7.0|69.0|31.428571428571427|0.0|False|False|False|False
19889|8.0|62.0|37.0|0.0|False|False|False|False
19890|11.0|44.0|26.727272727272727|1.0|False|True|False|False
19891|9.0|44.0|24.333333333333332|0.0|False|False|False|False
19892|6.0|50.0|30.666666666666668|0.0|False|False|False|False
19893|12.0|39.0|21.583333333333332|0.0|False|False|False|False
19894|11.0|37.0|22.272727272727273|0.0|False|False|False|False
19895|8.0|48.0|29.375|1.0|False|True|False|False
19896|6.0|61.0|46.333333333333336|0.0|False|False|False|False
19898|7.0|114.0|52.714285714285715|2.0|True|True|False|False
19899|9.0|79.0|37.22222222222222|2.0|False|True|False|False
19900|10.0|32.0|21.6|1.0|False|True|False|False
19901|8.0|40.0|27.875|1.0|False|True|False|False
19902|10.0|43.0|26.7|0.0|False|False|False|False
19903|6.0|53.0|34.333333333333336|0.0|False|False|False|False
19904|8.0|56.0|26.375|0.0|False|False|False|False
19905|5.0|83.0|31.2|0.0|True|False|False|False
19906|7.0|40.0|30.428571428571427|0.0|False|False|False|False
19907|8.0|37.0|29.625|0.0|False|False|False|False
19908|14.0|35.0|18.785714285714285|0.0|False|False|False|False
19909|9.0|39.0|29.444444444444443|0.0|False|False|False|False
19910|10.0|45.0|22.2|0.0|False|False|False|False
19911|7.0|32.0|27.571428571428573|0.0|False|False|False|False
19912|14.0|36.0|23.142857142857142|0.0|False|False|False|False
19913|6.0|32.0|26.333333333333332|0.0|False|False|False|False
19914|7.0|38.0|25.428571428571427|0.0|False|False|False|False
19915|8.0|43.0|23.125|0.0|False|False|False|False
19917|14.0|28.0|19.714285714285715|1.0|False|True|False|False
19918|10.0|36.0|21.0|0.0|False|False|False|False
19919|13.0|102.0|36.38461538461539|0.0|True|False|False|False
19920|10.0|65.0|28.5|1.0|False|True|False|False
19921|7.0|28.0|23.0|0.0|False|False|False|False
19922|8.0|47.0|25.75|0.0|False|False|False|False
19923|10.0|38.0|25.5|1.0|False|True|False|False
19925|12.0|30.0|17.25|0.0|False|False|False|False
19926|11.0|28.0|18.636363636363637|0.0|False|False|False|False
19929|11.0|41.0|22.272727272727273|0.0|False|False|False|False
19930|9.0|31.0|18.22222222222222|1.0|False|True|False|False
19931|10.0|32.0|22.2|0.0|False|False|False|False
19932|8.0|47.0|23.375|1.0|False|True|False|False
19933|7.0|58.0|33.142857142857146|0.0|False|False|False|False
19934|11.0|33.0|22.454545454545453|1.0|False|True|False|False
19937|10.0|39.0|24.3|0.0|False|False|False|False
19938|10.0|40.0|24.3|0.0|False|False|False|False
19939|6.0|37.0|25.666666666666668|0.0|False|False|False|False
19941|5.0|48.0|28.4|0.0|False|False|False|False
19942|11.0|58.0|24.0|0.0|False|False|False|False
19943|9.0|56.0|26.88888888888889|0.0|False|False|False|False
19944|8.0|58.0|31.5|0.0|False|False|False|False
19947|8.0|55.0|27.625|0.0|False|False|False|False
19961|10.0|45.0|25.7|3.0|False|True|False|False
19965|8.0|35.0|25.25|1.0|False|True|False|False
19977|6.0|46.0|27.833333333333332|2.0|False|True|False|False
19989|7.0|67.0|28.857142857142858|0.0|False|False|False|False
19990|10.0|36.0|23.8|0.0|False|False|False|False
19993|13.0|50.0|21.384615384615383|0.0|False|False|False|False
19996|9.0|74.0|23.666666666666668|1.0|False|True|False|False
19997|10.0|54.0|24.6|0.0|False|False|False|False
19998|10.0|82.0|25.6|1.0|True|True|False|False
19999|15.0|39.0|19.933333333333334|3.0|False|True|False|False
20000|14.0|43.0|19.357142857142858|1.0|False|True|False|False
20002|12.0|33.0|18.333333333333332|1.0|False|True|False|False
20004|11.0|49.0|25.363636363636363|1.0|False|True|False|False
20005|13.0|44.0|21.46153846153846|0.0|False|False|False|False
20006|13.0|45.0|20.923076923076923|0.0|False|False|False|False
20007|8.0|87.0|31.25|0.0|True|False|False|False
20008|15.0|40.0|19.933333333333334|1.0|False|True|False|False
20019|10.0|62.0|26.8|2.0|False|True|False|False
20030|9.0|27.0|20.0|0.0|False|False|False|False
20031|8.0|103.0|35.0|0.0|True|False|False|False
20032|7.0|55.0|37.42857142857143|0.0|False|False|False|False
20033|9.0|70.0|30.77777777777778|0.0|False|False|False|False
20034|8.0|41.0|20.625|0.0|False|False|False|False
20035|7.0|37.0|25.285714285714285|0.0|False|False|False|False
20036|10.0|36.0|27.2|1.0|False|True|False|False
20037|18.0|104.0|24.666666666666668|3.0|True|True|False|False
20038|8.0|34.0|22.875|0.0|False|False|False|False
20039|7.0|50.0|30.285714285714285|0.0|False|False|False|False
20040|5.0|30.0|20.8|1.0|False|True|False|False
20041|7.0|35.0|23.428571428571427|0.0|False|False|False|False
20042|5.0|67.0|36.6|0.0|False|False|False|False
20043|7.0|42.0|28.857142857142858|0.0|False|False|False|False
20044|6.0|32.0|22.666666666666668|0.0|False|False|False|False
20045|7.0|52.0|29.714285714285715|0.0|False|False|False|False
20046|6.0|70.0|33.166666666666664|0.0|False|False|False|False
20047|11.0|58.0|23.454545454545453|2.0|False|True|False|False
20048|10.0|35.0|24.0|1.0|False|True|False|False
20049|17.0|49.0|20.0|1.0|False|True|False|False
20050|9.0|47.0|29.333333333333332|0.0|False|False|False|False
20051|6.0|53.0|25.166666666666668|0.0|False|False|False|False
20052|6.0|62.0|24.833333333333332|0.0|False|False|False|False
20053|14.0|63.0|30.5|1.0|False|True|False|False
20054|7.0|38.0|23.571428571428573|0.0|False|False|False|False
20055|13.0|62.0|21.692307692307693|0.0|False|False|False|False
20056|9.0|64.0|28.444444444444443|0.0|False|False|False|False
20058|3.0|75.0|54.333333333333336|0.0|False|False|False|False
20059|7.0|69.0|37.285714285714285|0.0|False|False|False|False
20060|12.0|61.0|26.916666666666668|0.0|False|False|False|False
20061|6.0|54.0|34.0|0.0|False|False|False|False
20062|5.0|51.0|29.0|0.0|False|False|False|False
20064|11.0|42.0|21.545454545454547|0.0|False|False|False|False
20065|14.0|33.0|20.785714285714285|0.0|False|False|False|False
20066|7.0|95.0|26.142857142857142|1.0|True|True|False|False
20067|9.0|72.0|28.88888888888889|0.0|False|False|False|False
20068|6.0|67.0|24.666666666666668|1.0|False|True|False|False
20069|11.0|37.0|24.181818181818183|0.0|False|False|False|False
20070|5.0|104.0|56.4|0.0|True|False|False|False
20073|9.0|35.0|22.11111111111111|0.0|False|False|False|False
20075|11.0|41.0|21.272727272727273|0.0|False|False|False|False
20076|6.0|51.0|31.0|0.0|False|False|False|False
20077|12.0|34.0|22.333333333333332|0.0|False|False|False|False
20078|7.0|41.0|31.714285714285715|0.0|False|False|False|False
20079|8.0|37.0|24.0|0.0|False|False|False|False
20081|11.0|29.0|20.181818181818183|1.0|False|True|False|False
20082|10.0|42.0|25.2|0.0|False|False|False|False
20083|6.0|59.0|34.833333333333336|0.0|False|False|False|False
20084|7.0|75.0|32.142857142857146|0.0|False|False|False|False
20085|8.0|34.0|23.0|0.0|False|False|False|False
20087|8.0|55.0|32.75|0.0|False|False|False|False
20088|6.0|44.0|29.833333333333332|0.0|False|False|False|False
20089|8.0|30.0|21.0|0.0|False|False|False|False
20090|7.0|32.0|23.285714285714285|0.0|False|False|False|False
20091|10.0|30.0|23.2|0.0|False|False|False|False
20092|5.0|51.0|25.4|0.0|False|False|False|False
20093|8.0|55.0|19.75|0.0|False|False|False|False
20094|7.0|40.0|22.0|0.0|False|False|False|False
20095|8.0|37.0|22.625|0.0|False|False|False|False
20096|7.0|59.0|28.285714285714285|0.0|False|False|False|False
20097|11.0|39.0|20.727272727272727|0.0|False|False|False|False
20098|9.0|59.0|24.0|0.0|False|False|False|False
20099|6.0|46.0|34.333333333333336|0.0|False|False|False|False
20103|11.0|50.0|22.09090909090909|0.0|False|False|False|False
20107|8.0|49.0|22.75|0.0|False|False|False|False
20108|9.0|38.0|23.88888888888889|0.0|False|False|False|False
20109|8.0|50.0|21.25|0.0|False|False|False|False
20110|11.0|39.0|17.454545454545453|1.0|False|True|False|False
20113|12.0|32.0|18.166666666666668|0.0|False|False|False|False
20114|10.0|38.0|22.6|0.0|False|False|False|False
20115|6.0|86.0|29.5|1.0|True|True|False|False
20116|13.0|28.0|16.0|1.0|False|True|False|False
20117|12.0|25.0|19.083333333333332|0.0|False|False|False|False
20118|5.0|40.0|27.8|0.0|False|False|False|False
20119|9.0|61.0|22.444444444444443|0.0|False|False|False|False
20120|11.0|30.0|21.272727272727273|1.0|False|True|False|False
20122|7.0|35.0|23.714285714285715|0.0|False|False|False|False
20123|9.0|35.0|26.666666666666668|0.0|False|False|False|False
20124|11.0|45.0|23.181818181818183|0.0|False|False|False|False
20125|6.0|66.0|38.5|0.0|False|False|False|False
20126|11.0|38.0|26.0|0.0|False|False|False|False
20127|12.0|72.0|24.25|0.0|False|False|False|False
20128|13.0|41.0|21.76923076923077|2.0|False|True|False|False
20130|13.0|50.0|25.0|0.0|False|False|False|False
20131|11.0|30.0|18.272727272727273|0.0|False|False|False|False
20133|11.0|33.0|21.636363636363637|0.0|False|False|False|False
20134|10.0|67.0|30.4|0.0|False|False|False|False
20135|7.0|72.0|28.857142857142858|0.0|False|False|False|False
20136|11.0|34.0|21.181818181818183|0.0|False|False|False|False
20137|9.0|32.0|23.444444444444443|0.0|False|False|False|False
20138|11.0|28.0|18.545454545454547|1.0|False|True|False|False
20139|9.0|32.0|25.22222222222222|0.0|False|False|False|False
20140|8.0|29.0|16.0|0.0|False|False|False|False
20141|10.0|93.0|27.5|0.0|True|False|False|False
20142|6.0|57.0|39.666666666666664|0.0|False|False|False|False
20143|10.0|40.0|20.3|0.0|False|False|False|False
20144|11.0|32.0|19.545454545454547|0.0|False|False|False|False
20145|10.0|36.0|22.4|1.0|False|True|False|False
20146|9.0|32.0|25.444444444444443|0.0|False|False|False|False
20147|12.0|35.0|22.333333333333332|0.0|False|False|False|False
20148|8.0|47.0|30.25|0.0|False|False|False|False
20151|9.0|38.0|27.22222222222222|1.0|False|True|False|False
20152|7.0|42.0|35.0|0.0|False|False|False|False
20153|5.0|41.0|32.6|0.0|False|False|False|False
20154|6.0|40.0|32.166666666666664|0.0|False|False|False|False
20155|8.0|36.0|21.625|0.0|False|False|False|False
20156|9.0|23.0|20.333333333333332|0.0|False|False|False|False
20157|11.0|40.0|17.90909090909091|1.0|False|True|False|False
20158|10.0|30.0|19.2|0.0|False|False|False|False
20159|11.0|47.0|22.0|1.0|False|True|False|False
20161|9.0|97.0|34.333333333333336|0.0|True|False|False|False
20162|14.0|53.0|20.714285714285715|0.0|False|False|False|False
20163|10.0|53.0|26.0|0.0|False|False|False|False
20164|10.0|35.0|21.2|0.0|False|False|False|False
20165|9.0|77.0|26.555555555555557|1.0|False|True|False|False
20167|9.0|47.0|24.0|1.0|False|True|False|False
20168|13.0|42.0|20.692307692307693|5.0|False|True|False|False
20169|12.0|33.0|17.166666666666668|1.0|False|True|False|False
20170|4.0|43.0|29.0|0.0|False|False|False|False
20171|9.0|51.0|26.22222222222222|0.0|False|False|False|False
20172|8.0|44.0|25.625|0.0|False|False|False|False
20173|6.0|42.0|27.5|0.0|False|False|False|False
20174|8.0|49.0|25.875|0.0|False|False|False|False
20175|10.0|44.0|25.4|0.0|False|False|False|False
20176|7.0|64.0|33.42857142857143|0.0|False|False|False|False
20177|10.0|56.0|28.2|1.0|False|True|False|False
20178|11.0|54.0|28.636363636363637|0.0|False|False|False|False
20179|12.0|58.0|23.833333333333332|0.0|False|False|False|False
20180|12.0|48.0|26.583333333333332|0.0|False|False|False|False
20181|10.0|36.0|22.5|0.0|False|False|False|False
20182|12.0|46.0|28.25|1.0|False|True|False|False
20183|15.0|38.0|19.066666666666666|3.0|False|True|False|False
20184|10.0|31.0|22.1|0.0|False|False|False|False
20186|14.0|38.0|21.857142857142858|1.0|False|True|False|False
20187|10.0|42.0|28.2|0.0|False|False|False|False
20188|15.0|91.0|24.066666666666666|1.0|True|True|False|False
20189|8.0|41.0|28.875|1.0|False|True|False|False
20190|11.0|46.0|27.636363636363637|0.0|False|False|False|False
20191|8.0|61.0|30.75|0.0|False|False|False|False
20192|11.0|34.0|22.272727272727273|0.0|False|False|False|False
20193|8.0|48.0|30.5|0.0|False|False|False|False
20194|6.0|61.0|27.333333333333332|0.0|False|False|False|False
20195|3.0|117.0|51.666666666666664|0.0|True|False|False|False
20196|11.0|42.0|26.454545454545453|0.0|False|False|False|False
20197|10.0|74.0|23.2|10.0|False|True|False|False
20198|18.0|38.0|22.5|18.0|False|True|False|False
20199|9.0|41.0|26.11111111111111|9.0|False|True|False|False
20200|10.0|36.0|20.5|10.0|False|True|False|False
20202|12.0|42.0|25.333333333333332|0.0|False|False|False|False
20203|9.0|40.0|22.22222222222222|0.0|False|False|False|False
20205|5.0|42.0|32.8|0.0|False|False|False|False
20206|9.0|30.0|19.666666666666668|0.0|False|False|False|False
20207|9.0|30.0|19.11111111111111|0.0|False|False|False|False
20208|8.0|38.0|21.75|0.0|False|False|False|False
20209|6.0|37.0|23.0|1.0|False|True|False|False
20210|7.0|31.0|23.571428571428573|1.0|False|True|False|False
20211|9.0|93.0|28.666666666666668|0.0|True|False|False|False
20212|10.0|38.0|24.3|0.0|False|False|False|False
20213|9.0|41.0|20.77777777777778|0.0|False|False|False|False
20214|6.0|50.0|32.333333333333336|0.0|False|False|False|False
20215|10.0|46.0|25.6|0.0|False|False|False|False
20217|7.0|50.0|40.142857142857146|0.0|False|False|False|False
20219|7.0|43.0|29.714285714285715|0.0|False|False|False|False
20220|7.0|47.0|27.142857142857142|0.0|False|False|False|False
20221|3.0|60.0|39.0|0.0|False|False|False|False
20222|7.0|57.0|26.857142857142858|0.0|False|False|False|False
20224|4.0|65.0|37.5|0.0|False|False|False|False
20226|6.0|53.0|27.5|0.0|False|False|False|False
20227|3.0|60.0|43.666666666666664|0.0|False|False|False|False
20229|9.0|37.0|17.444444444444443|2.0|False|True|False|False
20230|5.0|45.0|35.4|0.0|False|False|False|False
20231|8.0|31.0|21.75|0.0|False|False|False|False
20233|5.0|59.0|40.4|1.0|False|True|False|False
20234|18.0|30.0|18.0|0.0|False|False|False|False
20235|9.0|57.0|21.666666666666668|3.0|False|True|False|False
20236|7.0|41.0|25.285714285714285|0.0|False|False|False|False
20237|6.0|42.0|24.333333333333332|0.0|False|False|False|False
20239|3.0|104.0|54.333333333333336|0.0|True|False|False|False
20240|9.0|77.0|38.22222222222222|0.0|False|False|False|False
20241|6.0|36.0|23.0|0.0|False|False|False|False
20242|8.0|45.0|21.25|0.0|False|False|False|False
20243|12.0|25.0|14.583333333333334|2.0|False|True|False|False
20245|6.0|43.0|27.333333333333332|1.0|False|True|False|False
20246|4.0|69.0|40.5|0.0|False|False|False|False
20248|4.0|30.0|21.25|0.0|False|False|False|False
20249|6.0|38.0|26.333333333333332|0.0|False|False|False|False
20251|6.0|52.0|28.5|0.0|False|False|False|False
20254|9.0|19.0|12.0|3.0|False|True|False|False
20255|5.0|104.0|32.4|1.0|True|True|False|False
20256|9.0|35.0|19.77777777777778|0.0|False|False|False|False
20257|6.0|24.0|16.833333333333332|1.0|False|True|False|False
20258|7.0|41.0|23.857142857142858|0.0|False|False|False|False
20259|12.0|46.0|23.416666666666668|0.0|False|False|False|False
20260|9.0|47.0|29.77777777777778|0.0|False|False|False|False
20261|12.0|36.0|21.666666666666668|0.0|False|False|False|False
20263|19.0|33.0|20.736842105263158|19.0|False|True|False|False
20264|13.0|41.0|21.692307692307693|13.0|False|True|False|False
20265|23.0|36.0|21.782608695652176|1.0|False|True|False|False
20266|10.0|32.0|19.1|1.0|False|True|False|False
20267|23.0|70.0|33.21739130434783|0.0|False|False|False|False
20268|10.0|68.0|29.5|0.0|False|False|False|False
20269|13.0|51.0|26.76923076923077|1.0|False|True|False|False
20271|6.0|84.0|47.666666666666664|0.0|True|False|False|False
20272|13.0|34.0|20.307692307692307|0.0|False|False|False|False
20273|13.0|37.0|20.692307692307693|1.0|False|True|False|False
20274|7.0|62.0|31.857142857142858|1.0|False|True|False|False
20275|10.0|38.0|21.1|0.0|False|False|False|False
20276|7.0|51.0|32.0|0.0|False|False|False|False
20277|4.0|49.0|34.75|0.0|False|False|False|False
20278|5.0|51.0|34.2|1.0|False|True|False|False
20279|3.0|50.0|42.333333333333336|0.0|False|False|False|False
20280|6.0|55.0|24.666666666666668|0.0|False|False|False|False
20282|4.0|79.0|48.0|0.0|False|False|False|False
20283|28.0|26.0|15.535714285714286|2.0|False|True|False|False
20284|17.0|33.0|19.235294117647058|1.0|False|True|False|False
20285|9.0|63.0|34.0|0.0|False|False|False|False
20287|5.0|44.0|34.2|0.0|False|False|False|False
20288|11.0|64.0|23.818181818181817|0.0|False|False|False|False
20290|7.0|45.0|23.714285714285715|2.0|False|True|False|False
20304|10.0|50.0|28.0|1.0|False|True|False|False
20306|9.0|55.0|32.77777777777778|0.0|False|False|False|False
20307|6.0|37.0|19.0|0.0|False|False|False|False
20308|12.0|77.0|23.583333333333332|0.0|False|False|False|False
20310|9.0|81.0|30.444444444444443|0.0|True|False|False|False
20312|7.0|70.0|33.857142857142854|0.0|False|False|False|False
20313|2.0|43.0|39.5|0.0|False|False|False|False
20314|5.0|41.0|25.8|0.0|False|False|False|False
20315|7.0|31.0|23.142857142857142|0.0|False|False|False|False
20316|11.0|46.0|21.90909090909091|2.0|False|True|False|False
20331|10.0|37.0|25.7|0.0|False|False|False|False
20332|5.0|111.0|44.2|0.0|True|False|False|False
20333|8.0|40.0|26.0|0.0|False|False|False|False
20334|5.0|34.0|25.8|0.0|False|False|False|False
20337|4.0|30.0|22.75|0.0|False|False|False|False
20339|3.0|26.0|10.666666666666666|2.0|False|True|False|False
20340|7.0|46.0|27.714285714285715|0.0|False|False|False|False
20345|6.0|55.0|27.166666666666668|0.0|False|False|False|False
20346|18.0|37.0|16.0|3.0|False|True|False|False
20347|16.0|42.0|21.375|0.0|False|False|False|False
20349|11.0|52.0|34.90909090909091|1.0|False|True|False|False
20355|4.0|51.0|34.75|0.0|False|False|False|False
20357|8.0|54.0|23.25|0.0|False|False|False|False
20358|19.0|34.0|16.0|4.0|False|True|False|False
20359|13.0|104.0|29.23076923076923|0.0|True|False|False|False
20360|8.0|62.0|25.125|1.0|False|True|False|False
20361|11.0|32.0|21.818181818181817|3.0|False|True|False|False
20363|15.0|42.0|22.733333333333334|1.0|False|True|False|False
20365|15.0|53.0|18.733333333333334|2.0|False|True|False|False
20370|14.0|27.0|18.5|0.0|False|False|False|False
20371|5.0|61.0|35.0|0.0|False|False|False|False
20387|7.0|59.0|29.857142857142858|0.0|False|False|False|False
20394|5.0|49.0|28.0|0.0|False|False|False|False
20395|16.0|51.0|20.625|16.0|False|True|False|False
20397|9.0|47.0|24.555555555555557|0.0|False|False|False|False
20399|8.0|69.0|29.625|0.0|False|False|False|False
20401|9.0|33.0|15.555555555555555|0.0|False|False|False|False
20403|3.0|37.0|26.0|0.0|False|False|False|False
20404|8.0|31.0|23.0|0.0|False|False|False|False
20405|9.0|49.0|27.555555555555557|0.0|False|False|False|False
20414|24.0|50.0|18.625|8.0|False|True|False|False
20432|10.0|35.0|25.3|0.0|False|False|False|False
20433|6.0|134.0|56.333333333333336|0.0|True|False|False|False
20434|9.0|41.0|23.22222222222222|0.0|False|False|False|False
20435|11.0|38.0|21.545454545454547|1.0|False|True|False|False
20436|13.0|42.0|19.384615384615383|1.0|False|True|False|False
20437|7.0|70.0|27.142857142857142|0.0|False|False|False|False
20438|15.0|36.0|18.6|0.0|False|False|False|False
20439|8.0|50.0|31.25|1.0|False|True|False|False
20440|4.0|68.0|32.25|1.0|False|True|False|False
20442|12.0|36.0|20.25|2.0|False|True|False|False
20443|9.0|45.0|28.666666666666668|0.0|False|False|False|False
20444|5.0|31.0|22.8|0.0|False|False|False|False
20445|7.0|35.0|26.0|0.0|False|False|False|False
20446|9.0|37.0|27.0|0.0|False|False|False|False
20447|7.0|46.0|24.714285714285715|1.0|False|True|False|False
20448|9.0|35.0|21.0|0.0|False|False|False|False
20449|7.0|39.0|19.857142857142858|0.0|False|False|False|False
20450|8.0|28.0|16.875|0.0|False|False|False|False
20451|9.0|34.0|16.0|1.0|False|True|False|False
20453|6.0|41.0|34.0|0.0|False|False|False|False
20454|7.0|44.0|26.857142857142858|0.0|False|False|False|False
20455|4.0|47.0|24.5|0.0|False|False|False|False
20456|6.0|66.0|35.833333333333336|0.0|False|False|False|False
20458|11.0|51.0|26.818181818181817|0.0|False|False|False|False
20459|10.0|50.0|21.0|1.0|False|True|False|False
20460|11.0|36.0|20.454545454545453|2.0|False|True|False|False
20461|8.0|39.0|21.875|0.0|False|False|False|False
20463|8.0|60.0|30.75|2.0|False|True|False|False
20465|7.0|25.0|18.285714285714285|1.0|False|True|False|False
20466|7.0|39.0|22.142857142857142|0.0|False|False|False|False
20467|4.0|58.0|31.5|0.0|False|False|False|False
20477|6.0|28.0|17.666666666666668|0.0|False|False|False|False
20479|11.0|36.0|25.818181818181817|1.0|False|True|False|False
20481|8.0|47.0|26.0|0.0|False|False|False|False
20483|7.0|39.0|26.142857142857142|0.0|False|False|False|False
20484|8.0|32.0|18.25|1.0|False|True|False|False
20485|5.0|91.0|30.8|0.0|True|False|False|False
20487|13.0|29.0|20.692307692307693|2.0|False|True|False|False
20488|9.0|37.0|21.666666666666668|0.0|False|False|False|False
20489|3.0|64.0|53.666666666666664|0.0|False|False|False|False
20491|5.0|30.0|22.4|0.0|False|False|False|False
20492|5.0|73.0|34.0|0.0|False|False|False|False
20493|6.0|36.0|22.666666666666668|0.0|False|False|False|False
20494|6.0|45.0|34.0|0.0|False|False|False|False
20496|6.0|34.0|23.0|0.0|False|False|False|False
20498|7.0|30.0|19.571428571428573|0.0|False|False|False|False
20501|5.0|82.0|39.0|0.0|True|False|False|False
20503|4.0|39.0|31.0|0.0|False|False|False|False
20505|12.0|27.0|18.25|4.0|False|True|False|False
20511|8.0|49.0|24.125|0.0|False|False|False|False
20512|2.0|15.0|11.0|2.0|False|True|False|False
20519|11.0|41.0|17.727272727272727|3.0|False|True|False|False
20520|7.0|30.0|18.285714285714285|0.0|False|False|False|False
20521|5.0|84.0|40.0|0.0|True|False|False|False
20523|10.0|38.0|21.3|1.0|False|True|False|False
20524|4.0|52.0|31.25|0.0|False|False|False|False
20526|6.0|54.0|27.666666666666668|0.0|False|False|False|False
20527|7.0|39.0|25.0|0.0|False|False|False|False
20528|12.0|27.0|15.916666666666666|12.0|False|True|False|False
20529|4.0|87.0|59.75|0.0|True|False|False|False
20537|7.0|51.0|25.571428571428573|0.0|False|False|False|False
20539|7.0|53.0|29.285714285714285|0.0|False|False|False|False
20540|6.0|30.0|25.833333333333332|0.0|False|False|False|False
20551|2.0|56.0|35.0|0.0|False|False|False|False
20552|6.0|36.0|20.166666666666668|0.0|False|False|False|False
20553|13.0|48.0|24.153846153846153|3.0|False|True|False|False
20554|11.0|81.0|30.363636363636363|0.0|True|False|False|False
20555|12.0|76.0|26.0|3.0|False|True|False|False
20558|10.0|53.0|24.7|1.0|False|True|False|False
20562|9.0|39.0|21.666666666666668|2.0|False|True|False|False
20563|10.0|79.0|28.4|1.0|False|True|False|False
20565|7.0|71.0|27.714285714285715|0.0|False|False|False|False
20567|8.0|64.0|38.875|0.0|False|False|False|False
20568|4.0|30.0|26.25|0.0|False|False|False|False
20570|3.0|88.0|42.0|0.0|True|False|False|False
20572|14.0|30.0|16.571428571428573|1.0|False|True|False|False
20575|5.0|39.0|24.4|0.0|False|False|False|False
20577|7.0|42.0|24.285714285714285|0.0|False|False|False|False
20581|5.0|26.0|14.0|1.0|False|True|False|False
20582|3.0|112.0|53.333333333333336|3.0|True|True|False|False
20583|9.0|46.0|22.444444444444443|0.0|False|False|False|False
20584|6.0|35.0|31.0|0.0|False|False|False|False
20585|14.0|53.0|23.857142857142858|0.0|False|False|False|False
20586|10.0|26.0|20.6|0.0|False|False|False|False
20587|5.0|79.0|42.2|0.0|False|False|False|False
20590|6.0|128.0|42.0|0.0|True|False|False|False
20591|8.0|34.0|18.375|1.0|False|True|False|False
20592|7.0|38.0|27.714285714285715|0.0|False|False|False|False
20596|8.0|33.0|20.75|0.0|False|False|False|False
20599|5.0|29.0|20.6|0.0|False|False|False|False
20604|8.0|45.0|19.75|0.0|False|False|False|False
20613|6.0|104.0|69.33333333333333|0.0|True|False|False|False
20619|12.0|32.0|20.583333333333332|1.0|False|True|False|False
20621|10.0|131.0|40.0|0.0|True|False|False|False
20622|10.0|22.0|12.9|3.0|False|True|False|False
20624|3.0|23.0|17.333333333333332|0.0|False|False|False|False
20625|4.0|42.0|31.5|0.0|False|False|False|False
20626|6.0|54.0|27.0|0.0|False|False|False|False
20628|7.0|43.0|26.714285714285715|0.0|False|False|False|False
20630|7.0|40.0|29.0|0.0|False|False|False|False
20631|10.0|46.0|24.3|3.0|False|True|False|False
20632|3.0|31.0|23.666666666666668|0.0|False|False|False|False
20634|9.0|60.0|34.888888888888886|0.0|False|False|False|False
20636|3.0|28.0|19.666666666666668|0.0|False|False|False|False
20637|13.0|58.0|22.0|0.0|False|False|False|False
20638|5.0|42.0|34.2|0.0|False|False|False|False
20639|16.0|37.0|19.875|2.0|False|True|False|False
20643|8.0|31.0|19.625|2.0|False|True|False|False
20645|7.0|43.0|26.142857142857142|1.0|False|True|False|False
20646|5.0|44.0|37.2|0.0|False|False|False|False
20648|8.0|45.0|27.625|0.0|False|False|False|False
20649|3.0|56.0|41.0|3.0|False|True|False|False
20650|6.0|36.0|29.0|0.0|False|False|False|False
20651|10.0|53.0|20.5|0.0|False|False|False|False
20653|8.0|40.0|21.375|0.0|False|False|False|False
20655|12.0|56.0|24.0|1.0|False|True|False|False
20656|11.0|36.0|18.727272727272727|0.0|False|False|False|False
20658|8.0|44.0|26.375|0.0|False|False|False|False
20659|7.0|43.0|24.428571428571427|0.0|False|False|False|False
20660|9.0|94.0|42.333333333333336|0.0|True|False|False|False
20661|14.0|42.0|21.0|14.0|False|True|False|False
20662|4.0|40.0|34.25|0.0|False|False|False|False
20663|6.0|68.0|29.0|0.0|False|False|False|False
20664|11.0|59.0|26.454545454545453|1.0|False|True|False|False
20666|6.0|35.0|21.5|0.0|False|False|False|False
20667|5.0|38.0|20.2|0.0|False|False|False|False
20670|5.0|31.0|24.8|0.0|False|False|False|False
20672|3.0|67.0|32.333333333333336|0.0|False|False|False|False
20673|7.0|30.0|18.857142857142858|1.0|False|True|False|False
20674|4.0|108.0|47.75|0.0|True|False|False|False
20675|7.0|84.0|30.571428571428573|1.0|True|True|False|False
20677|10.0|36.0|17.8|0.0|False|False|False|False
20681|7.0|65.0|22.714285714285715|2.0|False|True|False|False
20682|5.0|23.0|17.2|0.0|False|False|False|False
20683|7.0|45.0|25.714285714285715|1.0|False|True|False|False
20684|8.0|35.0|24.75|0.0|False|False|False|False
20686|8.0|41.0|24.625|0.0|False|False|False|False
20687|5.0|44.0|35.2|0.0|False|False|False|False
20688|5.0|52.0|38.6|0.0|False|False|False|False
20689|8.0|38.0|24.0|0.0|False|False|False|False
20690|6.0|41.0|24.0|0.0|False|False|False|False
20691|15.0|44.0|20.6|2.0|False|True|False|False
20694|8.0|73.0|24.375|1.0|False|True|False|False
20696|20.0|43.0|22.75|2.0|False|True|False|False
20697|4.0|65.0|35.25|0.0|False|False|False|False
20698|8.0|63.0|35.125|0.0|False|False|False|False
20699|4.0|32.0|23.75|0.0|False|False|False|False
20700|7.0|62.0|38.42857142857143|0.0|False|False|False|False
20702|21.0|44.0|15.476190476190476|3.0|False|True|False|False
20703|5.0|45.0|31.8|0.0|False|False|False|False
20705|7.0|43.0|25.714285714285715|0.0|False|False|False|False
20706|10.0|58.0|26.1|0.0|False|False|False|False
20707|7.0|60.0|32.42857142857143|0.0|False|False|False|False
20709|8.0|40.0|22.375|1.0|False|True|False|False
20710|16.0|36.0|22.25|3.0|False|True|False|False
20711|9.0|67.0|27.444444444444443|1.0|False|True|False|False
20712|11.0|39.0|20.181818181818183|1.0|False|True|False|False
20713|5.0|44.0|31.0|0.0|False|False|False|False
20717|4.0|22.0|16.5|0.0|False|False|False|False
20718|7.0|53.0|28.857142857142858|0.0|False|False|False|False
20719|12.0|37.0|27.25|0.0|False|False|False|False
20720|9.0|55.0|26.22222222222222|1.0|False|True|False|False
20721|7.0|34.0|23.571428571428573|0.0|False|False|False|False
20723|9.0|41.0|22.88888888888889|0.0|False|False|False|False
20726|9.0|54.0|27.88888888888889|0.0|False|False|False|False
20727|12.0|47.0|25.166666666666668|0.0|False|False|False|False
20728|12.0|27.0|17.083333333333332|0.0|False|False|False|False
20730|8.0|36.0|24.0|0.0|False|False|False|False
20731|3.0|86.0|43.666666666666664|0.0|True|False|False|False
20732|11.0|35.0|19.181818181818183|0.0|False|False|False|False
20733|11.0|33.0|22.363636363636363|11.0|False|True|False|False
20735|7.0|39.0|26.857142857142858|7.0|False|True|False|False
20736|7.0|37.0|24.714285714285715|7.0|False|True|False|False
20737|8.0|40.0|19.75|8.0|False|True|False|False
20738|11.0|38.0|21.181818181818183|0.0|False|False|False|False
20739|7.0|67.0|30.142857142857142|0.0|False|False|False|False
20740|6.0|124.0|37.166666666666664|0.0|True|False|False|False
20741|7.0|63.0|35.142857142857146|0.0|False|False|False|False
20742|12.0|31.0|18.583333333333332|0.0|False|False|False|False
20743|11.0|37.0|20.09090909090909|0.0|False|False|False|False
20744|10.0|44.0|23.6|1.0|False|True|False|False
20745|7.0|46.0|28.857142857142858|1.0|False|True|False|False
20746|14.0|46.0|24.642857142857142|1.0|False|True|False|False
20747|11.0|40.0|20.727272727272727|1.0|False|True|False|False
20748|5.0|30.0|20.2|0.0|False|False|False|False
20749|12.0|45.0|18.5|0.0|False|False|False|False
20750|9.0|34.0|22.22222222222222|0.0|False|False|False|False
20751|12.0|63.0|29.25|0.0|False|False|False|False
20752|10.0|34.0|20.0|0.0|False|False|False|False
20753|5.0|71.0|35.8|0.0|False|False|False|False
20754|3.0|33.0|28.333333333333332|1.0|False|True|False|False
20755|9.0|96.0|23.444444444444443|1.0|True|True|False|False
20756|15.0|29.0|15.066666666666666|3.0|False|True|False|False
20757|5.0|55.0|46.0|0.0|False|False|False|False
20758|9.0|48.0|31.11111111111111|0.0|False|False|False|False
20759|13.0|56.0|21.23076923076923|2.0|False|True|False|False
20760|9.0|63.0|28.0|1.0|False|True|False|False
20761|8.0|42.0|23.5|0.0|False|False|False|False
20762|7.0|48.0|18.285714285714285|2.0|False|True|False|False
20763|6.0|67.0|32.0|1.0|False|True|False|False
20764|5.0|54.0|33.0|0.0|False|False|False|False
20767|9.0|27.0|17.555555555555557|1.0|False|True|False|False
20768|10.0|33.0|19.6|1.0|False|True|False|False
20769|4.0|34.0|29.5|0.0|False|False|False|False
20774|5.0|26.0|19.4|0.0|False|False|False|False
20775|6.0|41.0|28.5|0.0|False|False|False|False
20777|7.0|72.0|30.857142857142858|1.0|False|True|False|False
20778|10.0|35.0|23.6|0.0|False|False|False|False
20781|11.0|37.0|19.90909090909091|0.0|False|False|False|False
20782|5.0|35.0|21.4|0.0|False|False|False|False
20791|7.0|61.0|32.142857142857146|0.0|False|False|False|False
20793|9.0|24.0|16.22222222222222|0.0|False|False|False|False
20795|10.0|34.0|25.3|0.0|False|False|False|False
20796|8.0|38.0|25.5|0.0|False|False|False|False
20797|8.0|50.0|28.875|0.0|False|False|False|False
20798|8.0|35.0|23.0|0.0|False|False|False|False
20799|10.0|28.0|20.7|0.0|False|False|False|False
20800|8.0|105.0|32.875|0.0|True|False|False|False
20801|9.0|36.0|24.444444444444443|0.0|False|False|False|False
20802|7.0|36.0|26.142857142857142|0.0|False|False|False|False
20803|10.0|31.0|24.1|0.0|False|False|False|False
20824|6.0|34.0|26.333333333333332|0.0|False|False|False|False
20825|8.0|41.0|29.0|0.0|False|False|False|False
20826|9.0|43.0|28.333333333333332|0.0|False|False|False|False
20827|7.0|46.0|32.714285714285715|0.0|False|False|False|False
20828|7.0|64.0|28.142857142857142|0.0|False|False|False|False
20829|10.0|60.0|25.9|0.0|False|False|False|False
20830|9.0|46.0|26.555555555555557|0.0|False|False|False|False
20831|10.0|57.0|27.1|0.0|False|False|False|False
20832|13.0|56.0|22.0|0.0|False|False|False|False
20833|7.0|31.0|23.0|0.0|False|False|False|False
20834|15.0|44.0|23.866666666666667|1.0|False|True|False|False
20835|7.0|57.0|33.42857142857143|0.0|False|False|False|False
20836|15.0|39.0|22.266666666666666|1.0|False|True|False|False
20837|5.0|46.0|33.8|0.0|False|False|False|False
20838|7.0|49.0|39.57142857142857|0.0|False|False|False|False
20839|15.0|74.0|28.466666666666665|1.0|False|True|False|False
20840|11.0|33.0|19.363636363636363|0.0|False|False|False|False
20841|9.0|44.0|25.22222222222222|0.0|False|False|False|False
20842|8.0|45.0|32.25|0.0|False|False|False|False
20843|11.0|38.0|20.727272727272727|0.0|False|False|False|False
20845|9.0|34.0|25.333333333333332|0.0|False|False|False|False
20846|10.0|33.0|20.0|0.0|False|False|False|False
20847|12.0|51.0|25.083333333333332|2.0|False|True|False|False
20848|5.0|62.0|47.0|0.0|False|False|False|False
20849|10.0|47.0|27.4|0.0|False|False|False|False
20850|7.0|38.0|27.142857142857142|0.0|False|False|False|False
20851|11.0|31.0|18.0|0.0|False|False|False|False
20852|8.0|50.0|25.625|0.0|False|False|False|False
20853|10.0|36.0|26.9|0.0|False|False|False|False
20855|10.0|78.0|27.4|0.0|False|False|False|False
20856|9.0|44.0|26.11111111111111|0.0|False|False|False|False
20858|10.0|41.0|23.6|1.0|False|True|False|False
20859|12.0|35.0|20.833333333333332|0.0|False|False|False|False
20860|6.0|51.0|31.166666666666668|0.0|False|False|False|False
20863|12.0|36.0|18.083333333333332|2.0|False|True|False|False
20864|10.0|41.0|24.3|2.0|False|True|False|False
20865|11.0|34.0|19.0|0.0|False|False|False|False
20866|8.0|49.0|24.625|2.0|False|True|False|False
20867|13.0|41.0|19.0|2.0|False|True|False|False
20868|14.0|28.0|18.642857142857142|3.0|False|True|False|False
20869|8.0|53.0|27.625|2.0|False|True|False|False
20879|8.0|27.0|19.25|2.0|False|True|False|False
20880|9.0|32.0|24.0|0.0|False|False|False|False
20881|7.0|53.0|28.571428571428573|0.0|False|False|False|False
20882|6.0|51.0|30.166666666666668|0.0|False|False|False|False
20883|10.0|28.0|16.9|0.0|False|False|False|False
20884|4.0|36.0|24.5|0.0|False|False|False|False
20886|6.0|60.0|38.833333333333336|0.0|False|False|False|False
20887|11.0|39.0|23.454545454545453|0.0|False|False|False|False
20888|10.0|34.0|24.2|0.0|False|False|False|False
20889|9.0|92.0|36.77777777777778|0.0|True|False|False|False
20891|8.0|35.0|24.375|0.0|False|False|False|False
20893|4.0|42.0|32.0|0.0|False|False|False|False
20895|11.0|38.0|23.09090909090909|0.0|False|False|False|False
20896|8.0|28.0|20.875|0.0|False|False|False|False
20897|8.0|40.0|25.0|0.0|False|False|False|False
20899|6.0|45.0|31.0|0.0|False|False|False|False
20900|9.0|65.0|31.22222222222222|0.0|False|False|False|False
20901|13.0|45.0|20.076923076923077|1.0|False|True|False|False
20902|7.0|39.0|27.428571428571427|0.0|False|False|False|False
20903|7.0|54.0|29.0|0.0|False|False|False|False
20904|10.0|50.0|25.2|1.0|False|True|False|False
20905|9.0|36.0|26.333333333333332|0.0|False|False|False|False
20906|8.0|69.0|37.5|0.0|False|False|False|False
20907|5.0|71.0|39.2|0.0|False|False|False|False
20908|6.0|72.0|32.666666666666664|1.0|False|True|False|False
20909|7.0|52.0|30.142857142857142|0.0|False|False|False|False
20911|7.0|32.0|22.428571428571427|0.0|False|False|False|False
20912|10.0|72.0|30.1|0.0|False|False|False|False
20913|13.0|34.0|22.923076923076923|0.0|False|False|False|False
20914|7.0|39.0|24.142857142857142|0.0|False|False|False|False
20915|12.0|31.0|17.333333333333332|1.0|False|True|False|False
20916|8.0|38.0|21.75|0.0|False|False|False|False
20917|14.0|26.0|17.642857142857142|0.0|False|False|False|False
20918|10.0|52.0|21.4|0.0|False|False|False|False
20919|17.0|39.0|16.941176470588236|1.0|False|True|False|False
20920|16.0|79.0|30.6875|0.0|False|False|False|False
20921|4.0|76.0|34.5|0.0|False|False|False|False
20922|16.0|51.0|29.0|15.0|False|True|False|False
20923|8.0|46.0|25.375|0.0|False|False|False|False
20924|7.0|40.0|23.428571428571427|0.0|False|False|False|False
20925|8.0|52.0|29.0|0.0|False|False|False|False
20926|6.0|91.0|38.0|0.0|True|False|False|False
20927|21.0|27.0|19.428571428571427|21.0|False|True|False|False
20928|15.0|30.0|21.0|15.0|False|True|False|False
20930|6.0|46.0|29.0|6.0|False|True|False|False
20931|18.0|42.0|24.27777777777778|18.0|False|True|False|False
20932|12.0|72.0|30.833333333333332|12.0|False|True|False|False
20933|16.0|48.0|26.0625|16.0|False|True|False|False
20934|13.0|72.0|33.07692307692308|13.0|False|True|False|False
20935|8.0|36.0|25.625|8.0|False|True|False|False
20936|14.0|45.0|30.357142857142858|14.0|False|True|False|False
20937|10.0|47.0|26.1|10.0|False|True|False|False
20938|16.0|36.0|24.3125|16.0|False|True|False|False
20939|10.0|28.0|16.6|2.0|False|True|False|False
20946|11.0|66.0|25.272727272727273|1.0|False|True|False|False
20947|8.0|54.0|35.375|1.0|False|True|False|False
20948|5.0|43.0|33.0|0.0|False|False|False|False
20949|8.0|38.0|26.0|0.0|False|False|False|False
20950|13.0|51.0|24.53846153846154|2.0|False|True|False|False
20951|5.0|35.0|29.0|0.0|False|False|False|False
20952|8.0|46.0|29.25|0.0|False|False|False|False
20953|9.0|76.0|37.333333333333336|0.0|False|False|False|False
20954|6.0|41.0|26.833333333333332|1.0|False|True|False|False
20955|8.0|66.0|23.375|0.0|False|False|False|False
20956|10.0|36.0|25.2|1.0|False|True|False|False
20957|14.0|38.0|17.714285714285715|3.0|False|True|False|False
20958|6.0|39.0|25.0|0.0|False|False|False|False
20960|12.0|46.0|29.833333333333332|0.0|False|False|False|False
20962|8.0|34.0|22.5|0.0|False|False|False|False
20966|6.0|33.0|19.5|0.0|False|False|False|False
20969|6.0|42.0|23.833333333333332|0.0|False|False|False|False
20973|9.0|35.0|20.444444444444443|0.0|False|False|False|False
20977|6.0|40.0|27.333333333333332|0.0|False|False|False|False
20978|9.0|38.0|26.444444444444443|0.0|False|False|False|False
20979|10.0|35.0|20.5|1.0|False|True|False|False
20980|9.0|37.0|24.88888888888889|0.0|False|False|False|False
20981|9.0|39.0|26.666666666666668|0.0|False|False|False|False
20982|5.0|98.0|37.0|0.0|True|False|False|False
20983|13.0|33.0|21.0|0.0|False|False|False|False
20984|12.0|57.0|26.0|0.0|False|False|False|False
20988|8.0|43.0|25.5|0.0|False|False|False|False
20996|5.0|33.0|21.8|0.0|False|False|False|False
20997|11.0|41.0|24.0|0.0|False|False|False|False
20999|9.0|37.0|27.22222222222222|0.0|False|False|False|False
21000|11.0|54.0|27.0|0.0|False|False|False|False
21001|10.0|44.0|28.6|0.0|False|False|False|False
21002|11.0|31.0|20.454545454545453|11.0|False|True|False|False
21003|12.0|63.0|27.083333333333332|12.0|False|True|False|False
21004|11.0|48.0|21.181818181818183|1.0|False|True|False|False
21005|12.0|59.0|26.833333333333332|12.0|False|True|False|False
21013|11.0|48.0|24.454545454545453|1.0|False|True|False|False
21014|7.0|47.0|25.142857142857142|0.0|False|False|False|False
21016|8.0|31.0|23.75|0.0|False|False|False|False
21017|9.0|55.0|23.22222222222222|2.0|False|True|False|False
21018|9.0|30.0|21.0|0.0|False|False|False|False
21019|8.0|82.0|26.375|0.0|True|False|False|False
21021|10.0|35.0|27.8|1.0|False|True|False|False
21022|8.0|52.0|25.0|1.0|False|True|False|False
21023|9.0|73.0|35.888888888888886|0.0|False|False|False|False
21024|7.0|35.0|27.857142857142858|0.0|False|False|False|False
21025|8.0|52.0|30.875|0.0|False|False|False|False
21026|8.0|37.0|26.625|0.0|False|False|False|False
21027|7.0|59.0|24.285714285714285|0.0|False|False|False|False
21028|7.0|66.0|32.285714285714285|0.0|False|False|False|False
21029|13.0|31.0|18.076923076923077|2.0|False|True|False|False
21030|7.0|41.0|29.428571428571427|0.0|False|False|False|False
21031|7.0|46.0|26.142857142857142|0.0|False|False|False|False
21032|12.0|46.0|27.416666666666668|1.0|False|True|False|False
21033|7.0|67.0|26.142857142857142|1.0|False|True|False|False
21034|15.0|77.0|26.933333333333334|1.0|False|True|False|False
21036|9.0|30.0|21.88888888888889|0.0|False|False|False|False
21037|11.0|45.0|20.09090909090909|0.0|False|False|False|False
21039|12.0|59.0|22.25|0.0|False|False|False|False
21040|8.0|37.0|21.625|0.0|False|False|False|False
21041|8.0|73.0|23.5|1.0|False|True|False|False
21043|2.0|24.0|19.5|0.0|False|False|False|False
21047|14.0|55.0|29.928571428571427|0.0|False|False|False|False
21050|10.0|31.0|17.9|0.0|False|False|False|False
21051|12.0|65.0|26.0|0.0|False|False|False|False
21052|15.0|30.0|15.933333333333334|2.0|False|True|False|False
21053|12.0|53.0|23.833333333333332|1.0|False|True|False|False
21054|13.0|20.0|14.0|2.0|False|True|False|False
21055|10.0|32.0|20.2|0.0|False|False|False|False
21056|7.0|38.0|27.0|0.0|False|False|False|False
21057|8.0|45.0|26.125|1.0|False|True|False|False
21058|12.0|37.0|18.583333333333332|3.0|False|True|False|False
21059|20.0|47.0|19.2|3.0|False|True|False|False
21060|11.0|55.0|24.363636363636363|2.0|False|True|False|False
21061|21.0|36.0|20.285714285714285|2.0|False|True|False|False
21065|4.0|49.0|29.25|0.0|False|False|False|False
21066|8.0|33.0|20.75|0.0|False|False|False|False
21067|6.0|63.0|33.666666666666664|0.0|False|False|False|False
21069|9.0|39.0|25.0|9.0|False|True|False|False
21070|6.0|41.0|30.166666666666668|6.0|False|True|False|False
21071|5.0|73.0|34.2|1.0|False|True|False|False
21072|4.0|53.0|29.25|0.0|False|False|False|False
21073|11.0|42.0|26.09090909090909|0.0|False|False|False|False
21074|6.0|32.0|21.666666666666668|0.0|False|False|False|False
21075|2.0|62.0|39.0|0.0|False|False|False|False
21082|13.0|78.0|28.0|1.0|False|True|False|False
21086|7.0|56.0|24.142857142857142|0.0|False|False|False|False
21091|11.0|39.0|23.181818181818183|0.0|False|False|False|False
21095|9.0|53.0|25.22222222222222|1.0|False|True|False|False
21097|4.0|81.0|32.0|0.0|True|False|False|False
21099|4.0|22.0|17.75|0.0|False|False|False|False
21101|24.0|67.0|20.791666666666668|23.0|False|True|False|False
21102|7.0|53.0|25.857142857142858|0.0|False|False|False|False
21104|7.0|82.0|42.714285714285715|0.0|True|False|False|False
21105|4.0|70.0|57.0|0.0|False|False|False|False
21106|6.0|38.0|26.666666666666668|1.0|False|True|False|False
21107|9.0|40.0|27.666666666666668|0.0|False|False|False|False
21111|20.0|52.0|22.8|20.0|False|True|False|False
21112|21.0|41.0|21.904761904761905|21.0|False|True|False|False
21113|21.0|43.0|20.761904761904763|21.0|False|True|False|False
21114|28.0|40.0|17.892857142857142|28.0|False|True|False|False
21122|15.0|46.0|16.4|2.0|False|True|False|False
21124|17.0|37.0|15.882352941176471|1.0|False|True|False|False
21126|5.0|54.0|34.2|0.0|False|False|False|False
21129|9.0|76.0|31.444444444444443|0.0|False|False|False|False
21132|8.0|45.0|26.125|0.0|False|False|False|False
21133|9.0|29.0|20.333333333333332|1.0|False|True|False|False
21134|16.0|50.0|20.875|7.0|False|True|False|False
21136|7.0|39.0|22.714285714285715|0.0|False|False|False|False
21137|7.0|122.0|56.142857142857146|0.0|True|False|False|False
21139|10.0|65.0|28.3|0.0|False|False|False|False
21145|10.0|51.0|20.3|0.0|False|False|False|False
21150|1.0|30.0|30.0|0.0|False|False|True|False
21151|11.0|65.0|33.0|0.0|False|False|False|False
21155|7.0|44.0|24.714285714285715|0.0|False|False|False|False
21157|18.0|38.0|16.72222222222222|2.0|False|True|False|False
21159|17.0|32.0|15.352941176470589|2.0|False|True|False|False
21160|15.0|36.0|14.666666666666666|1.0|False|True|False|False
21162|5.0|50.0|27.8|0.0|False|False|False|False
21167|11.0|41.0|18.818181818181817|6.0|False|True|False|False
21168|4.0|41.0|30.75|0.0|False|False|False|False
21169|7.0|33.0|17.142857142857142|0.0|False|False|False|False
21170|4.0|52.0|38.25|0.0|False|False|False|False
21171|13.0|62.0|30.53846153846154|1.0|False|True|False|False
21172|12.0|72.0|31.416666666666668|1.0|False|True|False|False
21175|3.0|52.0|40.0|0.0|False|False|False|False
21176|6.0|37.0|26.0|0.0|False|False|False|False
21177|8.0|26.0|21.875|1.0|False|True|False|False
21179|4.0|49.0|38.25|0.0|False|False|False|False
21183|7.0|49.0|27.285714285714285|0.0|False|False|False|False
21184|7.0|50.0|25.428571428571427|1.0|False|True|False|False
21185|7.0|24.0|19.857142857142858|0.0|False|False|False|False
21187|4.0|46.0|28.75|4.0|False|True|False|False
21188|8.0|43.0|23.0|1.0|False|True|False|False
21189|3.0|54.0|45.0|1.0|False|True|False|False
21190|4.0|84.0|63.0|0.0|True|False|False|False
21192|3.0|48.0|39.666666666666664|0.0|False|False|False|False
21193|2.0|92.0|78.5|0.0|True|False|False|False
21194|7.0|21.0|15.857142857142858|1.0|False|True|False|False
21200|4.0|21.0|19.5|0.0|False|False|False|False
21201|5.0|47.0|35.8|0.0|False|False|False|False
21202|1.0|42.0|42.0|0.0|False|False|True|False
21203|4.0|50.0|32.5|0.0|False|False|False|False
21204|1.0|43.0|43.0|0.0|False|False|True|False
21205|4.0|63.0|38.25|0.0|False|False|False|False
21206|5.0|49.0|29.4|0.0|False|False|False|False
21207|9.0|68.0|27.88888888888889|0.0|False|False|False|False
21208|5.0|44.0|28.6|0.0|False|False|False|False
21210|5.0|69.0|38.4|0.0|False|False|False|False
21211|3.0|63.0|33.0|0.0|False|False|False|False
21212|7.0|54.0|29.0|0.0|False|False|False|False
21214|3.0|31.0|17.0|1.0|False|True|False|False
21215|6.0|57.0|30.166666666666668|0.0|False|False|False|False
21216|2.0|39.0|34.0|0.0|False|False|False|False
21217|7.0|54.0|27.285714285714285|0.0|False|False|False|False
21218|2.0|41.0|28.0|0.0|False|False|False|False
21219|7.0|58.0|26.857142857142858|1.0|False|True|False|False
21220|2.0|69.0|54.0|0.0|False|False|False|False
21221|11.0|35.0|21.181818181818183|1.0|False|True|False|False
21222|9.0|46.0|23.555555555555557|0.0|False|False|False|False
21225|4.0|49.0|30.25|0.0|False|False|False|False
21228|2.0|44.0|28.0|0.0|False|False|False|False
21234|4.0|52.0|32.75|0.0|False|False|False|False
21236|6.0|19.0|14.5|0.0|False|False|False|False
21239|3.0|42.0|35.333333333333336|0.0|False|False|False|False
21242|1.0|38.0|38.0|0.0|False|False|True|False
21243|3.0|93.0|43.666666666666664|0.0|True|False|False|False
21245|4.0|36.0|23.75|0.0|False|False|False|False
21246|5.0|62.0|32.8|0.0|False|False|False|False
21247|3.0|44.0|27.333333333333332|1.0|False|True|False|False
21249|3.0|35.0|22.333333333333332|0.0|False|False|False|False
21250|12.0|42.0|19.916666666666668|1.0|False|True|False|False
21251|3.0|66.0|53.666666666666664|0.0|False|False|False|False
21252|9.0|36.0|21.22222222222222|1.0|False|True|False|False
21253|2.0|64.0|41.0|0.0|False|False|False|False
21254|2.0|94.0|73.0|0.0|True|False|False|False
21255|5.0|78.0|39.2|0.0|False|False|False|False
21256|6.0|37.0|24.666666666666668|0.0|False|False|False|False
21257|10.0|61.0|25.4|1.0|False|True|False|False
21259|17.0|57.0|24.941176470588236|0.0|False|False|False|False
21260|12.0|29.0|18.833333333333332|0.0|False|False|False|False
21263|7.0|71.0|39.142857142857146|0.0|False|False|False|False
21267|8.0|63.0|30.75|0.0|False|False|False|False
21270|9.0|44.0|18.77777777777778|1.0|False|True|False|False
21273|10.0|34.0|20.3|0.0|False|False|False|False
21276|7.0|51.0|28.0|0.0|False|False|False|False
21277|8.0|45.0|26.5|0.0|False|False|False|False
21278|9.0|34.0|23.666666666666668|0.0|False|False|False|False
21280|22.0|41.0|20.045454545454547|3.0|False|True|False|False
21281|8.0|61.0|27.625|0.0|False|False|False|False
21283|8.0|36.0|23.5|0.0|False|False|False|False
21284|13.0|24.0|15.692307692307692|2.0|False|True|False|False
21286|6.0|41.0|30.5|0.0|False|False|False|False
21287|19.0|35.0|18.31578947368421|0.0|False|False|False|False
21288|7.0|48.0|27.0|0.0|False|False|False|False
21289|11.0|33.0|20.90909090909091|0.0|False|False|False|False
21290|7.0|63.0|36.142857142857146|0.0|False|False|False|False
21291|5.0|38.0|31.2|5.0|False|True|False|False
21293|5.0|41.0|30.2|0.0|False|False|False|False
21294|8.0|42.0|21.25|2.0|False|True|False|False
21295|6.0|35.0|18.0|0.0|False|False|False|False
21296|15.0|97.0|25.2|1.0|True|True|False|False
21297|3.0|55.0|44.666666666666664|0.0|False|False|False|False
21298|1.0|55.0|55.0|0.0|False|False|True|False
21299|4.0|115.0|50.0|0.0|True|False|False|False
21301|6.0|27.0|20.0|0.0|False|False|False|False
21302|8.0|57.0|28.25|0.0|False|False|False|False
21303|8.0|43.0|24.75|1.0|False|True|False|False
21304|9.0|33.0|21.444444444444443|0.0|False|False|False|False
21305|10.0|33.0|22.4|0.0|False|False|False|False
21306|6.0|69.0|36.166666666666664|0.0|False|False|False|False
21309|6.0|40.0|25.5|0.0|False|False|False|False
21310|13.0|42.0|19.23076923076923|2.0|False|True|False|False
21311|4.0|40.0|26.25|0.0|False|False|False|False
21312|8.0|34.0|20.375|1.0|False|True|False|False
21313|5.0|24.0|19.4|0.0|False|False|False|False
21314|7.0|37.0|22.428571428571427|0.0|False|False|False|False
21315|11.0|46.0|27.272727272727273|3.0|False|True|False|False
21316|7.0|45.0|24.285714285714285|0.0|False|False|False|False
21320|10.0|35.0|19.8|0.0|False|False|False|False
21321|7.0|35.0|22.428571428571427|7.0|False|True|False|False
21322|9.0|34.0|21.333333333333332|0.0|False|False|False|False
21323|9.0|47.0|20.666666666666668|0.0|False|False|False|False
21324|11.0|73.0|34.81818181818182|1.0|False|True|False|False
21326|5.0|44.0|31.0|0.0|False|False|False|False
21329|7.0|30.0|24.428571428571427|0.0|False|False|False|False
21330|6.0|49.0|23.5|0.0|False|False|False|False
21331|7.0|39.0|20.0|1.0|False|True|False|False
21332|7.0|45.0|30.285714285714285|1.0|False|True|False|False
21333|5.0|41.0|33.0|1.0|False|True|False|False
21334|3.0|77.0|48.666666666666664|0.0|False|False|False|False
21335|2.0|128.0|76.0|0.0|True|False|False|False
21336|4.0|31.0|25.75|0.0|False|False|False|False
21337|5.0|40.0|29.4|0.0|False|False|False|False
21338|8.0|56.0|20.75|1.0|False|True|False|False
21339|10.0|34.0|17.8|1.0|False|True|False|False
21340|7.0|32.0|20.142857142857142|0.0|False|False|False|False
21341|3.0|98.0|51.333333333333336|0.0|True|False|False|False
21342|12.0|73.0|22.25|0.0|False|False|False|False
21345|13.0|38.0|21.615384615384617|0.0|False|False|False|False
21346|4.0|41.0|29.75|0.0|False|False|False|False
21347|11.0|55.0|25.181818181818183|1.0|False|True|False|False
21348|14.0|53.0|22.428571428571427|1.0|False|True|False|False
21349|7.0|36.0|30.571428571428573|1.0|False|True|False|False
21350|12.0|44.0|21.666666666666668|1.0|False|True|False|False
21351|4.0|32.0|23.75|0.0|False|False|False|False
21352|10.0|33.0|22.4|2.0|False|True|False|False
21353|4.0|56.0|39.75|0.0|False|False|False|False
21356|12.0|61.0|24.416666666666668|1.0|False|True|False|False
21357|8.0|58.0|30.5|0.0|False|False|False|False
21359|7.0|72.0|33.57142857142857|0.0|False|False|False|False
21361|6.0|40.0|23.333333333333332|0.0|False|False|False|False
21363|14.0|44.0|16.642857142857142|4.0|False|True|False|False
21367|13.0|71.0|20.53846153846154|3.0|False|True|False|False
21369|22.0|26.0|17.045454545454547|0.0|False|False|False|False
21370|21.0|53.0|21.666666666666668|21.0|False|True|False|False
21372|10.0|65.0|27.4|1.0|False|True|False|False
21373|14.0|34.0|17.142857142857142|1.0|False|True|False|False
21375|3.0|76.0|44.333333333333336|0.0|False|False|False|False
21376|19.0|66.0|17.263157894736842|1.0|False|True|False|False
21377|17.0|42.0|19.58823529411765|3.0|False|True|False|False
21379|15.0|46.0|19.733333333333334|0.0|False|False|False|False
21380|14.0|57.0|23.214285714285715|1.0|False|True|False|False
21381|2.0|35.0|26.0|0.0|False|False|False|False
21382|14.0|54.0|23.357142857142858|0.0|False|False|False|False
21384|12.0|34.0|12.833333333333334|4.0|False|True|False|False
21385|9.0|37.0|21.333333333333332|0.0|False|False|False|False
21386|10.0|21.0|11.6|0.0|False|False|False|False
21387|10.0|29.0|15.5|0.0|False|False|False|False
21388|14.0|36.0|18.714285714285715|0.0|False|False|False|False
21389|6.0|50.0|33.666666666666664|0.0|False|False|False|False
21390|10.0|35.0|20.1|1.0|False|True|False|False
21391|10.0|37.0|21.3|0.0|False|False|False|False
21392|17.0|32.0|20.058823529411764|1.0|False|True|False|False
21393|14.0|44.0|20.857142857142858|2.0|False|True|False|False
21394|5.0|80.0|51.0|0.0|False|False|False|False
21397|5.0|44.0|26.0|0.0|False|False|False|False
21398|5.0|74.0|29.4|0.0|False|False|False|False
21399|7.0|93.0|33.285714285714285|0.0|True|False|False|False
21401|9.0|50.0|22.88888888888889|1.0|False|True|False|False
21403|5.0|44.0|28.2|0.0|False|False|False|False
21404|17.0|44.0|24.647058823529413|0.0|False|False|False|False
21405|15.0|54.0|19.933333333333334|1.0|False|True|False|False
21407|5.0|77.0|36.6|1.0|False|True|False|False
21408|2.0|70.0|66.5|0.0|False|False|False|False
21409|8.0|32.0|20.75|1.0|False|True|False|False
21410|3.0|39.0|23.666666666666668|0.0|False|False|False|False
21411|4.0|38.0|26.25|0.0|False|False|False|False
21413|3.0|64.0|42.666666666666664|0.0|False|False|False|False
21414|6.0|57.0|24.833333333333332|0.0|False|False|False|False
21415|7.0|58.0|25.0|1.0|False|True|False|False
21417|4.0|46.0|28.75|0.0|False|False|False|False
21418|4.0|43.0|30.5|0.0|False|False|False|False
21419|4.0|41.0|29.75|0.0|False|False|False|False
21420|4.0|23.0|20.5|1.0|False|True|False|False
21421|9.0|85.0|34.111111111111114|0.0|True|False|False|False
21422|3.0|33.0|29.666666666666668|0.0|False|False|False|False
21423|8.0|50.0|27.125|0.0|False|False|False|False
21424|8.0|35.0|28.0|0.0|False|False|False|False
21425|2.0|61.0|38.5|0.0|False|False|False|False
21426|3.0|44.0|31.333333333333332|0.0|False|False|False|False
21427|6.0|67.0|27.166666666666668|0.0|False|False|False|False
21428|5.0|72.0|30.2|0.0|False|False|False|False
21429|7.0|37.0|26.285714285714285|0.0|False|False|False|False
21430|13.0|57.0|24.307692307692307|0.0|False|False|False|False
21432|6.0|68.0|36.666666666666664|0.0|False|False|False|False
21433|8.0|28.0|17.25|0.0|False|False|False|False
21434|6.0|54.0|32.333333333333336|0.0|False|False|False|False
21435|13.0|41.0|19.846153846153847|4.0|False|True|False|False
21436|11.0|29.0|18.09090909090909|0.0|False|False|False|False
21437|14.0|50.0|21.714285714285715|1.0|False|True|False|False
21438|9.0|57.0|25.22222222222222|0.0|False|False|False|False
21439|14.0|35.0|17.142857142857142|3.0|False|True|False|False
21440|6.0|42.0|27.166666666666668|0.0|False|False|False|False
21441|9.0|26.0|16.77777777777778|1.0|False|True|False|False
21442|17.0|36.0|17.647058823529413|0.0|False|False|False|False
21443|7.0|30.0|21.142857142857142|0.0|False|False|False|False
21444|8.0|30.0|21.875|1.0|False|True|False|False
21445|13.0|38.0|15.692307692307692|0.0|False|False|False|False
21446|21.0|36.0|20.476190476190474|1.0|False|True|False|False
21447|14.0|21.0|13.285714285714286|0.0|False|False|False|False
21448|4.0|50.0|34.5|0.0|False|False|False|False
21451|11.0|55.0|26.363636363636363|0.0|False|False|False|False
21452|4.0|42.0|25.25|0.0|False|False|False|False
21455|14.0|28.0|18.071428571428573|0.0|False|False|False|False
21456|4.0|37.0|26.5|0.0|False|False|False|False
21457|12.0|48.0|17.5|3.0|False|True|False|False
21462|3.0|63.0|50.0|0.0|False|False|False|False
21463|4.0|65.0|37.25|1.0|False|True|False|False
21464|6.0|45.0|26.0|0.0|False|False|False|False
21465|5.0|85.0|44.0|0.0|True|False|False|False
21466|9.0|52.0|26.0|0.0|False|False|False|False
21467|8.0|65.0|30.625|0.0|False|False|False|False
21468|3.0|38.0|23.333333333333332|0.0|False|False|False|False
21469|5.0|48.0|28.2|1.0|False|True|False|False
21470|9.0|49.0|21.88888888888889|1.0|False|True|False|False
21471|5.0|45.0|24.4|0.0|False|False|False|False
21472|3.0|24.0|17.666666666666668|0.0|False|False|False|False
21473|2.0|50.0|38.0|0.0|False|False|False|False
21475|8.0|45.0|28.625|0.0|False|False|False|False
21476|4.0|35.0|32.0|1.0|False|True|False|False
21477|4.0|56.0|43.25|0.0|False|False|False|False
21478|3.0|45.0|31.666666666666668|0.0|False|False|False|False
21479|6.0|44.0|28.166666666666668|0.0|False|False|False|False
21480|3.0|25.0|22.333333333333332|0.0|False|False|False|False
21481|5.0|33.0|18.4|1.0|False|True|False|False
21482|1.0|56.0|56.0|0.0|False|False|True|False
21485|6.0|56.0|32.333333333333336|6.0|False|True|False|False
21486|12.0|56.0|27.833333333333332|12.0|False|True|False|False
21490|4.0|87.0|42.25|0.0|True|False|False|False
21491|3.0|66.0|47.333333333333336|0.0|False|False|False|False
21492|5.0|50.0|25.4|0.0|False|False|False|False
21493|2.0|41.0|35.0|0.0|False|False|False|False
21494|6.0|61.0|28.333333333333332|0.0|False|False|False|False
21495|11.0|49.0|24.818181818181817|0.0|False|False|False|False
21496|2.0|59.0|34.5|0.0|False|False|False|False
21497|2.0|36.0|29.0|0.0|False|False|False|False
21499|3.0|67.0|37.333333333333336|0.0|False|False|False|False
21500|5.0|65.0|36.8|0.0|False|False|False|False
21501|3.0|33.0|29.666666666666668|0.0|False|False|False|False
21502|3.0|28.0|22.666666666666668|1.0|False|True|False|False
21503|3.0|61.0|40.333333333333336|0.0|False|False|False|False
21504|6.0|60.0|26.333333333333332|0.0|False|False|False|False
21505|4.0|53.0|31.75|0.0|False|False|False|False
21506|6.0|38.0|25.166666666666668|0.0|False|False|False|False
21507|6.0|43.0|27.333333333333332|1.0|False|True|False|False
21509|11.0|32.0|18.727272727272727|3.0|False|True|False|False
21510|9.0|40.0|23.444444444444443|1.0|False|True|False|False
21511|6.0|66.0|32.5|1.0|False|True|False|False
21512|6.0|48.0|27.333333333333332|0.0|False|False|False|False
21513|7.0|50.0|30.428571428571427|0.0|False|False|False|False
21514|6.0|43.0|30.333333333333332|0.0|False|False|False|False
21515|6.0|52.0|31.333333333333332|0.0|False|False|False|False
21516|6.0|66.0|38.0|0.0|False|False|False|False
21517|7.0|54.0|29.285714285714285|0.0|False|False|False|False
21518|12.0|39.0|21.916666666666668|0.0|False|False|False|False
21519|12.0|32.0|20.416666666666668|1.0|False|True|False|False
21520|13.0|41.0|19.307692307692307|4.0|False|True|False|False
21521|8.0|51.0|33.25|0.0|False|False|False|False
21522|7.0|38.0|22.0|0.0|False|False|False|False
21523|10.0|42.0|24.7|0.0|False|False|False|False
21524|11.0|27.0|19.181818181818183|2.0|False|True|False|False
21528|9.0|42.0|23.22222222222222|0.0|False|False|False|False
21529|10.0|40.0|23.1|0.0|False|False|False|False
21530|12.0|31.0|19.5|0.0|False|False|False|False
21531|8.0|85.0|33.875|0.0|True|False|False|False
21532|6.0|49.0|40.166666666666664|0.0|False|False|False|False
21533|6.0|61.0|30.666666666666668|0.0|False|False|False|False
21534|8.0|36.0|20.625|0.0|False|False|False|False
21535|10.0|48.0|27.0|0.0|False|False|False|False
21536|9.0|34.0|17.88888888888889|0.0|False|False|False|False
21537|6.0|50.0|21.333333333333332|0.0|False|False|False|False
21538|4.0|70.0|58.5|0.0|False|False|False|False
21539|4.0|93.0|46.25|0.0|True|False|False|False
21540|8.0|36.0|27.75|0.0|False|False|False|False
21541|11.0|36.0|21.09090909090909|0.0|False|False|False|False
21542|7.0|43.0|29.285714285714285|0.0|False|False|False|False
21543|7.0|35.0|28.428571428571427|0.0|False|False|False|False
21544|9.0|53.0|31.444444444444443|0.0|False|False|False|False
21545|9.0|67.0|26.333333333333332|0.0|False|False|False|False
21546|10.0|73.0|27.7|1.0|False|True|False|False
21547|16.0|52.0|19.9375|4.0|False|True|False|False
21548|8.0|42.0|26.25|8.0|False|True|False|False
21549|14.0|49.0|22.5|14.0|False|True|False|False
21550|8.0|50.0|27.375|8.0|False|True|False|False
21551|15.0|32.0|16.4|1.0|False|True|False|False
21552|7.0|60.0|34.714285714285715|0.0|False|False|False|False
21553|9.0|36.0|24.88888888888889|1.0|False|True|False|False
21554|15.0|46.0|23.933333333333334|15.0|False|True|False|False
21555|10.0|35.0|25.7|1.0|False|True|False|False
21556|6.0|52.0|32.5|0.0|False|False|False|False
21557|11.0|33.0|23.181818181818183|2.0|False|True|False|False
21558|10.0|46.0|22.8|0.0|False|False|False|False
21559|10.0|49.0|23.7|10.0|False|True|False|False
21560|7.0|58.0|30.285714285714285|0.0|False|False|False|False
21561|6.0|65.0|34.666666666666664|0.0|False|False|False|False
21562|8.0|39.0|20.25|0.0|False|False|False|False
21563|7.0|65.0|34.0|0.0|False|False|False|False
21564|7.0|42.0|26.142857142857142|1.0|False|True|False|False
21565|9.0|36.0|23.77777777777778|0.0|False|False|False|False
21567|6.0|63.0|29.5|0.0|False|False|False|False
21568|13.0|48.0|22.384615384615383|0.0|False|False|False|False
21569|8.0|44.0|33.625|0.0|False|False|False|False
21570|13.0|38.0|20.923076923076923|1.0|False|True|False|False
21571|8.0|42.0|20.875|0.0|False|False|False|False
21572|7.0|32.0|19.428571428571427|0.0|False|False|False|False
21574|6.0|64.0|28.5|0.0|False|False|False|False
21575|13.0|47.0|25.153846153846153|0.0|False|False|False|False
21576|7.0|49.0|26.857142857142858|0.0|False|False|False|False
21577|7.0|55.0|28.857142857142858|0.0|False|False|False|False
21578|5.0|28.0|25.0|0.0|False|False|False|False
21581|9.0|46.0|28.0|0.0|False|False|False|False
21582|7.0|32.0|26.142857142857142|0.0|False|False|False|False
21583|7.0|36.0|25.285714285714285|0.0|False|False|False|False
21584|7.0|68.0|24.857142857142858|1.0|False|True|False|False
21585|13.0|63.0|24.692307692307693|1.0|False|True|False|False
21586|12.0|35.0|24.25|0.0|False|False|False|False
21587|13.0|32.0|18.692307692307693|1.0|False|True|False|False
21588|10.0|41.0|23.5|10.0|False|True|False|False
21589|15.0|34.0|21.666666666666668|0.0|False|False|False|False
21590|10.0|54.0|30.1|0.0|False|False|False|False
21592|14.0|40.0|23.785714285714285|14.0|False|True|False|False
21593|9.0|45.0|30.88888888888889|0.0|False|False|False|False
21594|8.0|54.0|23.75|0.0|False|False|False|False
21595|13.0|56.0|22.0|1.0|False|True|False|False
21596|9.0|29.0|20.555555555555557|1.0|False|True|False|False
21597|5.0|70.0|39.6|0.0|False|False|False|False
21598|5.0|60.0|31.0|0.0|False|False|False|False
21599|13.0|61.0|27.615384615384617|1.0|False|True|False|False
21600|10.0|105.0|28.1|0.0|True|False|False|False
21601|10.0|41.0|20.7|1.0|False|True|False|False
21602|8.0|64.0|27.75|1.0|False|True|False|False
21604|8.0|21.0|15.75|0.0|False|False|False|False
21605|6.0|30.0|17.5|0.0|False|False|False|False
21606|9.0|33.0|23.77777777777778|1.0|False|True|False|False
21607|12.0|36.0|21.5|0.0|False|False|False|False
21608|10.0|47.0|23.3|0.0|False|False|False|False
21609|7.0|29.0|22.142857142857142|0.0|False|False|False|False
21611|8.0|47.0|29.375|0.0|False|False|False|False
21612|10.0|45.0|26.5|0.0|False|False|False|False
21614|10.0|50.0|22.1|0.0|False|False|False|False
21615|10.0|45.0|23.0|0.0|False|False|False|False
21616|10.0|41.0|23.7|0.0|False|False|False|False
21617|11.0|33.0|22.90909090909091|1.0|False|True|False|False
21618|8.0|53.0|31.25|0.0|False|False|False|False
21619|8.0|28.0|20.875|0.0|False|False|False|False
21620|4.0|51.0|34.75|0.0|False|False|False|False
21621|6.0|29.0|26.166666666666668|0.0|False|False|False|False
21622|12.0|39.0|22.0|0.0|False|False|False|False
21623|10.0|38.0|22.9|0.0|False|False|False|False
21624|11.0|48.0|18.727272727272727|0.0|False|False|False|False
21625|11.0|40.0|20.818181818181817|0.0|False|False|False|False
21626|11.0|46.0|22.181818181818183|0.0|False|False|False|False
21627|11.0|61.0|28.181818181818183|0.0|False|False|False|False
21628|6.0|47.0|29.833333333333332|0.0|False|False|False|False
21629|8.0|54.0|33.75|0.0|False|False|False|False
21630|10.0|37.0|24.7|0.0|False|False|False|False
21631|8.0|46.0|29.375|0.0|False|False|False|False
21632|15.0|33.0|22.933333333333334|1.0|False|True|False|False
21633|7.0|37.0|28.428571428571427|0.0|False|False|False|False
21635|9.0|45.0|25.88888888888889|0.0|False|False|False|False
21637|8.0|51.0|29.125|0.0|False|False|False|False
21638|10.0|39.0|20.4|0.0|False|False|False|False
21639|5.0|52.0|37.0|0.0|False|False|False|False
21640|12.0|33.0|20.75|0.0|False|False|False|False
21641|11.0|47.0|24.181818181818183|0.0|False|False|False|False
21642|13.0|42.0|19.692307692307693|1.0|False|True|False|False
21644|8.0|60.0|31.375|0.0|False|False|False|False
21645|8.0|41.0|27.625|0.0|False|False|False|False
21646|11.0|35.0|21.272727272727273|0.0|False|False|False|False
21647|8.0|46.0|34.0|0.0|False|False|False|False
21648|9.0|59.0|28.77777777777778|0.0|False|False|False|False
21649|9.0|39.0|24.333333333333332|0.0|False|False|False|False
21650|4.0|47.0|37.5|0.0|False|False|False|False
21652|8.0|33.0|27.125|0.0|False|False|False|False
21653|9.0|31.0|23.444444444444443|0.0|False|False|False|False
21654|12.0|35.0|18.666666666666668|1.0|False|True|False|False
21656|11.0|36.0|23.0|0.0|False|False|False|False
21657|10.0|31.0|21.1|0.0|False|False|False|False
21658|10.0|79.0|36.9|1.0|False|True|False|False
21659|10.0|48.0|23.9|0.0|False|False|False|False
21660|5.0|40.0|32.0|0.0|False|False|False|False
21661|7.0|59.0|28.571428571428573|0.0|False|False|False|False
21662|5.0|108.0|41.0|0.0|True|False|False|False
21663|8.0|36.0|24.125|0.0|False|False|False|False
21664|8.0|40.0|28.25|0.0|False|False|False|False
21665|8.0|40.0|26.625|0.0|False|False|False|False
21666|10.0|30.0|23.6|0.0|False|False|False|False
21667|13.0|45.0|20.692307692307693|0.0|False|False|False|False
21668|5.0|53.0|33.2|0.0|False|False|False|False
21669|5.0|59.0|34.6|0.0|False|False|False|False
21670|7.0|53.0|28.571428571428573|0.0|False|False|False|False
21671|6.0|78.0|31.833333333333332|0.0|False|False|False|False
21672|9.0|55.0|31.555555555555557|0.0|False|False|False|False
21673|10.0|32.0|21.4|0.0|False|False|False|False
21674|8.0|50.0|27.375|0.0|False|False|False|False
21675|8.0|39.0|29.0|1.0|False|True|False|False
21676|8.0|42.0|20.75|0.0|False|False|False|False
21677|8.0|59.0|34.875|0.0|False|False|False|False
21678|7.0|58.0|30.0|0.0|False|False|False|False
21679|11.0|47.0|25.363636363636363|0.0|False|False|False|False
21680|8.0|41.0|25.875|0.0|False|False|False|False
21681|5.0|38.0|31.0|0.0|False|False|False|False
21682|8.0|29.0|23.5|0.0|False|False|False|False
21685|13.0|33.0|21.23076923076923|0.0|False|False|False|False
21687|7.0|66.0|32.57142857142857|0.0|False|False|False|False
21688|7.0|48.0|34.42857142857143|0.0|False|False|False|False
21689|7.0|53.0|24.571428571428573|0.0|False|False|False|False
21690|8.0|43.0|28.75|0.0|False|False|False|False
21691|11.0|30.0|22.363636363636363|0.0|False|False|False|False
21692|8.0|53.0|26.5|0.0|False|False|False|False
21694|9.0|32.0|23.88888888888889|0.0|False|False|False|False
21695|12.0|25.0|21.666666666666668|0.0|False|False|False|False
21697|9.0|37.0|23.88888888888889|1.0|False|True|False|False
21698|9.0|49.0|29.333333333333332|0.0|False|False|False|False
21699|14.0|34.0|17.857142857142858|0.0|False|False|False|False
21700|8.0|62.0|31.0|0.0|False|False|False|False
21702|10.0|31.0|18.8|2.0|False|True|False|False
21703|8.0|49.0|24.75|0.0|False|False|False|False
21704|9.0|39.0|25.666666666666668|0.0|False|False|False|False
21705|9.0|44.0|29.0|0.0|False|False|False|False
21706|6.0|39.0|28.5|0.0|False|False|False|False
21708|8.0|28.0|22.375|0.0|False|False|False|False
21709|7.0|59.0|36.285714285714285|0.0|False|False|False|False
21710|10.0|26.0|20.1|0.0|False|False|False|False
21711|7.0|53.0|38.142857142857146|0.0|False|False|False|False
21712|9.0|62.0|28.555555555555557|1.0|False|True|False|False
21713|7.0|33.0|25.142857142857142|0.0|False|False|False|False
21714|5.0|52.0|31.0|0.0|False|False|False|False
21716|6.0|29.0|19.166666666666668|1.0|False|True|False|False
21717|12.0|40.0|28.333333333333332|0.0|False|False|False|False
21718|5.0|78.0|35.0|0.0|False|False|False|False
21719|1.0|36.0|36.0|0.0|False|False|True|False
21720|1.0|52.0|52.0|0.0|False|False|True|False
21721|6.0|28.0|21.0|0.0|False|False|False|False
21722|13.0|32.0|19.53846153846154|1.0|False|True|False|False
21723|9.0|68.0|36.111111111111114|0.0|False|False|False|False
21724|10.0|47.0|25.3|0.0|False|False|False|False
21725|9.0|45.0|23.77777777777778|0.0|False|False|False|False
21726|4.0|109.0|39.5|0.0|True|False|False|False
21727|9.0|89.0|30.555555555555557|1.0|True|True|False|False
21730|5.0|37.0|25.4|0.0|False|False|False|False
21731|12.0|40.0|20.083333333333332|1.0|False|True|False|False
21732|6.0|95.0|37.5|0.0|True|False|False|False
21733|10.0|44.0|22.2|0.0|False|False|False|False
21734|7.0|36.0|23.142857142857142|0.0|False|False|False|False
21735|14.0|27.0|17.428571428571427|0.0|False|False|False|False
21736|9.0|77.0|28.444444444444443|0.0|False|False|False|False
21737|6.0|27.0|21.833333333333332|0.0|False|False|False|False
21738|7.0|45.0|30.0|0.0|False|False|False|False
21739|11.0|36.0|19.454545454545453|1.0|False|True|False|False
21740|14.0|33.0|18.857142857142858|0.0|False|False|False|False
21741|7.0|33.0|25.428571428571427|0.0|False|False|False|False
21742|5.0|112.0|47.8|0.0|True|False|False|False
21744|8.0|85.0|27.875|1.0|True|True|False|False
21745|8.0|62.0|29.0|0.0|False|False|False|False
21746|11.0|46.0|22.09090909090909|0.0|False|False|False|False
21747|5.0|110.0|47.8|0.0|True|False|False|False
21748|9.0|40.0|29.88888888888889|0.0|False|False|False|False
21749|8.0|51.0|28.0|0.0|False|False|False|False
21750|9.0|31.0|23.666666666666668|0.0|False|False|False|False
21752|11.0|44.0|24.90909090909091|0.0|False|False|False|False
21753|11.0|41.0|20.363636363636363|1.0|False|True|False|False
21754|8.0|108.0|37.5|2.0|True|True|False|False
21755|9.0|49.0|25.0|1.0|False|True|False|False
21758|9.0|44.0|25.333333333333332|0.0|False|False|False|False
21759|8.0|26.0|15.625|0.0|False|False|False|False
21762|8.0|43.0|24.375|0.0|False|False|False|False
21764|6.0|45.0|28.833333333333332|0.0|False|False|False|False
21766|9.0|39.0|26.77777777777778|0.0|False|False|False|False
21767|9.0|35.0|21.444444444444443|0.0|False|False|False|False
21768|10.0|36.0|23.9|0.0|False|False|False|False
21769|8.0|27.0|22.375|0.0|False|False|False|False
21770|11.0|107.0|29.181818181818183|0.0|True|False|False|False
21771|9.0|41.0|22.444444444444443|2.0|False|True|False|False
21772|8.0|45.0|32.25|0.0|False|False|False|False
21773|10.0|32.0|25.8|0.0|False|False|False|False
21774|11.0|54.0|25.454545454545453|0.0|False|False|False|False
21776|12.0|35.0|19.5|0.0|False|False|False|False
21778|9.0|36.0|25.77777777777778|0.0|False|False|False|False
21779|9.0|56.0|22.22222222222222|0.0|False|False|False|False
21780|8.0|32.0|24.0|0.0|False|False|False|False
21781|12.0|31.0|20.333333333333332|0.0|False|False|False|False
21782|7.0|37.0|22.285714285714285|1.0|False|True|False|False
21783|7.0|37.0|25.142857142857142|0.0|False|False|False|False
21784|8.0|45.0|24.25|1.0|False|True|False|False
21787|9.0|42.0|25.666666666666668|0.0|False|False|False|False
21788|14.0|44.0|23.142857142857142|1.0|False|True|False|False
21789|9.0|45.0|25.444444444444443|1.0|False|True|False|False
21790|8.0|43.0|21.25|4.0|False|True|False|False
21791|15.0|49.0|24.933333333333334|0.0|False|False|False|False
21792|14.0|30.0|20.071428571428573|0.0|False|False|False|False
21793|9.0|47.0|27.11111111111111|0.0|False|False|False|False
21794|6.0|74.0|46.666666666666664|0.0|False|False|False|False
21795|9.0|42.0|27.444444444444443|0.0|False|False|False|False
21796|12.0|42.0|22.333333333333332|1.0|False|True|False|False
21797|9.0|40.0|24.333333333333332|0.0|False|False|False|False
21798|7.0|68.0|34.142857142857146|0.0|False|False|False|False
21800|7.0|67.0|32.857142857142854|0.0|False|False|False|False
21801|9.0|63.0|26.77777777777778|0.0|False|False|False|False
21802|9.0|56.0|31.88888888888889|1.0|False|True|False|False
21804|11.0|41.0|21.90909090909091|0.0|False|False|False|False
21805|5.0|47.0|34.0|0.0|False|False|False|False
21806|7.0|35.0|29.571428571428573|0.0|False|False|False|False
21807|7.0|79.0|31.285714285714285|7.0|False|True|False|False
21808|6.0|67.0|43.666666666666664|6.0|False|True|False|False
21809|13.0|49.0|27.0|13.0|False|True|False|False
21810|12.0|42.0|24.583333333333332|12.0|False|True|False|False
21811|11.0|49.0|30.454545454545453|11.0|False|True|False|False
21812|14.0|46.0|24.285714285714285|14.0|False|True|False|False
21813|11.0|34.0|21.636363636363637|11.0|False|True|False|False
21814|11.0|41.0|24.545454545454547|11.0|False|True|False|False
21815|15.0|46.0|23.666666666666668|15.0|False|True|False|False
21816|15.0|39.0|27.2|15.0|False|True|False|False
21817|17.0|38.0|25.647058823529413|17.0|False|True|False|False
21819|14.0|57.0|28.857142857142858|14.0|False|True|False|False
21820|12.0|48.0|25.25|12.0|False|True|False|False
21821|15.0|49.0|23.933333333333334|15.0|False|True|False|False
21822|20.0|49.0|20.4|20.0|False|True|False|False
21823|9.0|42.0|32.888888888888886|9.0|False|True|False|False
21824|21.0|45.0|19.047619047619047|1.0|False|True|False|False
21825|13.0|34.0|22.692307692307693|1.0|False|True|False|False
21826|19.0|69.0|25.789473684210527|0.0|False|False|False|False
21827|12.0|32.0|23.083333333333332|1.0|False|True|False|False
21830|11.0|43.0|29.454545454545453|0.0|False|False|False|False
21832|13.0|87.0|31.076923076923077|0.0|True|False|False|False
21834|11.0|44.0|26.181818181818183|0.0|False|False|False|False
21836|8.0|91.0|34.875|1.0|True|True|False|False
21838|14.0|78.0|26.214285714285715|0.0|False|False|False|False
21840|11.0|87.0|27.90909090909091|0.0|True|False|False|False
21842|9.0|45.0|21.444444444444443|1.0|False|True|False|False
21844|9.0|61.0|29.666666666666668|0.0|False|False|False|False
21845|17.0|103.0|29.294117647058822|0.0|True|False|False|False
21846|10.0|50.0|20.5|2.0|False|True|False|False
21848|6.0|64.0|35.166666666666664|0.0|False|False|False|False
21849|13.0|81.0|25.23076923076923|0.0|True|False|False|False
21850|14.0|35.0|22.571428571428573|0.0|False|False|False|False
21851|9.0|64.0|28.333333333333332|1.0|False|True|False|False
21853|13.0|50.0|27.076923076923077|13.0|False|True|False|False
21854|13.0|44.0|26.53846153846154|13.0|False|True|False|False
21855|12.0|37.0|26.083333333333332|12.0|False|True|False|False
21856|9.0|31.0|21.11111111111111|9.0|False|True|False|False
21858|6.0|121.0|36.833333333333336|0.0|True|False|False|False
21859|14.0|87.0|23.5|1.0|True|True|False|False
21860|8.0|55.0|33.25|0.0|False|False|False|False
21861|10.0|66.0|27.4|3.0|False|True|False|False
21862|15.0|47.0|25.866666666666667|15.0|False|True|False|False
21863|8.0|33.0|19.875|0.0|False|False|False|False
21864|9.0|41.0|23.22222222222222|0.0|False|False|False|False
21865|7.0|64.0|28.714285714285715|0.0|False|False|False|False
21866|12.0|30.0|22.25|0.0|False|False|False|False
21867|9.0|46.0|22.88888888888889|0.0|False|False|False|False
21868|7.0|63.0|31.714285714285715|1.0|False|True|False|False
21869|7.0|29.0|25.571428571428573|0.0|False|False|False|False
21870|15.0|38.0|20.466666666666665|0.0|False|False|False|False
21871|10.0|70.0|25.9|0.0|False|False|False|False
21872|13.0|28.0|20.307692307692307|0.0|False|False|False|False
21873|5.0|51.0|28.8|0.0|False|False|False|False
21874|13.0|71.0|26.846153846153847|1.0|False|True|False|False
21875|16.0|52.0|23.9375|0.0|False|False|False|False
21876|12.0|47.0|26.5|0.0|False|False|False|False
21877|8.0|29.0|19.125|0.0|False|False|False|False
21878|12.0|35.0|19.166666666666668|0.0|False|False|False|False
21879|6.0|52.0|28.666666666666668|0.0|False|False|False|False
21880|8.0|38.0|26.5|0.0|False|False|False|False
21881|10.0|38.0|22.7|2.0|False|True|False|False
21882|9.0|41.0|21.88888888888889|0.0|False|False|False|False
21884|5.0|59.0|30.8|0.0|False|False|False|False
21885|8.0|47.0|28.625|0.0|False|False|False|False
21886|6.0|33.0|24.333333333333332|0.0|False|False|False|False
21887|7.0|63.0|33.714285714285715|0.0|False|False|False|False
21888|7.0|39.0|25.0|0.0|False|False|False|False
21890|10.0|31.0|26.3|0.0|False|False|False|False
21891|11.0|45.0|24.636363636363637|0.0|False|False|False|False
21892|9.0|40.0|27.666666666666668|0.0|False|False|False|False
21893|13.0|34.0|21.615384615384617|0.0|False|False|False|False
21894|9.0|35.0|24.444444444444443|0.0|False|False|False|False
21895|8.0|29.0|18.125|0.0|False|False|False|False
21897|8.0|64.0|32.125|1.0|False|True|False|False
21898|11.0|59.0|28.272727272727273|0.0|False|False|False|False
21899|8.0|39.0|25.375|0.0|False|False|False|False
21900|10.0|54.0|25.7|1.0|False|True|False|False
21901|9.0|37.0|26.333333333333332|0.0|False|False|False|False
21903|7.0|38.0|25.714285714285715|0.0|False|False|False|False
21904|8.0|35.0|24.25|1.0|False|True|False|False
21905|6.0|41.0|27.5|0.0|False|False|False|False
21906|9.0|34.0|21.666666666666668|0.0|False|False|False|False
21907|9.0|40.0|24.22222222222222|0.0|False|False|False|False
21908|10.0|40.0|24.5|0.0|False|False|False|False
21909|10.0|34.0|20.2|0.0|False|False|False|False
21910|9.0|38.0|24.22222222222222|0.0|False|False|False|False
21911|9.0|52.0|28.555555555555557|0.0|False|False|False|False
21912|8.0|40.0|28.75|0.0|False|False|False|False
21913|8.0|42.0|25.875|0.0|False|False|False|False
21914|9.0|34.0|23.666666666666668|1.0|False|True|False|False
21915|6.0|34.0|25.833333333333332|0.0|False|False|False|False
21916|21.0|29.0|17.428571428571427|2.0|False|True|False|False
21917|8.0|46.0|26.875|0.0|False|False|False|False
21920|10.0|36.0|20.5|0.0|False|False|False|False
21921|8.0|67.0|28.25|0.0|False|False|False|False
21922|6.0|65.0|34.5|0.0|False|False|False|False
21923|13.0|34.0|21.0|0.0|False|False|False|False
21924|9.0|33.0|24.22222222222222|0.0|False|False|False|False
21925|10.0|54.0|30.6|0.0|False|False|False|False
21926|8.0|45.0|26.5|0.0|False|False|False|False
21927|7.0|48.0|31.428571428571427|0.0|False|False|False|False
21928|9.0|47.0|26.0|0.0|False|False|False|False
21929|8.0|65.0|34.125|0.0|False|False|False|False
21930|8.0|38.0|24.25|0.0|False|False|False|False
21931|9.0|50.0|25.0|0.0|False|False|False|False
21932|7.0|82.0|36.57142857142857|0.0|True|False|False|False
21933|7.0|55.0|20.428571428571427|0.0|False|False|False|False
21934|8.0|31.0|21.0|1.0|False|True|False|False
21935|10.0|36.0|24.0|0.0|False|False|False|False
21936|9.0|48.0|21.666666666666668|0.0|False|False|False|False
21937|6.0|26.0|22.5|0.0|False|False|False|False
21938|8.0|55.0|30.125|0.0|False|False|False|False
21939|7.0|49.0|31.857142857142858|0.0|False|False|False|False
21940|8.0|53.0|34.875|0.0|False|False|False|False
21941|8.0|35.0|26.625|0.0|False|False|False|False
21942|9.0|53.0|29.11111111111111|0.0|False|False|False|False
21944|6.0|51.0|27.0|0.0|False|False|False|False
21945|6.0|47.0|39.833333333333336|0.0|False|False|False|False
21946|6.0|48.0|28.833333333333332|0.0|False|False|False|False
21947|12.0|40.0|22.666666666666668|0.0|False|False|False|False
21948|11.0|31.0|21.727272727272727|0.0|False|False|False|False
21949|14.0|30.0|17.928571428571427|0.0|False|False|False|False
21950|5.0|37.0|22.0|0.0|False|False|False|False
21951|6.0|63.0|35.333333333333336|0.0|False|False|False|False
21952|10.0|38.0|18.9|0.0|False|False|False|False
21953|10.0|32.0|22.4|2.0|False|True|False|False
21954|9.0|74.0|25.555555555555557|0.0|False|False|False|False
21955|9.0|61.0|32.77777777777778|0.0|False|False|False|False
21956|18.0|42.0|24.333333333333332|18.0|False|True|False|False
21957|17.0|33.0|20.764705882352942|17.0|False|True|False|False
21958|12.0|43.0|24.5|12.0|False|True|False|False
21960|17.0|54.0|25.823529411764707|17.0|False|True|False|False
21961|12.0|39.0|22.833333333333332|0.0|False|False|False|False
21962|6.0|42.0|28.666666666666668|0.0|False|False|False|False
21963|7.0|31.0|26.0|0.0|False|False|False|False
21964|14.0|63.0|26.571428571428573|0.0|False|False|False|False
21965|5.0|73.0|43.8|0.0|False|False|False|False
21966|16.0|38.0|19.375|0.0|False|False|False|False
21967|10.0|37.0|23.5|0.0|False|False|False|False
21968|6.0|51.0|33.166666666666664|0.0|False|False|False|False
21969|19.0|34.0|20.57894736842105|0.0|False|False|False|False
21970|10.0|36.0|27.1|0.0|False|False|False|False
21971|10.0|30.0|22.8|0.0|False|False|False|False
21972|7.0|46.0|35.142857142857146|0.0|False|False|False|False
21973|5.0|45.0|31.6|0.0|False|False|False|False
21974|7.0|54.0|30.142857142857142|0.0|False|False|False|False
21975|8.0|40.0|28.875|0.0|False|False|False|False
21976|9.0|32.0|21.0|0.0|False|False|False|False
21977|6.0|30.0|20.333333333333332|0.0|False|False|False|False
21978|8.0|29.0|23.25|0.0|False|False|False|False
21979|8.0|40.0|28.875|0.0|False|False|False|False
21980|6.0|69.0|28.833333333333332|0.0|False|False|False|False
21981|6.0|62.0|26.5|1.0|False|True|False|False
21982|9.0|87.0|32.77777777777778|0.0|True|False|False|False
21984|12.0|33.0|23.083333333333332|0.0|False|False|False|False
21986|2.0|20.0|13.5|2.0|False|True|False|False
21987|10.0|37.0|24.7|2.0|False|True|False|False
21988|11.0|40.0|22.545454545454547|0.0|False|False|False|False
21992|9.0|49.0|28.88888888888889|1.0|False|True|False|False
21993|9.0|57.0|24.444444444444443|2.0|False|True|False|False
21994|10.0|60.0|24.3|0.0|False|False|False|False
21995|11.0|46.0|26.0|1.0|False|True|False|False
21996|11.0|51.0|22.90909090909091|3.0|False|True|False|False
21997|10.0|26.0|18.9|2.0|False|True|False|False
21998|7.0|83.0|34.857142857142854|0.0|True|False|False|False
21999|6.0|70.0|38.166666666666664|0.0|False|False|False|False
22000|8.0|58.0|30.0|0.0|False|False|False|False
22001|3.0|63.0|46.0|0.0|False|False|False|False
22003|4.0|40.0|23.0|0.0|False|False|False|False
22004|6.0|40.0|20.5|2.0|False|True|False|False
22005|7.0|57.0|30.428571428571427|0.0|False|False|False|False
22007|5.0|63.0|43.0|0.0|False|False|False|False
22008|7.0|53.0|30.428571428571427|0.0|False|False|False|False
22009|5.0|65.0|33.6|0.0|False|False|False|False
22010|11.0|36.0|19.727272727272727|0.0|False|False|False|False
22013|10.0|49.0|26.0|0.0|False|False|False|False
22014|8.0|52.0|31.125|0.0|False|False|False|False
22015|6.0|60.0|28.833333333333332|0.0|False|False|False|False
22016|8.0|85.0|31.75|0.0|True|False|False|False
22023|6.0|60.0|40.0|0.0|False|False|False|False
22024|16.0|46.0|22.1875|0.0|False|False|False|False
22025|16.0|43.0|22.0|0.0|False|False|False|False
22026|12.0|57.0|23.166666666666668|0.0|False|False|False|False
22027|21.0|56.0|24.80952380952381|1.0|False|True|False|False
22028|14.0|45.0|24.642857142857142|0.0|False|False|False|False
22029|16.0|34.0|21.125|0.0|False|False|False|False
22030|12.0|63.0|25.416666666666668|0.0|False|False|False|False
22031|11.0|60.0|27.272727272727273|0.0|False|False|False|False
22032|9.0|78.0|29.666666666666668|9.0|False|True|False|False
22033|12.0|40.0|26.666666666666668|12.0|False|True|False|False
22034|10.0|35.0|20.8|0.0|False|False|False|False
22035|8.0|44.0|24.875|0.0|False|False|False|False
22036|9.0|36.0|20.77777777777778|0.0|False|False|False|False
22038|9.0|29.0|19.555555555555557|0.0|False|False|False|False
22039|10.0|40.0|25.8|0.0|False|False|False|False
22040|8.0|35.0|28.625|0.0|False|False|False|False
22041|8.0|33.0|24.5|0.0|False|False|False|False
22042|9.0|45.0|25.77777777777778|0.0|False|False|False|False
22043|9.0|61.0|36.0|0.0|False|False|False|False
22044|8.0|67.0|30.5|0.0|False|False|False|False
22045|6.0|36.0|28.0|0.0|False|False|False|False
22046|7.0|32.0|28.0|0.0|False|False|False|False
22047|11.0|39.0|25.363636363636363|0.0|False|False|False|False
22048|6.0|49.0|27.166666666666668|0.0|False|False|False|False
22049|9.0|53.0|35.333333333333336|2.0|False|True|False|False
22050|13.0|48.0|24.76923076923077|0.0|False|False|False|False
22051|2.0|26.0|18.5|0.0|False|False|False|False
22052|9.0|40.0|26.77777777777778|0.0|False|False|False|False
22053|7.0|50.0|28.714285714285715|0.0|False|False|False|False
22054|6.0|46.0|31.666666666666668|0.0|False|False|False|False
22055|8.0|50.0|23.125|1.0|False|True|False|False
22056|8.0|70.0|41.875|0.0|False|False|False|False
22057|9.0|58.0|26.0|0.0|False|False|False|False
22058|6.0|48.0|36.0|0.0|False|False|False|False
22059|13.0|51.0|33.23076923076923|0.0|False|False|False|False
22060|9.0|52.0|33.111111111111114|0.0|False|False|False|False
22061|8.0|62.0|21.75|0.0|False|False|False|False
22062|6.0|69.0|33.333333333333336|0.0|False|False|False|False
22063|11.0|28.0|16.272727272727273|0.0|False|False|False|False
22064|9.0|43.0|28.333333333333332|0.0|False|False|False|False
22065|12.0|32.0|18.666666666666668|0.0|False|False|False|False
22066|8.0|45.0|28.875|0.0|False|False|False|False
22067|10.0|48.0|24.5|0.0|False|False|False|False
22068|10.0|31.0|19.8|0.0|False|False|False|False
22069|7.0|47.0|32.285714285714285|0.0|False|False|False|False
22352|9.0|48.0|26.88888888888889|0.0|False|False|False|False
22353|11.0|35.0|22.727272727272727|0.0|False|False|False|False
22354|5.0|36.0|25.6|0.0|False|False|False|False
22355|8.0|29.0|18.125|1.0|False|True|False|False
22356|7.0|27.0|19.285714285714285|0.0|False|False|False|False
22357|7.0|46.0|26.857142857142858|0.0|False|False|False|False
22358|5.0|65.0|30.8|0.0|False|False|False|False
22359|7.0|60.0|33.0|0.0|False|False|False|False
22360|7.0|37.0|26.857142857142858|1.0|False|True|False|False
22361|7.0|43.0|34.285714285714285|0.0|False|False|False|False
22431|12.0|66.0|29.5|0.0|False|False|False|False
22432|9.0|27.0|18.666666666666668|0.0|False|False|False|False
22433|17.0|34.0|20.764705882352942|0.0|False|False|False|False
22434|6.0|102.0|38.166666666666664|0.0|True|False|False|False
22435|8.0|50.0|29.25|0.0|False|False|False|False
22436|8.0|44.0|26.75|0.0|False|False|False|False
22438|7.0|48.0|24.142857142857142|0.0|False|False|False|False
22439|6.0|43.0|25.833333333333332|0.0|False|False|False|False
22473|14.0|32.0|18.714285714285715|0.0|False|False|False|False
22480|13.0|48.0|22.0|2.0|False|True|False|False
22545|19.0|84.0|20.57894736842105|19.0|True|True|False|False
22546|13.0|82.0|25.53846153846154|13.0|True|True|False|False
22547|12.0|38.0|25.5|12.0|False|True|False|False
22548|10.0|33.0|21.1|10.0|False|True|False|False
22549|10.0|62.0|31.5|10.0|False|True|False|False
22551|9.0|44.0|26.555555555555557|0.0|False|False|False|False
22552|7.0|54.0|37.285714285714285|0.0|False|False|False|False
22553|10.0|40.0|23.2|0.0|False|False|False|False
22554|5.0|72.0|43.0|0.0|False|False|False|False
22555|10.0|55.0|30.6|0.0|False|False|False|False
22557|10.0|72.0|24.2|2.0|False|True|False|False
22558|16.0|32.0|23.5625|0.0|False|False|False|False
22559|8.0|57.0|26.0|1.0|False|True|False|False
22560|8.0|38.0|24.75|0.0|False|False|False|False
22561|10.0|28.0|21.8|0.0|False|False|False|False
22562|10.0|35.0|27.2|0.0|False|False|False|False
22563|12.0|61.0|28.166666666666668|0.0|False|False|False|False
22564|6.0|37.0|26.5|0.0|False|False|False|False
22565|7.0|44.0|25.857142857142858|0.0|False|False|False|False
22566|8.0|41.0|28.75|0.0|False|False|False|False
22567|9.0|45.0|28.333333333333332|0.0|False|False|False|False
22568|12.0|38.0|24.0|0.0|False|False|False|False
22569|5.0|50.0|33.8|0.0|False|False|False|False
22571|10.0|41.0|25.5|1.0|False|True|False|False
22572|5.0|65.0|40.8|0.0|False|False|False|False
22574|11.0|48.0|22.181818181818183|1.0|False|True|False|False
22575|8.0|25.0|18.125|0.0|False|False|False|False
22576|11.0|36.0|23.727272727272727|1.0|False|True|False|False
22578|6.0|54.0|33.5|0.0|False|False|False|False
22579|7.0|75.0|37.714285714285715|0.0|False|False|False|False
22580|13.0|41.0|21.615384615384617|0.0|False|False|False|False
22581|11.0|37.0|22.09090909090909|0.0|False|False|False|False
22582|10.0|57.0|28.6|0.0|False|False|False|False
22583|9.0|38.0|23.11111111111111|0.0|False|False|False|False
22584|12.0|35.0|21.75|0.0|False|False|False|False
22585|7.0|59.0|26.714285714285715|0.0|False|False|False|False
22586|7.0|60.0|29.571428571428573|0.0|False|False|False|False
22587|10.0|67.0|33.9|2.0|False|True|False|False
22588|7.0|47.0|28.142857142857142|0.0|False|False|False|False
22589|8.0|51.0|27.625|0.0|False|False|False|False
22590|9.0|42.0|27.555555555555557|0.0|False|False|False|False
22591|10.0|33.0|21.5|0.0|False|False|False|False
22592|7.0|65.0|28.571428571428573|0.0|False|False|False|False
22593|5.0|30.0|21.6|0.0|False|False|False|False
22594|10.0|48.0|23.8|0.0|False|False|False|False
22595|9.0|50.0|31.77777777777778|0.0|False|False|False|False
22596|9.0|41.0|22.88888888888889|0.0|False|False|False|False
22597|10.0|48.0|27.9|0.0|False|False|False|False
22598|7.0|33.0|19.142857142857142|0.0|False|False|False|False
22600|8.0|44.0|22.25|1.0|False|True|False|False
22601|10.0|44.0|27.6|0.0|False|False|False|False
22602|16.0|29.0|18.8125|1.0|False|True|False|False
22603|12.0|41.0|26.25|1.0|False|True|False|False
22604|13.0|42.0|24.923076923076923|2.0|False|True|False|False
22606|14.0|45.0|22.0|0.0|False|False|False|False
22607|13.0|37.0|22.384615384615383|1.0|False|True|False|False
22608|8.0|37.0|26.25|0.0|False|False|False|False
22609|9.0|29.0|21.444444444444443|0.0|False|False|False|False
22610|11.0|60.0|27.181818181818183|0.0|False|False|False|False
22611|12.0|41.0|21.833333333333332|1.0|False|True|False|False
22613|9.0|40.0|26.333333333333332|0.0|False|False|False|False
22614|9.0|44.0|28.77777777777778|0.0|False|False|False|False
22616|12.0|25.0|19.25|1.0|False|True|False|False
22617|8.0|64.0|31.5|0.0|False|False|False|False
22618|9.0|45.0|26.666666666666668|0.0|False|False|False|False
22619|7.0|62.0|33.57142857142857|0.0|False|False|False|False
22620|7.0|90.0|37.57142857142857|0.0|True|False|False|False
22621|10.0|44.0|27.7|0.0|False|False|False|False
22622|10.0|52.0|31.3|0.0|False|False|False|False
22623|8.0|49.0|32.0|0.0|False|False|False|False
22624|8.0|46.0|28.125|0.0|False|False|False|False
22625|8.0|43.0|27.75|0.0|False|False|False|False
22626|7.0|51.0|29.857142857142858|0.0|False|False|False|False
22627|7.0|52.0|30.857142857142858|1.0|False|True|False|False
22628|11.0|31.0|21.818181818181817|0.0|False|False|False|False
22629|8.0|39.0|23.375|0.0|False|False|False|False
22630|9.0|46.0|29.333333333333332|0.0|False|False|False|False
22631|14.0|36.0|18.928571428571427|1.0|False|True|False|False
22632|2.0|84.0|60.5|0.0|True|False|False|False
22634|4.0|43.0|33.0|1.0|False|True|False|False
22636|10.0|39.0|26.0|0.0|False|False|False|False
22637|14.0|36.0|21.714285714285715|1.0|False|True|False|False
22639|13.0|62.0|21.53846153846154|1.0|False|True|False|False
22640|13.0|57.0|23.53846153846154|0.0|False|False|False|False
22646|16.0|35.0|20.25|0.0|False|False|False|False
22647|9.0|30.0|23.0|0.0|False|False|False|False
22648|9.0|42.0|26.333333333333332|0.0|False|False|False|False
22650|16.0|50.0|21.5|6.0|False|True|False|False
22651|16.0|50.0|24.625|0.0|False|False|False|False
22652|6.0|55.0|33.666666666666664|0.0|False|False|False|False
22653|8.0|52.0|25.0|0.0|False|False|False|False
22654|12.0|44.0|25.916666666666668|0.0|False|False|False|False
22655|7.0|43.0|29.142857142857142|0.0|False|False|False|False
22656|7.0|59.0|34.57142857142857|0.0|False|False|False|False
22657|12.0|36.0|22.333333333333332|0.0|False|False|False|False
22658|11.0|37.0|24.454545454545453|0.0|False|False|False|False
22659|11.0|48.0|22.818181818181817|0.0|False|False|False|False
22660|9.0|78.0|45.77777777777778|0.0|False|False|False|False
22661|6.0|52.0|39.5|0.0|False|False|False|False
22663|9.0|35.0|21.0|1.0|False|True|False|False
22664|10.0|51.0|29.7|2.0|False|True|False|False
22665|9.0|43.0|23.444444444444443|1.0|False|True|False|False
