DocID|n_sent|max_len|avg_len|no_verb_sent|flag_long_sentence|flag_no_verb|flag_single_sentence|flag_boundary_error|sentence_score|verb_score|boundary_score|seg_score|DQS|DQS_Label
15001|13.0|32.0|17.0|0.0|False|False|False|False|0.7333333333333334|1.0|1.0|1.0|0.92|EXCELLENT
15002|13.0|82.0|35.61538461538461|13.0|True|True|False|False|0.31666666666666665|0.0|1.0|1.0|0.495|POOR
15003|11.0|51.0|22.09090909090909|0.0|False|False|False|False|0.575|1.0|1.0|1.0|0.8724999999999999|EXCELLENT
15004|14.0|39.0|25.0|7.0|False|True|False|False|0.675|0.5|1.0|1.0|0.7525000000000001|GOOD
15005|8.0|34.0|21.25|0.0|False|False|False|False|0.7166666666666667|1.0|1.0|1.0|0.9149999999999999|EXCELLENT
15006|6.0|95.0|45.333333333333336|6.0|True|True|False|False|0.20833333333333337|0.0|1.0|1.0|0.4625|POOR
15007|9.0|68.0|38.44444444444444|9.0|False|True|False|False|0.43333333333333335|0.0|1.0|1.0|0.53|FAIR
15008|12.0|56.0|24.25|12.0|False|True|False|False|0.5333333333333333|0.0|1.0|1.0|0.5599999999999999|FAIR
15009|9.0|46.0|26.11111111111111|9.0|False|True|False|False|0.6166666666666667|0.0|1.0|1.0|0.585|FAIR
15010|9.0|85.0|32.22222222222222|9.0|True|True|False|False|0.29166666666666663|0.0|1.0|1.0|0.48749999999999993|POOR
15011|6.0|74.0|40.333333333333336|6.0|False|True|False|False|0.3833333333333333|0.0|1.0|1.0|0.515|FAIR
15012|8.0|140.0|37.875|8.0|True|True|False|False|0.0|0.0|1.0|1.0|0.4|POOR
15013|6.0|64.0|30.33333333333333|6.0|False|True|False|False|0.4666666666666667|0.0|1.0|1.0|0.5399999999999999|FAIR
15014|8.0|60.0|37.375|8.0|False|True|False|False|0.5|0.0|1.0|1.0|0.5499999999999999|FAIR
15016|11.0|66.0|23.90909090909091|11.0|False|True|False|False|0.44999999999999996|0.0|1.0|1.0|0.5349999999999999|FAIR
15017|4.0|163.0|79.0|4.0|True|True|False|False|0.0|0.0|1.0|1.0|0.4|POOR
15018|9.0|107.0|34.77777777777778|9.0|True|True|False|False|0.10833333333333328|0.0|1.0|1.0|0.4325|POOR
15019|8.0|36.0|21.0|8.0|False|True|False|False|0.7|0.0|1.0|1.0|0.61|FAIR
15020|4.0|145.0|64.75|4.0|True|True|False|False|0.0|0.0|1.0|1.0|0.4|POOR
15021|10.0|72.0|33.6|10.0|False|True|False|False|0.4|0.0|1.0|1.0|0.52|FAIR
15022|11.0|60.0|26.0|11.0|False|True|False|False|0.5|0.0|1.0|1.0|0.5499999999999999|FAIR
15023|5.0|58.0|41.2|5.0|False|True|False|False|0.5166666666666666|0.0|1.0|1.0|0.5549999999999999|FAIR
15025|10.0|43.0|22.2|10.0|False|True|False|False|0.6416666666666666|0.0|1.0|1.0|0.5924999999999999|FAIR
15026|11.0|51.0|19.181818181818183|11.0|False|True|False|False|0.575|0.0|1.0|1.0|0.5725|FAIR
15027|8.0|52.0|26.375|8.0|False|True|False|False|0.5666666666666667|0.0|1.0|1.0|0.57|FAIR
15028|10.0|55.0|26.9|10.0|False|True|False|False|0.5416666666666667|0.0|1.0|1.0|0.5625|FAIR
15029|6.0|51.0|34.5|6.0|False|True|False|False|0.575|0.0|1.0|1.0|0.5725|FAIR
15030|5.0|42.0|23.2|1.0|False|True|False|False|0.65|0.8|1.0|1.0|0.835|GOOD
15031|7.0|54.0|29.857142857142858|7.0|False|True|False|False|0.55|0.0|1.0|1.0|0.565|FAIR
15032|10.0|60.0|30.6|10.0|False|True|False|False|0.5|0.0|1.0|1.0|0.5499999999999999|FAIR
15033|12.0|30.0|17.5|12.0|False|True|False|False|0.75|0.0|1.0|1.0|0.6249999999999999|FAIR
15034|5.0|104.0|36.2|5.0|True|True|False|False|0.1333333333333333|0.0|1.0|1.0|0.43999999999999995|POOR
15035|7.0|66.0|39.0|7.0|False|True|False|False|0.44999999999999996|0.0|1.0|1.0|0.5349999999999999|FAIR
15036|15.0|43.0|21.133333333333333|15.0|False|True|False|False|0.6416666666666666|0.0|1.0|1.0|0.5924999999999999|FAIR
15037|10.0|65.0|24.8|10.0|False|True|False|False|0.45833333333333337|0.0|1.0|1.0|0.5375|FAIR
15038|13.0|48.0|23.615384615384617|13.0|False|True|False|False|0.6|0.0|1.0|1.0|0.58|FAIR
15039|6.0|66.0|36.16666666666666|6.0|False|True|False|False|0.44999999999999996|0.0|1.0|1.0|0.5349999999999999|FAIR
15040|12.0|41.0|19.75|12.0|False|True|False|False|0.6583333333333333|0.0|1.0|1.0|0.5974999999999999|FAIR
15041|5.0|70.0|40.0|5.0|False|True|False|False|0.41666666666666663|0.0|1.0|1.0|0.525|FAIR
15042|8.0|53.0|21.5|8.0|False|True|False|False|0.5583333333333333|0.0|1.0|1.0|0.5675|FAIR
15043|7.0|27.0|20.714285714285715|7.0|False|True|False|False|0.775|0.0|1.0|1.0|0.6325|FAIR
15044|13.0|109.0|29.76923076923077|13.0|True|True|False|False|0.09166666666666667|0.0|1.0|1.0|0.4275|POOR
15045|21.0|42.0|18.666666666666668|6.0|False|True|False|False|0.65|0.7142857142857143|1.0|1.0|0.8092857142857143|GOOD
15046|8.0|48.0|25.125|8.0|False|True|False|False|0.6|0.0|1.0|1.0|0.58|FAIR
15047|8.0|76.0|39.0|8.0|False|True|False|False|0.3666666666666667|0.0|1.0|1.0|0.51|FAIR
15048|9.0|25.0|18.88888888888889|9.0|False|True|False|False|0.7916666666666666|0.0|1.0|1.0|0.6375|FAIR
15049|20.0|60.0|28.7|20.0|False|True|False|False|0.5|0.0|1.0|1.0|0.5499999999999999|FAIR
15050|7.0|68.0|28.428571428571427|7.0|False|True|False|False|0.43333333333333335|0.0|1.0|1.0|0.53|FAIR
15051|9.0|48.0|22.55555555555556|9.0|False|True|False|False|0.6|0.0|1.0|1.0|0.58|FAIR
15052|6.0|81.0|35.833333333333336|6.0|True|True|False|False|0.32499999999999996|0.0|1.0|1.0|0.49749999999999994|POOR
15053|7.0|71.0|27.714285714285715|7.0|False|True|False|False|0.4083333333333333|0.0|1.0|1.0|0.5225|FAIR
15054|11.0|45.0|22.727272727272727|11.0|False|True|False|False|0.625|0.0|1.0|1.0|0.5875|FAIR
15055|12.0|40.0|23.25|12.0|False|True|False|False|0.6666666666666667|0.0|1.0|1.0|0.6|FAIR
15056|9.0|46.0|27.55555555555556|9.0|False|True|False|False|0.6166666666666667|0.0|1.0|1.0|0.585|FAIR
15058|7.0|55.0|26.285714285714285|7.0|False|True|False|False|0.5416666666666667|0.0|1.0|1.0|0.5625|FAIR
15060|10.0|62.0|32.9|0.0|False|False|False|False|0.4833333333333333|1.0|1.0|1.0|0.8449999999999999|GOOD
15062|6.0|135.0|53.833333333333336|6.0|True|True|False|False|0.0|0.0|1.0|1.0|0.4|POOR
15063|10.0|48.0|29.5|10.0|False|True|False|False|0.6|0.0|1.0|1.0|0.58|FAIR
15064|9.0|67.0|39.66666666666666|9.0|False|True|False|False|0.44166666666666665|0.0|1.0|1.0|0.5325|FAIR
15065|6.0|60.0|30.33333333333333|6.0|False|True|False|False|0.5|0.0|1.0|1.0|0.5499999999999999|FAIR
15066|9.0|157.0|41.11111111111112|9.0|True|True|False|False|0.0|0.0|1.0|1.0|0.4|POOR
15067|9.0|89.0|37.66666666666666|9.0|True|True|False|False|0.2583333333333333|0.0|1.0|1.0|0.4774999999999999|POOR
15068|7.0|77.0|42.285714285714285|7.0|False|True|False|False|0.3583333333333333|0.0|1.0|1.0|0.5075|FAIR
15069|9.0|76.0|28.55555555555556|9.0|False|True|False|False|0.3666666666666667|0.0|1.0|1.0|0.51|FAIR
15070|9.0|38.0|21.11111111111111|9.0|False|True|False|False|0.6833333333333333|0.0|1.0|1.0|0.605|FAIR
15073|6.0|58.0|31.166666666666668|6.0|False|True|False|False|0.5166666666666666|0.0|1.0|1.0|0.5549999999999999|FAIR
15074|8.0|57.0|31.5|8.0|False|True|False|False|0.525|0.0|1.0|1.0|0.5575|FAIR
15075|8.0|43.0|20.875|8.0|False|True|False|False|0.6416666666666666|0.0|1.0|1.0|0.5924999999999999|FAIR
15076|10.0|32.0|19.0|10.0|False|True|False|False|0.7333333333333334|0.0|1.0|1.0|0.62|FAIR
15077|7.0|36.0|24.285714285714285|7.0|False|True|False|False|0.7|0.0|1.0|1.0|0.61|FAIR
15078|11.0|50.0|23.727272727272727|11.0|False|True|False|False|0.5833333333333333|0.0|1.0|1.0|0.575|FAIR
15079|9.0|69.0|27.444444444444443|9.0|False|True|False|False|0.42500000000000004|0.0|1.0|1.0|0.5275|FAIR
15080|8.0|34.0|20.0|8.0|False|True|False|False|0.7166666666666667|0.0|1.0|1.0|0.615|FAIR
15081|9.0|28.0|19.444444444444443|9.0|False|True|False|False|0.7666666666666666|0.0|1.0|1.0|0.63|FAIR
15083|9.0|85.0|34.111111111111114|9.0|True|True|False|False|0.29166666666666663|0.0|1.0|1.0|0.48749999999999993|POOR
15084|9.0|65.0|31.77777777777778|9.0|False|True|False|False|0.45833333333333337|0.0|1.0|1.0|0.5375|FAIR
15085|7.0|43.0|27.142857142857142|7.0|False|True|False|False|0.6416666666666666|0.0|1.0|1.0|0.5924999999999999|FAIR
15086|11.0|66.0|45.63636363636363|11.0|False|True|False|False|0.44999999999999996|0.0|1.0|1.0|0.5349999999999999|FAIR
15087|7.0|120.0|42.142857142857146|7.0|True|True|False|False|0.0|0.0|1.0|1.0|0.4|POOR
15088|9.0|88.0|34.22222222222222|9.0|True|True|False|False|0.2666666666666667|0.0|1.0|1.0|0.48|POOR
15089|9.0|59.0|23.11111111111111|9.0|False|True|False|False|0.5083333333333333|0.0|1.0|1.0|0.5525|FAIR
15090|18.0|57.0|27.61111111111111|1.0|False|True|False|False|0.525|0.9444444444444444|1.0|1.0|0.8408333333333332|GOOD
15091|7.0|60.0|31.428571428571427|7.0|False|True|False|False|0.5|0.0|1.0|1.0|0.5499999999999999|FAIR
15092|10.0|30.0|22.1|10.0|False|True|False|False|0.75|0.0|1.0|1.0|0.6249999999999999|FAIR
15093|8.0|48.0|26.25|8.0|False|True|False|False|0.6|0.0|1.0|1.0|0.58|FAIR
15094|12.0|35.0|17.916666666666668|12.0|False|True|False|False|0.7083333333333333|0.0|1.0|1.0|0.6124999999999999|FAIR
15095|10.0|63.0|22.6|10.0|False|True|False|False|0.475|0.0|1.0|1.0|0.5425|FAIR
15096|12.0|48.0|22.416666666666668|12.0|False|True|False|False|0.6|0.0|1.0|1.0|0.58|FAIR
15097|10.0|52.0|27.7|10.0|False|True|False|False|0.5666666666666667|0.0|1.0|1.0|0.57|FAIR
15098|4.0|92.0|67.75|4.0|True|True|False|False|0.23333333333333328|0.0|1.0|1.0|0.47|POOR
15099|8.0|61.0|21.5|8.0|False|True|False|False|0.4916666666666667|0.0|1.0|1.0|0.5475|FAIR
15100|9.0|123.0|31.33333333333333|9.0|True|True|False|False|0.0|0.0|1.0|1.0|0.4|POOR
15101|7.0|62.0|26.0|7.0|False|True|False|False|0.4833333333333333|0.0|1.0|1.0|0.5449999999999999|FAIR
15102|3.0|92.0|62.66666666666666|3.0|True|True|False|False|0.23333333333333328|0.0|1.0|1.0|0.47|POOR
15103|7.0|66.0|43.142857142857146|7.0|False|True|False|False|0.44999999999999996|0.0|1.0|1.0|0.5349999999999999|FAIR
15104|8.0|47.0|33.75|8.0|False|True|False|False|0.6083333333333334|0.0|1.0|1.0|0.5825|FAIR
15105|10.0|81.0|35.8|10.0|True|True|False|False|0.32499999999999996|0.0|1.0|1.0|0.49749999999999994|POOR
15106|8.0|50.0|25.0|8.0|False|True|False|False|0.5833333333333333|0.0|1.0|1.0|0.575|FAIR
15107|7.0|49.0|31.285714285714285|7.0|False|True|False|False|0.5916666666666667|0.0|1.0|1.0|0.5775|FAIR
15108|6.0|72.0|51.0|6.0|False|True|False|False|0.4|0.0|1.0|1.0|0.52|FAIR
15109|9.0|111.0|37.77777777777778|9.0|True|True|False|False|0.07499999999999996|0.0|1.0|1.0|0.4225|POOR
15110|8.0|48.0|29.375|8.0|False|True|False|False|0.6|0.0|1.0|1.0|0.58|FAIR
15111|8.0|158.0|42.375|8.0|True|True|False|False|0.0|0.0|1.0|1.0|0.4|POOR
15112|11.0|94.0|32.27272727272727|11.0|True|True|False|False|0.21666666666666667|0.0|1.0|1.0|0.46499999999999997|POOR
15113|5.0|60.0|41.4|5.0|False|True|False|False|0.5|0.0|1.0|1.0|0.5499999999999999|FAIR
15114|9.0|65.0|37.11111111111112|8.0|False|True|False|False|0.45833333333333337|0.11111111111111116|1.0|1.0|0.5708333333333333|FAIR
15115|8.0|38.0|22.0|8.0|False|True|False|False|0.6833333333333333|0.0|1.0|1.0|0.605|FAIR
15116|6.0|104.0|44.0|6.0|True|True|False|False|0.1333333333333333|0.0|1.0|1.0|0.43999999999999995|POOR
15117|9.0|65.0|28.444444444444443|9.0|False|True|False|False|0.45833333333333337|0.0|1.0|1.0|0.5375|FAIR
15118|7.0|64.0|44.142857142857146|7.0|False|True|False|False|0.4666666666666667|0.0|1.0|1.0|0.5399999999999999|FAIR
15119|8.0|72.0|44.125|8.0|False|True|False|False|0.4|0.0|1.0|1.0|0.52|FAIR
15120|9.0|49.0|30.77777777777778|9.0|False|True|False|False|0.5916666666666667|0.0|1.0|1.0|0.5775|FAIR
15121|9.0|75.0|38.11111111111112|9.0|False|True|False|False|0.375|0.0|1.0|1.0|0.5125|FAIR
15122|11.0|80.0|26.454545454545453|11.0|False|True|False|False|0.33333333333333337|0.0|1.0|1.0|0.5|FAIR
15123|9.0|37.0|26.55555555555556|9.0|False|True|False|False|0.6916666666666667|0.0|1.0|1.0|0.6074999999999999|FAIR
15124|9.0|121.0|31.444444444444443|9.0|True|True|False|False|0.0|0.0|1.0|1.0|0.4|POOR
15126|35.0|42.0|20.742857142857144|9.0|False|True|False|False|0.65|0.7428571428571429|1.0|1.0|0.8178571428571428|GOOD
15127|54.0|37.0|16.555555555555557|7.0|False|True|False|False|0.6916666666666667|0.8703703703703703|1.0|1.0|0.8686111111111111|EXCELLENT
15128|13.0|53.0|21.07692307692308|13.0|False|True|False|False|0.5583333333333333|0.0|1.0|1.0|0.5675|FAIR
15129|11.0|54.0|24.545454545454547|11.0|False|True|False|False|0.55|0.0|1.0|1.0|0.565|FAIR
15130|11.0|43.0|23.09090909090909|11.0|False|True|False|False|0.6416666666666666|0.0|1.0|1.0|0.5924999999999999|FAIR
15131|10.0|62.0|35.8|10.0|False|True|False|False|0.4833333333333333|0.0|1.0|1.0|0.5449999999999999|FAIR
15132|9.0|41.0|20.0|9.0|False|True|False|False|0.6583333333333333|0.0|1.0|1.0|0.5974999999999999|FAIR
15133|8.0|82.0|37.375|8.0|True|True|False|False|0.31666666666666665|0.0|1.0|1.0|0.495|POOR
15135|9.0|44.0|22.77777777777778|9.0|False|True|False|False|0.6333333333333333|0.0|1.0|1.0|0.59|FAIR
15136|9.0|45.0|23.77777777777778|9.0|False|True|False|False|0.625|0.0|1.0|1.0|0.5875|FAIR
15137|10.0|52.0|23.0|10.0|False|True|False|False|0.5666666666666667|0.0|1.0|1.0|0.57|FAIR
15138|10.0|42.0|22.2|10.0|False|True|False|False|0.65|0.0|1.0|1.0|0.595|FAIR
15139|8.0|61.0|28.5|8.0|False|True|False|False|0.4916666666666667|0.0|1.0|1.0|0.5475|FAIR
15140|7.0|48.0|26.285714285714285|7.0|False|True|False|False|0.6|0.0|1.0|1.0|0.58|FAIR
15142|7.0|71.0|36.71428571428572|7.0|False|True|False|False|0.4083333333333333|0.0|1.0|1.0|0.5225|FAIR
15143|10.0|45.0|22.7|10.0|False|True|False|False|0.625|0.0|1.0|1.0|0.5875|FAIR
15144|10.0|52.0|30.3|9.0|False|True|False|False|0.5666666666666667|0.09999999999999998|1.0|1.0|0.6|FAIR
15145|8.0|61.0|31.375|8.0|False|True|False|False|0.4916666666666667|0.0|1.0|1.0|0.5475|FAIR
15146|7.0|107.0|35.285714285714285|7.0|True|True|False|False|0.10833333333333328|0.0|1.0|1.0|0.4325|POOR
15147|9.0|64.0|24.22222222222222|9.0|False|True|False|False|0.4666666666666667|0.0|1.0|1.0|0.5399999999999999|FAIR
15148|7.0|41.0|19.857142857142858|7.0|False|True|False|False|0.6583333333333333|0.0|1.0|1.0|0.5974999999999999|FAIR
15151|8.0|62.0|33.875|8.0|False|True|False|False|0.4833333333333333|0.0|1.0|1.0|0.5449999999999999|FAIR
15152|9.0|47.0|23.77777777777778|9.0|False|True|False|False|0.6083333333333334|0.0|1.0|1.0|0.5825|FAIR
15153|9.0|50.0|24.88888888888889|9.0|False|True|False|False|0.5833333333333333|0.0|1.0|1.0|0.575|FAIR
15154|8.0|67.0|27.25|8.0|False|True|False|False|0.44166666666666665|0.0|1.0|1.0|0.5325|FAIR
15155|9.0|66.0|33.666666666666664|9.0|False|True|False|False|0.44999999999999996|0.0|1.0|1.0|0.5349999999999999|FAIR
15156|7.0|80.0|32.42857142857143|7.0|False|True|False|False|0.33333333333333337|0.0|1.0|1.0|0.5|FAIR
15157|11.0|34.0|19.09090909090909|11.0|False|True|False|False|0.7166666666666667|0.0|1.0|1.0|0.615|FAIR
15158|11.0|63.0|20.727272727272727|11.0|False|True|False|False|0.475|0.0|1.0|1.0|0.5425|FAIR
15159|11.0|62.0|27.181818181818183|11.0|False|True|False|False|0.4833333333333333|0.0|1.0|1.0|0.5449999999999999|FAIR
15160|9.0|60.0|25.77777777777778|9.0|False|True|False|False|0.5|0.0|1.0|1.0|0.5499999999999999|FAIR
15161|8.0|53.0|25.125|8.0|False|True|False|False|0.5583333333333333|0.0|1.0|1.0|0.5675|FAIR
15162|6.0|141.0|43.833333333333336|6.0|True|True|False|False|0.0|0.0|1.0|1.0|0.4|POOR
15163|13.0|33.0|21.07692307692308|13.0|False|True|False|False|0.725|0.0|1.0|1.0|0.6174999999999999|FAIR
15164|6.0|46.0|35.166666666666664|6.0|False|True|False|False|0.6166666666666667|0.0|1.0|1.0|0.585|FAIR
15165|6.0|51.0|30.5|6.0|False|True|False|False|0.575|0.0|1.0|1.0|0.5725|FAIR
15167|9.0|184.0|44.44444444444444|9.0|True|True|False|False|0.0|0.0|1.0|1.0|0.4|POOR
15168|12.0|88.0|26.166666666666668|12.0|True|True|False|False|0.2666666666666667|0.0|1.0|1.0|0.48|POOR
15170|5.0|52.0|35.8|5.0|False|True|False|False|0.5666666666666667|0.0|1.0|1.0|0.57|FAIR
15171|7.0|117.0|42.142857142857146|7.0|True|True|False|False|0.025000000000000022|0.0|1.0|1.0|0.4075|POOR
15172|15.0|57.0|23.933333333333334|15.0|False|True|False|False|0.525|0.0|1.0|1.0|0.5575|FAIR
15173|7.0|55.0|26.571428571428573|7.0|False|True|False|False|0.5416666666666667|0.0|1.0|1.0|0.5625|FAIR
15174|9.0|51.0|26.88888888888889|9.0|False|True|False|False|0.575|0.0|1.0|1.0|0.5725|FAIR
15175|7.0|39.0|27.142857142857142|6.0|False|True|False|False|0.675|0.1428571428571429|1.0|1.0|0.6453571428571429|FAIR
15176|3.0|56.0|39.0|3.0|False|True|False|False|0.5333333333333333|0.0|1.0|1.0|0.5599999999999999|FAIR
15177|11.0|90.0|36.18181818181818|11.0|True|True|False|False|0.25|0.0|1.0|1.0|0.475|POOR
15178|9.0|44.0|23.444444444444443|9.0|False|True|False|False|0.6333333333333333|0.0|1.0|1.0|0.59|FAIR
15179|8.0|38.0|27.375|8.0|False|True|False|False|0.6833333333333333|0.0|1.0|1.0|0.605|FAIR
15180|5.0|67.0|41.6|5.0|False|True|False|False|0.44166666666666665|0.0|1.0|1.0|0.5325|FAIR
15181|8.0|54.0|34.375|8.0|False|True|False|False|0.55|0.0|1.0|1.0|0.565|FAIR
15182|5.0|83.0|44.6|5.0|True|True|False|False|0.30833333333333335|0.0|1.0|1.0|0.49249999999999994|POOR
15184|9.0|107.0|32.22222222222222|9.0|True|True|False|False|0.10833333333333328|0.0|1.0|1.0|0.4325|POOR
15185|6.0|99.0|46.16666666666666|6.0|True|True|False|False|0.17500000000000004|0.0|1.0|1.0|0.4525|POOR
15186|12.0|66.0|31.166666666666668|12.0|False|True|False|False|0.44999999999999996|0.0|1.0|1.0|0.5349999999999999|FAIR
15187|7.0|175.0|44.71428571428572|7.0|True|True|False|False|0.0|0.0|1.0|1.0|0.4|POOR
15188|10.0|46.0|25.7|10.0|False|True|False|False|0.6166666666666667|0.0|1.0|1.0|0.585|FAIR
15189|12.0|56.0|34.666666666666664|12.0|False|True|False|False|0.5333333333333333|0.0|1.0|1.0|0.5599999999999999|FAIR
15190|8.0|55.0|26.25|8.0|False|True|False|False|0.5416666666666667|0.0|1.0|1.0|0.5625|FAIR
15191|8.0|71.0|32.75|8.0|False|True|False|False|0.4083333333333333|0.0|1.0|1.0|0.5225|FAIR
15192|12.0|45.0|23.916666666666668|11.0|False|True|False|False|0.625|0.08333333333333337|1.0|1.0|0.6124999999999999|FAIR
15193|7.0|94.0|42.0|7.0|True|True|False|False|0.21666666666666667|0.0|1.0|1.0|0.46499999999999997|POOR
15194|5.0|56.0|34.2|5.0|False|True|False|False|0.5333333333333333|0.0|1.0|1.0|0.5599999999999999|FAIR
15195|4.0|67.0|49.0|4.0|False|True|False|False|0.44166666666666665|0.0|1.0|1.0|0.5325|FAIR
15196|5.0|98.0|45.2|5.0|True|True|False|False|0.18333333333333335|0.0|1.0|1.0|0.45499999999999996|POOR
15197|7.0|58.0|30.285714285714285|7.0|False|True|False|False|0.5166666666666666|0.0|1.0|1.0|0.5549999999999999|FAIR
15198|10.0|66.0|34.9|9.0|False|True|False|False|0.44999999999999996|0.09999999999999998|1.0|1.0|0.565|FAIR
15201|8.0|177.0|39.75|8.0|True|True|False|False|0.0|0.0|1.0|1.0|0.4|POOR
15202|6.0|32.0|21.5|6.0|False|True|False|False|0.7333333333333334|0.0|1.0|1.0|0.62|FAIR
15203|8.0|116.0|37.625|8.0|True|True|False|False|0.033333333333333326|0.0|1.0|1.0|0.41000000000000003|POOR
15204|11.0|70.0|30.09090909090909|11.0|False|True|False|False|0.41666666666666663|0.0|1.0|1.0|0.525|FAIR
15205|6.0|51.0|26.0|6.0|False|True|False|False|0.575|0.0|1.0|1.0|0.5725|FAIR
15206|7.0|67.0|39.42857142857143|7.0|False|True|False|False|0.44166666666666665|0.0|1.0|1.0|0.5325|FAIR
15207|4.0|84.0|50.75|4.0|True|True|False|False|0.30000000000000004|0.0|1.0|1.0|0.49|POOR
15208|8.0|64.0|34.25|8.0|False|True|False|False|0.4666666666666667|0.0|1.0|1.0|0.5399999999999999|FAIR
15209|4.0|54.0|26.5|4.0|False|True|False|False|0.55|0.0|1.0|1.0|0.565|FAIR
15210|3.0|94.0|66.33333333333333|3.0|True|True|False|False|0.21666666666666667|0.0|1.0|1.0|0.46499999999999997|POOR
15211|8.0|37.0|23.875|8.0|False|True|False|False|0.6916666666666667|0.0|1.0|1.0|0.6074999999999999|FAIR
15212|5.0|84.0|59.6|5.0|True|True|False|False|0.30000000000000004|0.0|1.0|1.0|0.49|POOR
15213|7.0|67.0|28.428571428571427|7.0|False|True|False|False|0.44166666666666665|0.0|1.0|1.0|0.5325|FAIR
15214|7.0|81.0|39.71428571428572|7.0|True|True|False|False|0.32499999999999996|0.0|1.0|1.0|0.49749999999999994|POOR
15215|6.0|67.0|39.5|6.0|False|True|False|False|0.44166666666666665|0.0|1.0|1.0|0.5325|FAIR
15217|14.0|56.0|27.642857142857142|14.0|False|True|False|False|0.5333333333333333|0.0|1.0|1.0|0.5599999999999999|FAIR
15218|10.0|47.0|23.1|10.0|False|True|False|False|0.6083333333333334|0.0|1.0|1.0|0.5825|FAIR
15220|10.0|51.0|28.5|10.0|False|True|False|False|0.575|0.0|1.0|1.0|0.5725|FAIR
15221|7.0|105.0|47.71428571428572|7.0|True|True|False|False|0.125|0.0|1.0|1.0|0.4375|POOR
15222|3.0|152.0|81.33333333333333|3.0|True|True|False|False|0.0|0.0|1.0|1.0|0.4|POOR
15223|11.0|43.0|25.272727272727277|11.0|False|True|False|False|0.6416666666666666|0.0|1.0|1.0|0.5924999999999999|FAIR
15224|8.0|48.0|21.75|8.0|False|True|False|False|0.6|0.0|1.0|1.0|0.58|FAIR
15225|7.0|54.0|32.57142857142857|7.0|False|True|False|False|0.55|0.0|1.0|1.0|0.565|FAIR
15226|8.0|91.0|40.75|8.0|True|True|False|False|0.2416666666666667|0.0|1.0|1.0|0.47250000000000003|POOR
15227|9.0|46.0|22.88888888888889|9.0|False|True|False|False|0.6166666666666667|0.0|1.0|1.0|0.585|FAIR
15228|8.0|92.0|34.625|8.0|True|True|False|False|0.23333333333333328|0.0|1.0|1.0|0.47|POOR
15230|10.0|52.0|26.1|10.0|False|True|False|False|0.5666666666666667|0.0|1.0|1.0|0.57|FAIR
15231|9.0|61.0|32.22222222222222|9.0|False|True|False|False|0.4916666666666667|0.0|1.0|1.0|0.5475|FAIR
15232|7.0|38.0|25.571428571428573|7.0|False|True|False|False|0.6833333333333333|0.0|1.0|1.0|0.605|FAIR
15233|11.0|49.0|25.09090909090909|11.0|False|True|False|False|0.5916666666666667|0.0|1.0|1.0|0.5775|FAIR
15234|13.0|37.0|22.153846153846157|13.0|False|True|False|False|0.6916666666666667|0.0|1.0|1.0|0.6074999999999999|FAIR
15235|9.0|62.0|35.111111111111114|9.0|False|True|False|False|0.4833333333333333|0.0|1.0|1.0|0.5449999999999999|FAIR
15236|9.0|66.0|42.22222222222222|9.0|False|True|False|False|0.44999999999999996|0.0|1.0|1.0|0.5349999999999999|FAIR
15237|7.0|115.0|37.85714285714285|7.0|True|True|False|False|0.04166666666666663|0.0|1.0|1.0|0.4125|POOR
15238|8.0|102.0|39.625|8.0|True|True|False|False|0.15000000000000002|0.0|1.0|1.0|0.44499999999999995|POOR
15239|9.0|127.0|35.666666666666664|9.0|True|True|False|False|0.0|0.0|1.0|1.0|0.4|POOR
15240|11.0|90.0|27.63636363636364|11.0|True|True|False|False|0.25|0.0|1.0|1.0|0.475|POOR
15241|5.0|40.0|26.6|5.0|False|True|False|False|0.6666666666666667|0.0|1.0|1.0|0.6|FAIR
15242|9.0|97.0|38.22222222222222|9.0|True|True|False|False|0.19166666666666665|0.0|1.0|1.0|0.4575|POOR
15243|10.0|61.0|31.0|10.0|False|True|False|False|0.4916666666666667|0.0|1.0|1.0|0.5475|FAIR
15244|4.0|182.0|80.5|4.0|True|True|False|False|0.0|0.0|1.0|1.0|0.4|POOR
15245|4.0|105.0|50.5|4.0|True|True|False|False|0.125|0.0|1.0|1.0|0.4375|POOR
15246|14.0|92.0|24.428571428571427|14.0|True|True|False|False|0.23333333333333328|0.0|1.0|1.0|0.47|POOR
15247|14.0|59.0|30.857142857142858|14.0|False|True|False|False|0.5083333333333333|0.0|1.0|1.0|0.5525|FAIR
15248|8.0|60.0|31.625|8.0|False|True|False|False|0.5|0.0|1.0|1.0|0.5499999999999999|FAIR
15249|8.0|48.0|26.75|8.0|False|True|False|False|0.6|0.0|1.0|1.0|0.58|FAIR
15250|7.0|78.0|39.85714285714285|7.0|False|True|False|False|0.35|0.0|1.0|1.0|0.505|FAIR
15251|5.0|217.0|83.6|5.0|True|True|False|False|0.0|0.0|1.0|1.0|0.4|POOR
15252|9.0|64.0|35.111111111111114|9.0|False|True|False|False|0.4666666666666667|0.0|1.0|1.0|0.5399999999999999|FAIR
15253|6.0|57.0|33.5|6.0|False|True|False|False|0.525|0.0|1.0|1.0|0.5575|FAIR
15254|8.0|48.0|26.375|8.0|False|True|False|False|0.6|0.0|1.0|1.0|0.58|FAIR
15255|10.0|31.0|18.4|10.0|False|True|False|False|0.7416666666666667|0.0|1.0|1.0|0.6224999999999999|FAIR
15256|11.0|48.0|25.363636363636363|11.0|False|True|False|False|0.6|0.0|1.0|1.0|0.58|FAIR
15257|7.0|71.0|37.57142857142857|7.0|False|True|False|False|0.4083333333333333|0.0|1.0|1.0|0.5225|FAIR
15258|10.0|52.0|26.3|10.0|False|True|False|False|0.5666666666666667|0.0|1.0|1.0|0.57|FAIR
15259|7.0|43.0|21.571428571428573|7.0|False|True|False|False|0.6416666666666666|0.0|1.0|1.0|0.5924999999999999|FAIR
15260|9.0|40.0|32.0|9.0|False|True|False|False|0.6666666666666667|0.0|1.0|1.0|0.6|FAIR
15262|11.0|31.0|19.63636363636364|11.0|False|True|False|False|0.7416666666666667|0.0|1.0|1.0|0.6224999999999999|FAIR
15263|11.0|75.0|45.72727272727273|11.0|False|True|False|False|0.375|0.0|1.0|1.0|0.5125|FAIR
15264|14.0|49.0|29.785714285714285|14.0|False|True|False|False|0.5916666666666667|0.0|1.0|1.0|0.5775|FAIR
15265|7.0|65.0|24.857142857142858|7.0|False|True|False|False|0.45833333333333337|0.0|1.0|1.0|0.5375|FAIR
15266|7.0|61.0|28.857142857142858|7.0|False|True|False|False|0.4916666666666667|0.0|1.0|1.0|0.5475|FAIR
15267|7.0|59.0|31.571428571428573|7.0|False|True|False|False|0.5083333333333333|0.0|1.0|1.0|0.5525|FAIR
15268|11.0|67.0|31.727272727272727|11.0|False|True|False|False|0.44166666666666665|0.0|1.0|1.0|0.5325|FAIR
15269|10.0|62.0|31.4|10.0|False|True|False|False|0.4833333333333333|0.0|1.0|1.0|0.5449999999999999|FAIR
15270|9.0|143.0|35.666666666666664|9.0|True|True|False|False|0.0|0.0|1.0|1.0|0.4|POOR
15271|14.0|71.0|37.21428571428572|14.0|False|True|False|False|0.4083333333333333|0.0|1.0|1.0|0.5225|FAIR
15272|8.0|67.0|29.375|8.0|False|True|False|False|0.44166666666666665|0.0|1.0|1.0|0.5325|FAIR
15273|13.0|93.0|28.46153846153846|13.0|True|True|False|False|0.22499999999999998|0.0|1.0|1.0|0.4675|POOR
15274|10.0|58.0|26.4|10.0|False|True|False|False|0.5166666666666666|0.0|1.0|1.0|0.5549999999999999|FAIR
15275|12.0|56.0|22.33333333333333|12.0|False|True|False|False|0.5333333333333333|0.0|1.0|1.0|0.5599999999999999|FAIR
15276|14.0|53.0|24.285714285714285|14.0|False|True|False|False|0.5583333333333333|0.0|1.0|1.0|0.5675|FAIR
15277|15.0|60.0|25.666666666666668|15.0|False|True|False|False|0.5|0.0|1.0|1.0|0.5499999999999999|FAIR
15278|9.0|101.0|41.44444444444444|9.0|True|True|False|False|0.15833333333333333|0.0|1.0|1.0|0.4475|POOR
15279|11.0|96.0|40.72727272727273|11.0|True|True|False|False|0.19999999999999996|0.0|1.0|1.0|0.45999999999999996|POOR
15280|6.0|83.0|44.5|6.0|True|True|False|False|0.30833333333333335|0.0|1.0|1.0|0.49249999999999994|POOR
15281|11.0|107.0|41.72727272727273|11.0|True|True|False|False|0.10833333333333328|0.0|1.0|1.0|0.4325|POOR
15282|8.0|61.0|36.25|8.0|False|True|False|False|0.4916666666666667|0.0|1.0|1.0|0.5475|FAIR
15283|10.0|103.0|41.8|10.0|True|True|False|False|0.14166666666666672|0.0|1.0|1.0|0.4425|POOR
15284|7.0|98.0|43.285714285714285|7.0|True|True|False|False|0.18333333333333335|0.0|1.0|1.0|0.45499999999999996|POOR
15286|8.0|79.0|40.0|8.0|False|True|False|False|0.3416666666666667|0.0|1.0|1.0|0.5025|FAIR
15287|7.0|63.0|37.42857142857143|7.0|False|True|False|False|0.475|0.0|1.0|1.0|0.5425|FAIR
15288|9.0|99.0|36.888888888888886|9.0|True|True|False|False|0.17500000000000004|0.0|1.0|1.0|0.4525|POOR
15289|12.0|98.0|27.916666666666668|12.0|True|True|False|False|0.18333333333333335|0.0|1.0|1.0|0.45499999999999996|POOR
15290|4.0|62.0|49.5|4.0|False|True|False|False|0.4833333333333333|0.0|1.0|1.0|0.5449999999999999|FAIR
15291|6.0|78.0|54.16666666666666|6.0|False|True|False|False|0.35|0.0|1.0|1.0|0.505|FAIR
15292|8.0|39.0|25.625|8.0|False|True|False|False|0.675|0.0|1.0|1.0|0.6024999999999999|FAIR
15293|7.0|84.0|40.57142857142857|7.0|True|True|False|False|0.30000000000000004|0.0|1.0|1.0|0.49|POOR
15294|12.0|54.0|32.083333333333336|12.0|False|True|False|False|0.55|0.0|1.0|1.0|0.565|FAIR
15295|5.0|95.0|37.6|5.0|True|True|False|False|0.20833333333333337|0.0|1.0|1.0|0.4625|POOR
15296|11.0|67.0|27.363636363636363|11.0|False|True|False|False|0.44166666666666665|0.0|1.0|1.0|0.5325|FAIR
15297|6.0|76.0|32.666666666666664|6.0|False|True|False|False|0.3666666666666667|0.0|1.0|1.0|0.51|FAIR
15299|8.0|34.0|21.125|8.0|False|True|False|False|0.7166666666666667|0.0|1.0|1.0|0.615|FAIR
15300|6.0|59.0|32.333333333333336|6.0|False|True|False|False|0.5083333333333333|0.0|1.0|1.0|0.5525|FAIR
15301|8.0|106.0|38.5|8.0|True|True|False|False|0.1166666666666667|0.0|1.0|1.0|0.43500000000000005|POOR
15302|6.0|102.0|32.333333333333336|5.0|True|True|False|False|0.15000000000000002|0.16666666666666663|1.0|1.0|0.495|POOR
15303|7.0|57.0|28.285714285714285|7.0|False|True|False|False|0.525|0.0|1.0|1.0|0.5575|FAIR
15304|9.0|137.0|37.333333333333336|9.0|True|True|False|False|0.0|0.0|1.0|1.0|0.4|POOR
15305|9.0|133.0|37.11111111111112|9.0|True|True|False|False|0.0|0.0|1.0|1.0|0.4|POOR
15306|8.0|93.0|51.625|8.0|True|True|False|False|0.22499999999999998|0.0|1.0|1.0|0.4675|POOR
15307|9.0|79.0|44.44444444444444|9.0|False|True|False|False|0.3416666666666667|0.0|1.0|1.0|0.5025|FAIR
15308|10.0|100.0|42.8|10.0|True|True|False|False|0.16666666666666663|0.0|1.0|1.0|0.44999999999999996|POOR
15309|15.0|68.0|26.8|15.0|False|True|False|False|0.43333333333333335|0.0|1.0|1.0|0.53|FAIR
15310|8.0|118.0|36.5|8.0|True|True|False|False|0.01666666666666672|0.0|1.0|1.0|0.405|POOR
15311|6.0|102.0|47.833333333333336|1.0|True|True|False|False|0.15000000000000002|0.8333333333333334|1.0|1.0|0.695|FAIR
15312|8.0|47.0|33.625|8.0|False|True|False|False|0.6083333333333334|0.0|1.0|1.0|0.5825|FAIR
15313|10.0|72.0|29.8|10.0|False|True|False|False|0.4|0.0|1.0|1.0|0.52|FAIR
15314|7.0|72.0|35.42857142857143|7.0|False|True|False|False|0.4|0.0|1.0|1.0|0.52|FAIR
15315|7.0|29.0|20.714285714285715|7.0|False|True|False|False|0.7583333333333333|0.0|1.0|1.0|0.6275|FAIR
15316|8.0|85.0|44.25|8.0|True|True|False|False|0.29166666666666663|0.0|1.0|1.0|0.48749999999999993|POOR
15317|8.0|127.0|45.875|8.0|True|True|False|False|0.0|0.0|1.0|1.0|0.4|POOR
15318|10.0|125.0|34.4|10.0|True|True|False|False|0.0|0.0|1.0|1.0|0.4|POOR
15319|10.0|51.0|31.0|10.0|False|True|False|False|0.575|0.0|1.0|1.0|0.5725|FAIR
15320|9.0|50.0|24.77777777777778|9.0|False|True|False|False|0.5833333333333333|0.0|1.0|1.0|0.575|FAIR
15321|9.0|53.0|26.0|8.0|False|True|False|False|0.5583333333333333|0.11111111111111116|1.0|1.0|0.6008333333333333|FAIR
15322|10.0|50.0|26.4|10.0|False|True|False|False|0.5833333333333333|0.0|1.0|1.0|0.575|FAIR
15324|10.0|61.0|31.4|10.0|False|True|False|False|0.4916666666666667|0.0|1.0|1.0|0.5475|FAIR
15325|19.0|58.0|20.42105263157895|19.0|False|True|False|False|0.5166666666666666|0.0|1.0|1.0|0.5549999999999999|FAIR
15327|7.0|77.0|37.142857142857146|7.0|False|True|False|False|0.3583333333333333|0.0|1.0|1.0|0.5075|FAIR
15328|9.0|126.0|40.66666666666666|9.0|True|True|False|False|0.0|0.0|1.0|1.0|0.4|POOR
15329|9.0|75.0|23.444444444444443|9.0|False|True|False|False|0.375|0.0|1.0|1.0|0.5125|FAIR
15330|8.0|56.0|28.375|8.0|False|True|False|False|0.5333333333333333|0.0|1.0|1.0|0.5599999999999999|FAIR
15331|9.0|62.0|31.88888888888889|9.0|False|True|False|False|0.4833333333333333|0.0|1.0|1.0|0.5449999999999999|FAIR
15332|7.0|81.0|42.285714285714285|7.0|True|True|False|False|0.32499999999999996|0.0|1.0|1.0|0.49749999999999994|POOR
15333|3.0|125.0|78.0|3.0|True|True|False|False|0.0|0.0|1.0|1.0|0.4|POOR
15334|6.0|169.0|50.5|6.0|True|True|False|False|0.0|0.0|1.0|1.0|0.4|POOR
15335|11.0|79.0|31.63636363636364|11.0|False|True|False|False|0.3416666666666667|0.0|1.0|1.0|0.5025|FAIR
15336|14.0|97.0|26.571428571428573|14.0|True|True|False|False|0.19166666666666665|0.0|1.0|1.0|0.4575|POOR
15337|5.0|61.0|26.4|5.0|False|True|False|False|0.4916666666666667|0.0|1.0|1.0|0.5475|FAIR
15338|10.0|48.0|23.1|10.0|False|True|False|False|0.6|0.0|1.0|1.0|0.58|FAIR
15339|9.0|77.0|29.22222222222222|9.0|False|True|False|False|0.3583333333333333|0.0|1.0|1.0|0.5075|FAIR
15340|4.0|58.0|35.25|4.0|False|True|False|False|0.5166666666666666|0.0|1.0|1.0|0.5549999999999999|FAIR
15342|6.0|34.0|23.166666666666668|6.0|False|True|False|False|0.7166666666666667|0.0|1.0|1.0|0.615|FAIR
15343|8.0|88.0|30.0|8.0|True|True|False|False|0.2666666666666667|0.0|1.0|1.0|0.48|POOR
15344|10.0|59.0|25.7|10.0|False|True|False|False|0.5083333333333333|0.0|1.0|1.0|0.5525|FAIR
15345|11.0|57.0|23.727272727272727|11.0|False|True|False|False|0.525|0.0|1.0|1.0|0.5575|FAIR
15346|3.0|93.0|66.0|3.0|True|True|False|False|0.22499999999999998|0.0|1.0|1.0|0.4675|POOR
15348|8.0|120.0|38.625|8.0|True|True|False|False|0.0|0.0|1.0|1.0|0.4|POOR
15350|9.0|96.0|37.11111111111112|9.0|True|True|False|False|0.19999999999999996|0.0|1.0|1.0|0.45999999999999996|POOR
15351|8.0|67.0|33.5|7.0|False|True|False|False|0.44166666666666665|0.125|1.0|1.0|0.57|FAIR
15352|4.0|54.0|35.5|4.0|False|True|False|False|0.55|0.0|1.0|1.0|0.565|FAIR
15353|9.0|63.0|20.666666666666668|9.0|False|True|False|False|0.475|0.0|1.0|1.0|0.5425|FAIR
15354|9.0|126.0|37.22222222222222|9.0|True|True|False|False|0.0|0.0|1.0|1.0|0.4|POOR
15355|8.0|98.0|32.25|8.0|True|True|False|False|0.18333333333333335|0.0|1.0|1.0|0.45499999999999996|POOR
15358|8.0|28.0|17.25|8.0|False|True|False|False|0.7666666666666666|0.0|1.0|1.0|0.63|FAIR
15359|14.0|75.0|27.357142857142858|14.0|False|True|False|False|0.375|0.0|1.0|1.0|0.5125|FAIR
15360|6.0|94.0|45.16666666666666|6.0|True|True|False|False|0.21666666666666667|0.0|1.0|1.0|0.46499999999999997|POOR
15361|10.0|54.0|21.2|10.0|False|True|False|False|0.55|0.0|1.0|1.0|0.565|FAIR
15362|10.0|83.0|32.1|10.0|True|True|False|False|0.30833333333333335|0.0|1.0|1.0|0.49249999999999994|POOR
15363|8.0|132.0|35.0|8.0|True|True|False|False|0.0|0.0|1.0|1.0|0.4|POOR
15364|7.0|96.0|43.0|7.0|True|True|False|False|0.19999999999999996|0.0|1.0|1.0|0.45999999999999996|POOR
15366|8.0|116.0|36.125|8.0|True|True|False|False|0.033333333333333326|0.0|1.0|1.0|0.41000000000000003|POOR
15367|15.0|56.0|18.066666666666663|15.0|False|True|False|False|0.5333333333333333|0.0|1.0|1.0|0.5599999999999999|FAIR
15368|13.0|58.0|28.76923076923077|13.0|False|True|False|False|0.5166666666666666|0.0|1.0|1.0|0.5549999999999999|FAIR
15369|6.0|67.0|36.66666666666666|6.0|False|True|False|False|0.44166666666666665|0.0|1.0|1.0|0.5325|FAIR
15370|10.0|64.0|32.3|10.0|False|True|False|False|0.4666666666666667|0.0|1.0|1.0|0.5399999999999999|FAIR
15371|10.0|40.0|18.2|10.0|False|True|False|False|0.6666666666666667|0.0|1.0|1.0|0.6|FAIR
15372|8.0|50.0|26.25|8.0|False|True|False|False|0.5833333333333333|0.0|1.0|1.0|0.575|FAIR
15373|7.0|40.0|21.571428571428573|1.0|False|True|False|False|0.6666666666666667|0.8571428571428572|1.0|1.0|0.8571428571428571|EXCELLENT
15374|6.0|72.0|30.0|6.0|False|True|False|False|0.4|0.0|1.0|1.0|0.52|FAIR
15375|4.0|63.0|46.25|4.0|False|True|False|False|0.475|0.0|1.0|1.0|0.5425|FAIR
15376|10.0|57.0|25.0|10.0|False|True|False|False|0.525|0.0|1.0|1.0|0.5575|FAIR
15377|8.0|117.0|42.0|8.0|True|True|False|False|0.025000000000000022|0.0|1.0|1.0|0.4075|POOR
15378|6.0|119.0|46.333333333333336|6.0|True|True|False|False|0.008333333333333304|0.0|1.0|1.0|0.40249999999999997|POOR
15379|7.0|142.0|48.0|7.0|True|True|False|False|0.0|0.0|1.0|1.0|0.4|POOR
15380|10.0|54.0|24.5|9.0|False|True|False|False|0.55|0.09999999999999998|1.0|1.0|0.595|FAIR
15382|6.0|48.0|31.166666666666668|6.0|False|True|False|False|0.6|0.0|1.0|1.0|0.58|FAIR
15383|9.0|83.0|30.11111111111111|9.0|True|True|False|False|0.30833333333333335|0.0|1.0|1.0|0.49249999999999994|POOR
15384|13.0|54.0|22.76923076923077|13.0|False|True|False|False|0.55|0.0|1.0|1.0|0.565|FAIR
15385|6.0|137.0|46.833333333333336|6.0|True|True|False|False|0.0|0.0|1.0|1.0|0.4|POOR
15386|7.0|141.0|45.57142857142857|7.0|True|True|False|False|0.0|0.0|1.0|1.0|0.4|POOR
15387|6.0|54.0|32.5|6.0|False|True|False|False|0.55|0.0|1.0|1.0|0.565|FAIR
15388|7.0|123.0|38.71428571428572|7.0|True|True|False|False|0.0|0.0|1.0|1.0|0.4|POOR
15389|13.0|79.0|30.615384615384617|13.0|False|True|False|False|0.3416666666666667|0.0|1.0|1.0|0.5025|FAIR
15390|9.0|96.0|36.11111111111112|9.0|True|True|False|False|0.19999999999999996|0.0|1.0|1.0|0.45999999999999996|POOR
15391|6.0|68.0|41.66666666666666|6.0|False|True|False|False|0.43333333333333335|0.0|1.0|1.0|0.53|FAIR
15392|14.0|75.0|30.857142857142858|14.0|False|True|False|False|0.375|0.0|1.0|1.0|0.5125|FAIR
15393|5.0|50.0|34.2|5.0|False|True|False|False|0.5833333333333333|0.0|1.0|1.0|0.575|FAIR
15394|17.0|59.0|24.647058823529413|17.0|False|True|False|False|0.5083333333333333|0.0|1.0|1.0|0.5525|FAIR
15395|13.0|71.0|29.76923076923077|13.0|False|True|False|False|0.4083333333333333|0.0|1.0|1.0|0.5225|FAIR
15396|8.0|70.0|45.375|8.0|False|True|False|False|0.41666666666666663|0.0|1.0|1.0|0.525|FAIR
15397|8.0|67.0|32.75|8.0|False|True|False|False|0.44166666666666665|0.0|1.0|1.0|0.5325|FAIR
15398|10.0|56.0|28.5|10.0|False|True|False|False|0.5333333333333333|0.0|1.0|1.0|0.5599999999999999|FAIR
15399|7.0|57.0|28.0|7.0|False|True|False|False|0.525|0.0|1.0|1.0|0.5575|FAIR
15400|7.0|101.0|38.0|7.0|True|True|False|False|0.15833333333333333|0.0|1.0|1.0|0.4475|POOR
15401|11.0|65.0|27.363636363636363|11.0|False|True|False|False|0.45833333333333337|0.0|1.0|1.0|0.5375|FAIR
15402|6.0|183.0|58.833333333333336|6.0|True|True|False|False|0.0|0.0|1.0|1.0|0.4|POOR
15403|6.0|198.0|61.0|6.0|True|True|False|False|0.0|0.0|1.0|1.0|0.4|POOR
15404|10.0|105.0|30.2|10.0|True|True|False|False|0.125|0.0|1.0|1.0|0.4375|POOR
15405|17.0|43.0|23.58823529411765|1.0|False|True|False|False|0.6416666666666666|0.9411764705882353|1.0|1.0|0.8748529411764706|EXCELLENT
15406|10.0|66.0|25.1|10.0|False|True|False|False|0.44999999999999996|0.0|1.0|1.0|0.5349999999999999|FAIR
15407|8.0|92.0|26.125|8.0|True|True|False|False|0.23333333333333328|0.0|1.0|1.0|0.47|POOR
15409|11.0|110.0|43.81818181818182|11.0|True|True|False|False|0.08333333333333337|0.0|1.0|1.0|0.42500000000000004|POOR
15410|10.0|52.0|24.8|10.0|False|True|False|False|0.5666666666666667|0.0|1.0|1.0|0.57|FAIR
15411|10.0|40.0|28.5|10.0|False|True|False|False|0.6666666666666667|0.0|1.0|1.0|0.6|FAIR
15412|9.0|72.0|36.22222222222222|1.0|False|True|False|False|0.4|0.8888888888888888|1.0|1.0|0.7866666666666666|GOOD
15413|6.0|62.0|42.0|1.0|False|True|False|False|0.4833333333333333|0.8333333333333334|1.0|1.0|0.795|GOOD
15414|14.0|36.0|22.142857142857142|14.0|False|True|False|False|0.7|0.0|1.0|1.0|0.61|FAIR
15415|11.0|60.0|26.63636363636364|11.0|False|True|False|False|0.5|0.0|1.0|1.0|0.5499999999999999|FAIR
15416|8.0|35.0|22.0|8.0|False|True|False|False|0.7083333333333333|0.0|1.0|1.0|0.6124999999999999|FAIR
15417|10.0|42.0|20.6|10.0|False|True|False|False|0.65|0.0|1.0|1.0|0.595|FAIR
15418|7.0|55.0|26.571428571428573|7.0|False|True|False|False|0.5416666666666667|0.0|1.0|1.0|0.5625|FAIR
15419|9.0|48.0|25.11111111111111|3.0|False|True|False|False|0.6|0.6666666666666667|1.0|1.0|0.7799999999999999|GOOD
15420|8.0|78.0|31.125|8.0|False|True|False|False|0.35|0.0|1.0|1.0|0.505|FAIR
15421|10.0|51.0|26.2|10.0|False|True|False|False|0.575|0.0|1.0|1.0|0.5725|FAIR
15422|9.0|92.0|35.888888888888886|9.0|True|True|False|False|0.23333333333333328|0.0|1.0|1.0|0.47|POOR
15423|7.0|94.0|41.0|7.0|True|True|False|False|0.21666666666666667|0.0|1.0|1.0|0.46499999999999997|POOR
15424|8.0|123.0|41.375|8.0|True|True|False|False|0.0|0.0|1.0|1.0|0.4|POOR
15425|10.0|37.0|22.2|10.0|False|True|False|False|0.6916666666666667|0.0|1.0|1.0|0.6074999999999999|FAIR
15426|7.0|59.0|35.0|7.0|False|True|False|False|0.5083333333333333|0.0|1.0|1.0|0.5525|FAIR
15427|6.0|47.0|28.5|1.0|False|True|False|False|0.6083333333333334|0.8333333333333334|1.0|1.0|0.8324999999999999|GOOD
15428|4.0|37.0|23.25|1.0|False|True|False|False|0.6916666666666667|0.75|1.0|1.0|0.8324999999999999|GOOD
15429|9.0|44.0|28.22222222222222|9.0|False|True|False|False|0.6333333333333333|0.0|1.0|1.0|0.59|FAIR
15430|11.0|41.0|20.363636363636363|11.0|False|True|False|False|0.6583333333333333|0.0|1.0|1.0|0.5974999999999999|FAIR
15431|9.0|44.0|23.444444444444443|9.0|False|True|False|False|0.6333333333333333|0.0|1.0|1.0|0.59|FAIR
15432|7.0|62.0|30.857142857142858|7.0|False|True|False|False|0.4833333333333333|0.0|1.0|1.0|0.5449999999999999|FAIR
15433|10.0|47.0|20.9|10.0|False|True|False|False|0.6083333333333334|0.0|1.0|1.0|0.5825|FAIR
15434|8.0|82.0|33.75|8.0|True|True|False|False|0.31666666666666665|0.0|1.0|1.0|0.495|POOR
15435|24.0|79.0|32.75|24.0|False|True|False|False|0.3416666666666667|0.0|1.0|1.0|0.5025|FAIR
15436|7.0|68.0|28.285714285714285|7.0|False|True|False|False|0.43333333333333335|0.0|1.0|1.0|0.53|FAIR
15437|9.0|113.0|31.88888888888889|9.0|True|True|False|False|0.05833333333333335|0.0|1.0|1.0|0.4175|POOR
15438|10.0|61.0|20.9|10.0|False|True|False|False|0.4916666666666667|0.0|1.0|1.0|0.5475|FAIR
15439|6.0|124.0|52.66666666666666|6.0|True|True|False|False|0.0|0.0|1.0|1.0|0.4|POOR
15440|12.0|65.0|29.416666666666668|12.0|False|True|False|False|0.45833333333333337|0.0|1.0|1.0|0.5375|FAIR
15441|8.0|90.0|35.0|8.0|True|True|False|False|0.25|0.0|1.0|1.0|0.475|POOR
15442|7.0|50.0|33.0|7.0|False|True|False|False|0.5833333333333333|0.0|1.0|1.0|0.575|FAIR
15443|8.0|92.0|29.5|8.0|True|True|False|False|0.23333333333333328|0.0|1.0|1.0|0.47|POOR
15444|18.0|53.0|22.166666666666668|1.0|False|True|False|False|0.5583333333333333|0.9444444444444444|1.0|1.0|0.8508333333333332|EXCELLENT
15447|8.0|106.0|41.0|8.0|True|True|False|False|0.1166666666666667|0.0|1.0|1.0|0.43500000000000005|POOR
15448|16.0|74.0|21.5625|2.0|False|True|False|False|0.3833333333333333|0.875|1.0|1.0|0.7775|GOOD
15449|26.0|29.0|17.846153846153847|2.0|False|True|False|False|0.7583333333333333|0.9230769230769231|1.0|1.0|0.9044230769230769|EXCELLENT
15450|9.0|96.0|46.22222222222222|9.0|True|True|False|False|0.19999999999999996|0.0|1.0|1.0|0.45999999999999996|POOR
15451|6.0|105.0|47.66666666666666|6.0|True|True|False|False|0.125|0.0|1.0|1.0|0.4375|POOR
15453|5.0|59.0|40.6|5.0|False|True|False|False|0.5083333333333333|0.0|1.0|1.0|0.5525|FAIR
15454|13.0|83.0|36.92307692307692|13.0|True|True|False|False|0.30833333333333335|0.0|1.0|1.0|0.49249999999999994|POOR
15456|7.0|75.0|42.0|6.0|False|True|False|False|0.375|0.1428571428571429|1.0|1.0|0.5553571428571429|FAIR
15457|34.0|71.0|26.91176470588235|2.0|False|True|False|False|0.4083333333333333|0.9411764705882353|1.0|1.0|0.8048529411764705|GOOD
15458|9.0|86.0|34.888888888888886|9.0|True|True|False|False|0.2833333333333333|0.0|1.0|1.0|0.485|POOR
15459|29.0|51.0|19.75862068965517|6.0|False|True|False|False|0.575|0.7931034482758621|1.0|1.0|0.8104310344827587|GOOD
15460|7.0|44.0|26.857142857142858|7.0|False|True|False|False|0.6333333333333333|0.0|1.0|1.0|0.59|FAIR
15461|11.0|38.0|20.90909090909091|11.0|False|True|False|False|0.6833333333333333|0.0|1.0|1.0|0.605|FAIR
15463|23.0|107.0|25.91304347826087|3.0|True|True|False|False|0.10833333333333328|0.8695652173913043|1.0|1.0|0.6933695652173912|FAIR
15464|8.0|90.0|51.875|0.0|True|False|False|False|0.25|1.0|1.0|1.0|0.775|GOOD
15465|8.0|109.0|32.25|8.0|True|True|False|False|0.09166666666666667|0.0|1.0|1.0|0.4275|POOR
15467|5.0|57.0|35.0|5.0|False|True|False|False|0.525|0.0|1.0|1.0|0.5575|FAIR
15468|7.0|66.0|30.285714285714285|7.0|False|True|False|False|0.44999999999999996|0.0|1.0|1.0|0.5349999999999999|FAIR
15469|8.0|61.0|32.75|8.0|False|True|False|False|0.4916666666666667|0.0|1.0|1.0|0.5475|FAIR
15470|9.0|59.0|32.55555555555556|9.0|False|True|False|False|0.5083333333333333|0.0|1.0|1.0|0.5525|FAIR
15471|12.0|48.0|21.33333333333333|12.0|False|True|False|False|0.6|0.0|1.0|1.0|0.58|FAIR
15472|9.0|80.0|33.888888888888886|9.0|False|True|False|False|0.33333333333333337|0.0|1.0|1.0|0.5|FAIR
15473|10.0|98.0|30.9|10.0|True|True|False|False|0.18333333333333335|0.0|1.0|1.0|0.45499999999999996|POOR
15474|4.0|148.0|61.25|4.0|True|True|False|False|0.0|0.0|1.0|1.0|0.4|POOR
15475|6.0|129.0|40.333333333333336|6.0|True|True|False|False|0.0|0.0|1.0|1.0|0.4|POOR
15476|18.0|34.0|16.72222222222222|18.0|False|True|False|False|0.7166666666666667|0.0|1.0|1.0|0.615|FAIR
15478|19.0|46.0|20.73684210526316|2.0|False|True|False|False|0.6166666666666667|0.8947368421052632|1.0|1.0|0.853421052631579|EXCELLENT
15479|12.0|49.0|25.08333333333333|0.0|False|False|False|False|0.5916666666666667|1.0|1.0|1.0|0.8775|EXCELLENT
15480|6.0|125.0|65.66666666666667|0.0|True|False|False|False|0.0|1.0|1.0|1.0|0.7|GOOD
15482|9.0|71.0|29.88888888888889|9.0|False|True|False|False|0.4083333333333333|0.0|1.0|1.0|0.5225|FAIR
15483|12.0|49.0|21.416666666666668|1.0|False|True|False|False|0.5916666666666667|0.9166666666666666|1.0|1.0|0.8524999999999999|EXCELLENT
15484|16.0|25.0|16.5625|0.0|False|False|False|False|0.7916666666666666|1.0|1.0|1.0|0.9374999999999999|EXCELLENT
15485|9.0|36.0|21.77777777777778|0.0|False|False|False|False|0.7|1.0|1.0|1.0|0.91|EXCELLENT
15487|22.0|32.0|19.954545454545453|11.0|False|True|False|False|0.7333333333333334|0.5|1.0|1.0|0.7699999999999999|GOOD
15488|7.0|85.0|42.71428571428572|7.0|True|True|False|False|0.29166666666666663|0.0|1.0|1.0|0.48749999999999993|POOR
15489|6.0|55.0|28.5|1.0|False|True|False|False|0.5416666666666667|0.8333333333333334|1.0|1.0|0.8124999999999999|GOOD
15490|9.0|31.0|20.22222222222222|9.0|False|True|False|False|0.7416666666666667|0.0|1.0|1.0|0.6224999999999999|FAIR
15491|8.0|47.0|25.0|0.0|False|False|False|False|0.6083333333333334|1.0|1.0|1.0|0.8825|EXCELLENT
15492|9.0|44.0|26.33333333333333|9.0|False|True|False|False|0.6333333333333333|0.0|1.0|1.0|0.59|FAIR
15493|33.0|44.0|20.78787878787879|2.0|False|True|False|False|0.6333333333333333|0.9393939393939394|1.0|1.0|0.8718181818181817|EXCELLENT
15494|19.0|80.0|19.36842105263158|19.0|False|True|False|False|0.33333333333333337|0.0|1.0|1.0|0.5|FAIR
15495|18.0|103.0|25.33333333333333|10.0|True|True|False|False|0.14166666666666672|0.4444444444444444|1.0|1.0|0.5758333333333333|FAIR
15496|9.0|33.0|25.33333333333333|0.0|False|False|False|False|0.725|1.0|1.0|1.0|0.9174999999999999|EXCELLENT
15497|11.0|34.0|21.63636363636364|1.0|False|True|False|False|0.7166666666666667|0.9090909090909091|1.0|1.0|0.8877272727272726|EXCELLENT
15499|13.0|37.0|21.153846153846157|0.0|False|False|False|False|0.6916666666666667|1.0|1.0|1.0|0.9074999999999999|EXCELLENT
15500|8.0|40.0|23.0|1.0|False|True|False|False|0.6666666666666667|0.875|1.0|1.0|0.8624999999999999|EXCELLENT
15501|21.0|47.0|23.952380952380956|3.0|False|True|False|False|0.6083333333333334|0.8571428571428572|1.0|1.0|0.8396428571428572|GOOD
15502|8.0|96.0|39.375|8.0|True|True|False|False|0.19999999999999996|0.0|1.0|1.0|0.45999999999999996|POOR
15503|6.0|51.0|34.333333333333336|6.0|False|True|False|False|0.575|0.0|1.0|1.0|0.5725|FAIR
15504|25.0|54.0|24.8|2.0|False|True|False|False|0.55|0.92|1.0|1.0|0.8410000000000001|GOOD
15505|9.0|58.0|27.77777777777778|9.0|False|True|False|False|0.5166666666666666|0.0|1.0|1.0|0.5549999999999999|FAIR
15506|25.0|51.0|21.88|4.0|False|True|False|False|0.575|0.84|1.0|1.0|0.8244999999999999|GOOD
15507|27.0|46.0|22.22222222222222|4.0|False|True|False|False|0.6166666666666667|0.8518518518518519|1.0|1.0|0.8405555555555555|GOOD
15508|7.0|41.0|16.857142857142858|1.0|False|True|False|False|0.6583333333333333|0.8571428571428572|1.0|1.0|0.8546428571428571|EXCELLENT
15509|13.0|59.0|22.46153846153846|13.0|False|True|False|False|0.5083333333333333|0.0|1.0|1.0|0.5525|FAIR
15510|27.0|57.0|21.296296296296298|3.0|False|True|False|False|0.525|0.8888888888888888|1.0|1.0|0.8241666666666666|GOOD
15511|25.0|106.0|34.4|2.0|True|True|False|False|0.1166666666666667|0.92|1.0|1.0|0.711|GOOD
15513|12.0|80.0|28.83333333333333|12.0|False|True|False|False|0.33333333333333337|0.0|1.0|1.0|0.5|FAIR
15514|20.0|79.0|30.3|2.0|False|True|False|False|0.3416666666666667|0.9|1.0|1.0|0.7725|GOOD
15515|24.0|54.0|22.916666666666668|2.0|False|True|False|False|0.55|0.9166666666666666|1.0|1.0|0.84|GOOD
15516|20.0|36.0|18.05|3.0|False|True|False|False|0.7|0.85|1.0|1.0|0.8649999999999999|EXCELLENT
15518|17.0|47.0|23.94117647058824|0.0|False|False|False|False|0.6083333333333334|1.0|1.0|1.0|0.8825|EXCELLENT
15519|5.0|137.0|68.0|5.0|True|True|False|False|0.0|0.0|1.0|1.0|0.4|POOR
15520|4.0|33.0|27.5|0.0|False|False|False|False|0.725|1.0|1.0|1.0|0.9174999999999999|EXCELLENT
15521|7.0|163.0|56.285714285714285|7.0|True|True|False|False|0.0|0.0|1.0|1.0|0.4|POOR
15522|9.0|68.0|28.55555555555556|9.0|False|True|False|False|0.43333333333333335|0.0|1.0|1.0|0.53|FAIR
15523|8.0|116.0|36.25|8.0|True|True|False|False|0.033333333333333326|0.0|1.0|1.0|0.41000000000000003|POOR
15524|9.0|67.0|42.44444444444444|9.0|False|True|False|False|0.44166666666666665|0.0|1.0|1.0|0.5325|FAIR
15525|10.0|57.0|34.0|10.0|False|True|False|False|0.525|0.0|1.0|1.0|0.5575|FAIR
15527|7.0|38.0|23.428571428571427|7.0|False|True|False|False|0.6833333333333333|0.0|1.0|1.0|0.605|FAIR
15528|10.0|52.0|27.1|10.0|False|True|False|False|0.5666666666666667|0.0|1.0|1.0|0.57|FAIR
15529|9.0|62.0|39.22222222222222|9.0|False|True|False|False|0.4833333333333333|0.0|1.0|1.0|0.5449999999999999|FAIR
15530|11.0|24.0|15.636363636363637|11.0|False|True|False|False|0.8|0.0|1.0|1.0|0.64|FAIR
15531|37.0|77.0|25.83783783783784|4.0|False|True|False|False|0.3583333333333333|0.8918918918918919|1.0|1.0|0.7750675675675675|GOOD
15532|10.0|60.0|25.7|10.0|False|True|False|False|0.5|0.0|1.0|1.0|0.5499999999999999|FAIR
15533|8.0|59.0|34.125|8.0|False|True|False|False|0.5083333333333333|0.0|1.0|1.0|0.5525|FAIR
15535|8.0|117.0|28.375|8.0|True|True|False|False|0.025000000000000022|0.0|1.0|1.0|0.4075|POOR
15536|8.0|172.0|52.125|8.0|True|True|False|False|0.0|0.0|1.0|1.0|0.4|POOR
15537|7.0|71.0|35.0|7.0|False|True|False|False|0.4083333333333333|0.0|1.0|1.0|0.5225|FAIR
15538|15.0|173.0|45.266666666666666|15.0|True|True|False|False|0.0|0.0|1.0|1.0|0.4|POOR
15539|8.0|83.0|39.5|8.0|True|True|False|False|0.30833333333333335|0.0|1.0|1.0|0.49249999999999994|POOR
15540|8.0|70.0|30.125|1.0|False|True|False|False|0.41666666666666663|0.875|1.0|1.0|0.7875|GOOD
15541|6.0|68.0|33.5|6.0|False|True|False|False|0.43333333333333335|0.0|1.0|1.0|0.53|FAIR
15542|8.0|45.0|22.25|8.0|False|True|False|False|0.625|0.0|1.0|1.0|0.5875|FAIR
15543|9.0|88.0|30.88888888888889|3.0|True|True|False|False|0.2666666666666667|0.6666666666666667|1.0|1.0|0.68|FAIR
15544|6.0|44.0|34.666666666666664|0.0|False|False|False|False|0.6333333333333333|1.0|1.0|1.0|0.89|EXCELLENT
15545|8.0|50.0|23.5|0.0|False|False|False|False|0.5833333333333333|1.0|1.0|1.0|0.8749999999999999|EXCELLENT
15546|10.0|29.0|19.2|0.0|False|False|False|False|0.7583333333333333|1.0|1.0|1.0|0.9274999999999999|EXCELLENT
15547|6.0|106.0|49.0|6.0|True|True|False|False|0.1166666666666667|0.0|1.0|1.0|0.43500000000000005|POOR
15548|9.0|25.0|19.33333333333333|0.0|False|False|False|False|0.7916666666666666|1.0|1.0|1.0|0.9374999999999999|EXCELLENT
15549|9.0|39.0|20.444444444444443|2.0|False|True|False|False|0.675|0.7777777777777778|1.0|1.0|0.8358333333333333|GOOD
15551|39.0|44.0|19.102564102564106|6.0|False|True|False|False|0.6333333333333333|0.8461538461538461|1.0|1.0|0.8438461538461538|GOOD
15553|13.0|68.0|28.0|13.0|False|True|False|False|0.43333333333333335|0.0|1.0|1.0|0.53|FAIR
15554|13.0|48.0|23.53846153846154|13.0|False|True|False|False|0.6|0.0|1.0|1.0|0.58|FAIR
15555|10.0|112.0|37.2|10.0|True|True|False|False|0.06666666666666665|0.0|1.0|1.0|0.42000000000000004|POOR
15556|14.0|75.0|26.714285714285715|14.0|False|True|False|False|0.375|0.0|1.0|1.0|0.5125|FAIR
15557|10.0|55.0|27.5|10.0|False|True|False|False|0.5416666666666667|0.0|1.0|1.0|0.5625|FAIR
15558|4.0|35.0|32.75|4.0|False|True|False|False|0.7083333333333333|0.0|1.0|1.0|0.6124999999999999|FAIR
15559|8.0|66.0|38.375|8.0|False|True|False|False|0.44999999999999996|0.0|1.0|1.0|0.5349999999999999|FAIR
15560|8.0|111.0|42.125|8.0|True|True|False|False|0.07499999999999996|0.0|1.0|1.0|0.4225|POOR
15562|5.0|104.0|41.8|5.0|True|True|False|False|0.1333333333333333|0.0|1.0|1.0|0.43999999999999995|POOR
15563|33.0|64.0|20.818181818181817|7.0|False|True|False|False|0.4666666666666667|0.7878787878787878|1.0|1.0|0.7763636363636363|GOOD
15565|15.0|49.0|22.6|15.0|False|True|False|False|0.5916666666666667|0.0|1.0|1.0|0.5775|FAIR
15566|11.0|51.0|30.545454545454547|11.0|False|True|False|False|0.575|0.0|1.0|1.0|0.5725|FAIR
15567|27.0|32.0|16.555555555555557|27.0|False|True|False|False|0.7333333333333334|0.0|1.0|1.0|0.62|FAIR
15568|16.0|41.0|21.9375|16.0|False|True|False|False|0.6583333333333333|0.0|1.0|1.0|0.5974999999999999|FAIR
15569|17.0|41.0|19.11764705882353|17.0|False|True|False|False|0.6583333333333333|0.0|1.0|1.0|0.5974999999999999|FAIR
15570|19.0|40.0|22.0|19.0|False|True|False|False|0.6666666666666667|0.0|1.0|1.0|0.6|FAIR
15571|14.0|52.0|19.071428571428573|14.0|False|True|False|False|0.5666666666666667|0.0|1.0|1.0|0.57|FAIR
15572|15.0|58.0|24.666666666666668|15.0|False|True|False|False|0.5166666666666666|0.0|1.0|1.0|0.5549999999999999|FAIR
15573|17.0|68.0|25.647058823529413|17.0|False|True|False|False|0.43333333333333335|0.0|1.0|1.0|0.53|FAIR
15574|17.0|48.0|20.41176470588235|17.0|False|True|False|False|0.6|0.0|1.0|1.0|0.58|FAIR
15575|20.0|46.0|22.25|20.0|False|True|False|False|0.6166666666666667|0.0|1.0|1.0|0.585|FAIR
15576|14.0|39.0|21.0|14.0|False|True|False|False|0.675|0.0|1.0|1.0|0.6024999999999999|FAIR
15577|16.0|44.0|21.875|16.0|False|True|False|False|0.6333333333333333|0.0|1.0|1.0|0.59|FAIR
15578|19.0|33.0|17.36842105263158|3.0|False|True|False|False|0.725|0.8421052631578947|1.0|1.0|0.8701315789473684|EXCELLENT
15579|17.0|48.0|20.235294117647054|17.0|False|True|False|False|0.6|0.0|1.0|1.0|0.58|FAIR
15580|7.0|45.0|23.0|1.0|False|True|False|False|0.625|0.8571428571428572|1.0|1.0|0.8446428571428571|GOOD
15581|15.0|52.0|27.666666666666668|0.0|False|False|False|False|0.5666666666666667|1.0|1.0|1.0|0.87|EXCELLENT
15582|12.0|36.0|23.08333333333333|12.0|False|True|False|False|0.7|0.0|1.0|1.0|0.61|FAIR
15583|28.0|80.0|31.035714285714285|2.0|False|True|False|False|0.33333333333333337|0.9285714285714286|1.0|1.0|0.7785714285714286|GOOD
15584|20.0|38.0|19.05|2.0|False|True|False|False|0.6833333333333333|0.9|1.0|1.0|0.8749999999999999|EXCELLENT
15585|8.0|50.0|25.625|0.0|False|False|False|False|0.5833333333333333|1.0|1.0|1.0|0.8749999999999999|EXCELLENT
15586|27.0|43.0|18.74074074074074|4.0|False|True|False|False|0.6416666666666666|0.8518518518518519|1.0|1.0|0.8480555555555555|GOOD
15588|28.0|69.0|24.535714285714285|4.0|False|True|False|False|0.42500000000000004|0.8571428571428572|1.0|1.0|0.7846428571428571|GOOD
15589|8.0|89.0|33.0|8.0|True|True|False|False|0.2583333333333333|0.0|1.0|1.0|0.4774999999999999|POOR
15590|9.0|80.0|35.111111111111114|0.0|False|False|False|False|0.33333333333333337|1.0|1.0|1.0|0.7999999999999999|GOOD
15591|6.0|90.0|41.0|6.0|True|True|False|False|0.25|0.0|1.0|1.0|0.475|POOR
15592|7.0|55.0|26.571428571428573|7.0|False|True|False|False|0.5416666666666667|0.0|1.0|1.0|0.5625|FAIR
15593|11.0|45.0|19.272727272727277|11.0|False|True|False|False|0.625|0.0|1.0|1.0|0.5875|FAIR
15594|8.0|73.0|35.875|7.0|False|True|False|False|0.3916666666666667|0.125|1.0|1.0|0.5549999999999999|FAIR
15595|19.0|57.0|24.36842105263158|2.0|False|True|False|False|0.525|0.8947368421052632|1.0|1.0|0.8259210526315789|GOOD
15596|10.0|50.0|33.1|10.0|False|True|False|False|0.5833333333333333|0.0|1.0|1.0|0.575|FAIR
15597|7.0|53.0|30.428571428571427|7.0|False|True|False|False|0.5583333333333333|0.0|1.0|1.0|0.5675|FAIR
15598|12.0|61.0|25.416666666666668|12.0|False|True|False|False|0.4916666666666667|0.0|1.0|1.0|0.5475|FAIR
15599|6.0|48.0|32.333333333333336|0.0|False|False|False|False|0.6|1.0|1.0|1.0|0.88|EXCELLENT
15600|8.0|80.0|30.5|1.0|False|True|False|False|0.33333333333333337|0.875|1.0|1.0|0.7625000000000001|GOOD
15601|12.0|66.0|23.916666666666668|0.0|False|False|False|False|0.44999999999999996|1.0|1.0|1.0|0.8349999999999999|GOOD
15602|21.0|87.0|31.142857142857142|3.0|True|True|False|False|0.275|0.8571428571428572|1.0|1.0|0.7396428571428572|GOOD
15603|37.0|44.0|20.43243243243243|5.0|False|True|False|False|0.6333333333333333|0.8648648648648649|1.0|1.0|0.8494594594594594|GOOD
15605|10.0|36.0|27.2|0.0|False|False|False|False|0.7|1.0|1.0|1.0|0.91|EXCELLENT
15606|10.0|53.0|28.9|2.0|False|True|False|False|0.5583333333333333|0.8|1.0|1.0|0.8075|GOOD
15607|23.0|163.0|31.17391304347826|4.0|True|True|False|False|0.0|0.8260869565217391|1.0|1.0|0.6478260869565217|FAIR
15608|7.0|35.0|24.428571428571427|0.0|False|False|False|False|0.7083333333333333|1.0|1.0|1.0|0.9125|EXCELLENT
15609|9.0|48.0|25.88888888888889|0.0|False|False|False|False|0.6|1.0|1.0|1.0|0.88|EXCELLENT
15610|10.0|71.0|28.2|0.0|False|False|False|False|0.4083333333333333|1.0|1.0|1.0|0.8224999999999999|GOOD
15613|7.0|30.0|21.714285714285715|0.0|False|False|False|False|0.75|1.0|1.0|1.0|0.9249999999999999|EXCELLENT
15614|5.0|87.0|44.8|0.0|True|False|False|False|0.275|1.0|1.0|1.0|0.7825|GOOD
15615|7.0|55.0|27.571428571428573|0.0|False|False|False|False|0.5416666666666667|1.0|1.0|1.0|0.8624999999999999|EXCELLENT
15616|9.0|59.0|28.11111111111111|1.0|False|True|False|False|0.5083333333333333|0.8888888888888888|1.0|1.0|0.8191666666666667|GOOD
15617|7.0|68.0|41.85714285714285|0.0|False|False|False|False|0.43333333333333335|1.0|1.0|1.0|0.83|GOOD
15619|11.0|38.0|19.272727272727277|0.0|False|False|False|False|0.6833333333333333|1.0|1.0|1.0|0.9049999999999999|EXCELLENT
15621|6.0|74.0|34.833333333333336|0.0|False|False|False|False|0.3833333333333333|1.0|1.0|1.0|0.815|GOOD
15622|10.0|101.0|30.4|0.0|True|False|False|False|0.15833333333333333|1.0|1.0|1.0|0.7474999999999999|GOOD
15623|13.0|40.0|25.23076923076923|1.0|False|True|False|False|0.6666666666666667|0.9230769230769231|1.0|1.0|0.8769230769230769|EXCELLENT
15624|9.0|66.0|23.444444444444443|0.0|False|False|False|False|0.44999999999999996|1.0|1.0|1.0|0.8349999999999999|GOOD
15625|13.0|74.0|22.0|1.0|False|True|False|False|0.3833333333333333|0.9230769230769231|1.0|1.0|0.7919230769230768|GOOD
15626|16.0|37.0|20.125|1.0|False|True|False|False|0.6916666666666667|0.9375|1.0|1.0|0.88875|EXCELLENT
15627|5.0|38.0|27.2|0.0|False|False|False|False|0.6833333333333333|1.0|1.0|1.0|0.9049999999999999|EXCELLENT
15628|23.0|38.0|16.652173913043477|2.0|False|True|False|False|0.6833333333333333|0.9130434782608696|1.0|1.0|0.8789130434782609|EXCELLENT
15629|12.0|92.0|29.33333333333333|0.0|True|False|False|False|0.23333333333333328|1.0|1.0|1.0|0.7699999999999999|GOOD
15630|8.0|69.0|41.875|0.0|False|False|False|False|0.42500000000000004|1.0|1.0|1.0|0.8275|GOOD
15631|13.0|45.0|23.923076923076923|0.0|False|False|False|False|0.625|1.0|1.0|1.0|0.8875|EXCELLENT
15632|9.0|87.0|32.888888888888886|0.0|True|False|False|False|0.275|1.0|1.0|1.0|0.7825|GOOD
15633|12.0|45.0|24.75|0.0|False|False|False|False|0.625|1.0|1.0|1.0|0.8875|EXCELLENT
15635|12.0|55.0|26.166666666666668|2.0|False|True|False|False|0.5416666666666667|0.8333333333333334|1.0|1.0|0.8124999999999999|GOOD
15636|10.0|31.0|22.2|1.0|False|True|False|False|0.7416666666666667|0.9|1.0|1.0|0.8925|EXCELLENT
15637|20.0|43.0|22.7|1.0|False|True|False|False|0.6416666666666666|0.95|1.0|1.0|0.8774999999999998|EXCELLENT
15638|14.0|74.0|23.642857142857142|0.0|False|False|False|False|0.3833333333333333|1.0|1.0|1.0|0.815|GOOD
15641|20.0|40.0|23.2|3.0|False|True|False|False|0.6666666666666667|0.85|1.0|1.0|0.855|EXCELLENT
15642|11.0|45.0|31.09090909090909|0.0|False|False|False|False|0.625|1.0|1.0|1.0|0.8875|EXCELLENT
15643|7.0|32.0|23.857142857142858|0.0|False|False|False|False|0.7333333333333334|1.0|1.0|1.0|0.92|EXCELLENT
15644|10.0|58.0|22.8|0.0|False|False|False|False|0.5166666666666666|1.0|1.0|1.0|0.8549999999999999|EXCELLENT
15645|8.0|44.0|24.75|0.0|False|False|False|False|0.6333333333333333|1.0|1.0|1.0|0.89|EXCELLENT
15647|11.0|45.0|20.727272727272727|0.0|False|False|False|False|0.625|1.0|1.0|1.0|0.8875|EXCELLENT
15648|13.0|26.0|20.615384615384617|0.0|False|False|False|False|0.7833333333333333|1.0|1.0|1.0|0.9349999999999999|EXCELLENT
15649|14.0|22.0|17.357142857142858|0.0|False|False|False|False|0.8166666666666667|1.0|1.0|1.0|0.945|EXCELLENT
15651|11.0|42.0|23.272727272727277|2.0|False|True|False|False|0.65|0.8181818181818181|1.0|1.0|0.8404545454545455|GOOD
15652|7.0|41.0|24.571428571428573|0.0|False|False|False|False|0.6583333333333333|1.0|1.0|1.0|0.8974999999999999|EXCELLENT
15654|10.0|50.0|21.5|0.0|False|False|False|False|0.5833333333333333|1.0|1.0|1.0|0.8749999999999999|EXCELLENT
15655|8.0|44.0|27.0|1.0|False|True|False|False|0.6333333333333333|0.875|1.0|1.0|0.8524999999999999|EXCELLENT
15656|9.0|34.0|26.55555555555556|0.0|False|False|False|False|0.7166666666666667|1.0|1.0|1.0|0.9149999999999999|EXCELLENT
15657|11.0|135.0|31.09090909090909|1.0|True|True|False|False|0.0|0.9090909090909091|1.0|1.0|0.6727272727272727|FAIR
15658|10.0|43.0|24.0|0.0|False|False|False|False|0.6416666666666666|1.0|1.0|1.0|0.8925|EXCELLENT
15659|10.0|46.0|20.4|0.0|False|False|False|False|0.6166666666666667|1.0|1.0|1.0|0.8849999999999999|EXCELLENT
15660|10.0|48.0|22.6|1.0|False|True|False|False|0.6|0.9|1.0|1.0|0.85|EXCELLENT
15661|17.0|47.0|21.352941176470587|2.0|False|True|False|False|0.6083333333333334|0.8823529411764706|1.0|1.0|0.8472058823529413|GOOD
15664|7.0|30.0|17.142857142857142|0.0|False|False|False|False|0.75|1.0|1.0|1.0|0.9249999999999999|EXCELLENT
15666|11.0|46.0|25.181818181818183|1.0|False|True|False|False|0.6166666666666667|0.9090909090909091|1.0|1.0|0.8577272727272727|EXCELLENT
15669|9.0|38.0|19.0|1.0|False|True|False|False|0.6833333333333333|0.8888888888888888|1.0|1.0|0.8716666666666667|EXCELLENT
15670|11.0|75.0|28.0|0.0|False|False|False|False|0.375|1.0|1.0|1.0|0.8124999999999999|GOOD
15671|17.0|48.0|20.764705882352946|2.0|False|True|False|False|0.6|0.8823529411764706|1.0|1.0|0.8447058823529411|GOOD
15672|7.0|49.0|33.42857142857143|0.0|False|False|False|False|0.5916666666666667|1.0|1.0|1.0|0.8775|EXCELLENT
15673|6.0|80.0|44.0|0.0|False|False|False|False|0.33333333333333337|1.0|1.0|1.0|0.7999999999999999|GOOD
15675|9.0|64.0|35.888888888888886|1.0|False|True|False|False|0.4666666666666667|0.8888888888888888|1.0|1.0|0.8066666666666665|GOOD
15676|14.0|45.0|16.785714285714285|4.0|False|True|False|False|0.625|0.7142857142857143|1.0|1.0|0.8017857142857142|GOOD
15677|7.0|34.0|25.714285714285715|0.0|False|False|False|False|0.7166666666666667|1.0|1.0|1.0|0.9149999999999999|EXCELLENT
15678|8.0|42.0|27.375|0.0|False|False|False|False|0.65|1.0|1.0|1.0|0.8949999999999999|EXCELLENT
15679|7.0|58.0|34.0|0.0|False|False|False|False|0.5166666666666666|1.0|1.0|1.0|0.8549999999999999|EXCELLENT
15680|11.0|61.0|25.363636363636363|0.0|False|False|False|False|0.4916666666666667|1.0|1.0|1.0|0.8475|GOOD
15681|7.0|53.0|26.285714285714285|1.0|False|True|False|False|0.5583333333333333|0.8571428571428572|1.0|1.0|0.8246428571428571|GOOD
15682|13.0|36.0|20.76923076923077|0.0|False|False|False|False|0.7|1.0|1.0|1.0|0.91|EXCELLENT
15683|10.0|141.0|39.2|1.0|True|True|False|False|0.0|0.9|1.0|1.0|0.67|FAIR
15684|11.0|30.0|17.90909090909091|1.0|False|True|False|False|0.75|0.9090909090909091|1.0|1.0|0.8977272727272726|EXCELLENT
15685|10.0|52.0|23.7|0.0|False|False|False|False|0.5666666666666667|1.0|1.0|1.0|0.87|EXCELLENT
15686|10.0|46.0|32.3|0.0|False|False|False|False|0.6166666666666667|1.0|1.0|1.0|0.8849999999999999|EXCELLENT
15694|9.0|35.0|24.88888888888889|0.0|False|False|False|False|0.7083333333333333|1.0|1.0|1.0|0.9125|EXCELLENT
15695|10.0|46.0|22.3|0.0|False|False|False|False|0.6166666666666667|1.0|1.0|1.0|0.8849999999999999|EXCELLENT
15698|7.0|45.0|23.857142857142858|0.0|False|False|False|False|0.625|1.0|1.0|1.0|0.8875|EXCELLENT
15701|8.0|61.0|27.625|0.0|False|False|False|False|0.4916666666666667|1.0|1.0|1.0|0.8475|GOOD
15702|9.0|28.0|19.0|1.0|False|True|False|False|0.7666666666666666|0.8888888888888888|1.0|1.0|0.8966666666666666|EXCELLENT
15707|10.0|50.0|25.9|2.0|False|True|False|False|0.5833333333333333|0.8|1.0|1.0|0.8149999999999998|GOOD
15726|11.0|57.0|22.363636363636363|2.0|False|True|False|False|0.525|0.8181818181818181|1.0|1.0|0.8029545454545454|GOOD
15727|4.0|65.0|37.75|0.0|False|False|False|False|0.45833333333333337|1.0|1.0|1.0|0.8375|GOOD
15728|8.0|33.0|26.625|0.0|False|False|False|False|0.725|1.0|1.0|1.0|0.9174999999999999|EXCELLENT
15729|7.0|28.0|22.714285714285715|1.0|False|True|False|False|0.7666666666666666|0.8571428571428572|1.0|1.0|0.8871428571428571|EXCELLENT
15730|9.0|44.0|25.33333333333333|0.0|False|False|False|False|0.6333333333333333|1.0|1.0|1.0|0.89|EXCELLENT
15731|6.0|31.0|27.0|0.0|False|False|False|False|0.7416666666666667|1.0|1.0|1.0|0.9225|EXCELLENT
15732|10.0|48.0|22.6|0.0|False|False|False|False|0.6|1.0|1.0|1.0|0.88|EXCELLENT
15733|9.0|56.0|26.88888888888889|1.0|False|True|False|False|0.5333333333333333|0.8888888888888888|1.0|1.0|0.8266666666666665|GOOD
15735|4.0|75.0|43.0|0.0|False|False|False|False|0.375|1.0|1.0|1.0|0.8124999999999999|GOOD
15736|8.0|39.0|26.375|1.0|False|True|False|False|0.675|0.875|1.0|1.0|0.865|EXCELLENT
15737|11.0|84.0|26.727272727272727|2.0|True|True|False|False|0.30000000000000004|0.8181818181818181|1.0|1.0|0.7354545454545455|GOOD
15738|11.0|36.0|20.0|1.0|False|True|False|False|0.7|0.9090909090909091|1.0|1.0|0.8827272727272727|EXCELLENT
15741|8.0|38.0|22.875|2.0|False|True|False|False|0.6833333333333333|0.75|1.0|1.0|0.83|GOOD
15743|11.0|30.0|17.818181818181817|2.0|False|True|False|False|0.75|0.8181818181818181|1.0|1.0|0.8704545454545454|EXCELLENT
15744|12.0|46.0|21.58333333333333|2.0|False|True|False|False|0.6166666666666667|0.8333333333333334|1.0|1.0|0.835|GOOD
15745|9.0|55.0|28.11111111111111|1.0|False|True|False|False|0.5416666666666667|0.8888888888888888|1.0|1.0|0.8291666666666667|GOOD
15746|11.0|51.0|25.272727272727277|0.0|False|False|False|False|0.575|1.0|1.0|1.0|0.8724999999999999|EXCELLENT
15747|10.0|50.0|20.4|0.0|False|False|False|False|0.5833333333333333|1.0|1.0|1.0|0.8749999999999999|EXCELLENT
15748|11.0|38.0|22.0|0.0|False|False|False|False|0.6833333333333333|1.0|1.0|1.0|0.9049999999999999|EXCELLENT
15749|7.0|53.0|26.428571428571427|0.0|False|False|False|False|0.5583333333333333|1.0|1.0|1.0|0.8675|EXCELLENT
15750|7.0|58.0|28.0|0.0|False|False|False|False|0.5166666666666666|1.0|1.0|1.0|0.8549999999999999|EXCELLENT
15751|5.0|46.0|31.0|0.0|False|False|False|False|0.6166666666666667|1.0|1.0|1.0|0.8849999999999999|EXCELLENT
15752|7.0|48.0|26.571428571428573|0.0|False|False|False|False|0.6|1.0|1.0|1.0|0.88|EXCELLENT
15753|11.0|88.0|27.272727272727277|0.0|True|False|False|False|0.2666666666666667|1.0|1.0|1.0|0.7799999999999999|GOOD
15754|7.0|52.0|24.714285714285715|0.0|False|False|False|False|0.5666666666666667|1.0|1.0|1.0|0.87|EXCELLENT
15755|7.0|33.0|22.714285714285715|0.0|False|False|False|False|0.725|1.0|1.0|1.0|0.9174999999999999|EXCELLENT
15756|8.0|39.0|22.25|1.0|False|True|False|False|0.675|0.875|1.0|1.0|0.865|EXCELLENT
15757|8.0|29.0|20.875|0.0|False|False|False|False|0.7583333333333333|1.0|1.0|1.0|0.9274999999999999|EXCELLENT
15758|6.0|33.0|25.666666666666668|0.0|False|False|False|False|0.725|1.0|1.0|1.0|0.9174999999999999|EXCELLENT
15759|8.0|56.0|25.25|0.0|False|False|False|False|0.5333333333333333|1.0|1.0|1.0|0.86|EXCELLENT
15760|8.0|44.0|26.0|0.0|False|False|False|False|0.6333333333333333|1.0|1.0|1.0|0.89|EXCELLENT
15761|6.0|45.0|30.166666666666668|0.0|False|False|False|False|0.625|1.0|1.0|1.0|0.8875|EXCELLENT
15762|9.0|37.0|22.666666666666668|0.0|False|False|False|False|0.6916666666666667|1.0|1.0|1.0|0.9074999999999999|EXCELLENT
15763|6.0|43.0|33.166666666666664|0.0|False|False|False|False|0.6416666666666666|1.0|1.0|1.0|0.8925|EXCELLENT
15764|6.0|76.0|27.33333333333333|0.0|False|False|False|False|0.3666666666666667|1.0|1.0|1.0|0.8099999999999999|GOOD
15766|9.0|69.0|35.44444444444444|0.0|False|False|False|False|0.42500000000000004|1.0|1.0|1.0|0.8275|GOOD
15767|11.0|52.0|20.363636363636363|0.0|False|False|False|False|0.5666666666666667|1.0|1.0|1.0|0.87|EXCELLENT
15769|8.0|44.0|25.25|0.0|False|False|False|False|0.6333333333333333|1.0|1.0|1.0|0.89|EXCELLENT
15771|5.0|79.0|32.8|0.0|False|False|False|False|0.3416666666666667|1.0|1.0|1.0|0.8024999999999999|GOOD
15772|8.0|49.0|29.875|2.0|False|True|False|False|0.5916666666666667|0.75|1.0|1.0|0.8024999999999999|GOOD
15773|9.0|43.0|22.88888888888889|0.0|False|False|False|False|0.6416666666666666|1.0|1.0|1.0|0.8925|EXCELLENT
15780|9.0|41.0|24.33333333333333|0.0|False|False|False|False|0.6583333333333333|1.0|1.0|1.0|0.8974999999999999|EXCELLENT
15781|9.0|35.0|20.77777777777778|1.0|False|True|False|False|0.7083333333333333|0.8888888888888888|1.0|1.0|0.8791666666666665|EXCELLENT
15782|4.0|133.0|51.25|0.0|True|False|False|False|0.0|1.0|1.0|1.0|0.7|GOOD
15783|7.0|67.0|31.0|0.0|False|False|False|False|0.44166666666666665|1.0|1.0|1.0|0.8324999999999999|GOOD
15784|7.0|65.0|37.285714285714285|1.0|False|True|False|False|0.45833333333333337|0.8571428571428572|1.0|1.0|0.7946428571428571|GOOD
15785|7.0|58.0|23.857142857142858|0.0|False|False|False|False|0.5166666666666666|1.0|1.0|1.0|0.8549999999999999|EXCELLENT
15786|8.0|45.0|20.625|0.0|False|False|False|False|0.625|1.0|1.0|1.0|0.8875|EXCELLENT
15787|7.0|49.0|25.0|1.0|False|True|False|False|0.5916666666666667|0.8571428571428572|1.0|1.0|0.8346428571428571|GOOD
15788|11.0|23.0|15.545454545454543|1.0|False|True|False|False|0.8083333333333333|0.9090909090909091|1.0|1.0|0.9152272727272727|EXCELLENT
15789|10.0|48.0|27.6|1.0|False|True|False|False|0.6|0.9|1.0|1.0|0.85|EXCELLENT
15790|12.0|78.0|28.58333333333333|1.0|False|True|False|False|0.35|0.9166666666666666|1.0|1.0|0.7799999999999999|GOOD
15791|5.0|51.0|30.6|0.0|False|False|False|False|0.575|1.0|1.0|1.0|0.8724999999999999|EXCELLENT
15792|8.0|40.0|23.375|0.0|False|False|False|False|0.6666666666666667|1.0|1.0|1.0|0.9|EXCELLENT
15796|10.0|46.0|30.9|1.0|False|True|False|False|0.6166666666666667|0.9|1.0|1.0|0.855|EXCELLENT
15798|11.0|33.0|19.454545454545453|1.0|False|True|False|False|0.725|0.9090909090909091|1.0|1.0|0.8902272727272728|EXCELLENT
15799|13.0|42.0|19.846153846153847|0.0|False|False|False|False|0.65|1.0|1.0|1.0|0.8949999999999999|EXCELLENT
15800|17.0|47.0|21.58823529411765|0.0|False|False|False|False|0.6083333333333334|1.0|1.0|1.0|0.8825|EXCELLENT
15801|13.0|36.0|19.53846153846154|1.0|False|True|False|False|0.7|0.9230769230769231|1.0|1.0|0.8869230769230768|EXCELLENT
15803|16.0|35.0|19.75|1.0|False|True|False|False|0.7083333333333333|0.9375|1.0|1.0|0.8937499999999999|EXCELLENT
15804|8.0|51.0|25.0|0.0|False|False|False|False|0.575|1.0|1.0|1.0|0.8724999999999999|EXCELLENT
15805|5.0|96.0|42.4|0.0|True|False|False|False|0.19999999999999996|1.0|1.0|1.0|0.7599999999999999|GOOD
15806|16.0|38.0|19.1875|1.0|False|True|False|False|0.6833333333333333|0.9375|1.0|1.0|0.8862499999999999|EXCELLENT
15807|13.0|31.0|21.0|0.0|False|False|False|False|0.7416666666666667|1.0|1.0|1.0|0.9225|EXCELLENT
15809|13.0|66.0|22.76923076923077|0.0|False|False|False|False|0.44999999999999996|1.0|1.0|1.0|0.8349999999999999|GOOD
15810|17.0|68.0|28.88235294117647|17.0|False|True|False|False|0.43333333333333335|0.0|1.0|1.0|0.53|FAIR
15811|20.0|48.0|24.2|20.0|False|True|False|False|0.6|0.0|1.0|1.0|0.58|FAIR
15812|15.0|49.0|30.866666666666667|15.0|False|True|False|False|0.5916666666666667|0.0|1.0|1.0|0.5775|FAIR
15813|9.0|38.0|28.444444444444443|9.0|False|True|False|False|0.6833333333333333|0.0|1.0|1.0|0.605|FAIR
15815|14.0|36.0|20.571428571428573|14.0|False|True|False|False|0.7|0.0|1.0|1.0|0.61|FAIR
15816|12.0|36.0|22.75|12.0|False|True|False|False|0.7|0.0|1.0|1.0|0.61|FAIR
15817|10.0|41.0|26.1|10.0|False|True|False|False|0.6583333333333333|0.0|1.0|1.0|0.5974999999999999|FAIR
15818|8.0|26.0|17.375|0.0|False|False|False|False|0.7833333333333333|1.0|1.0|1.0|0.9349999999999999|EXCELLENT
15819|13.0|46.0|17.923076923076923|0.0|False|False|False|False|0.6166666666666667|1.0|1.0|1.0|0.8849999999999999|EXCELLENT
15823|9.0|61.0|22.77777777777778|0.0|False|False|False|False|0.4916666666666667|1.0|1.0|1.0|0.8475|GOOD
15824|6.0|35.0|26.166666666666668|0.0|False|False|False|False|0.7083333333333333|1.0|1.0|1.0|0.9125|EXCELLENT
15825|5.0|95.0|42.2|0.0|True|False|False|False|0.20833333333333337|1.0|1.0|1.0|0.7625|GOOD
15826|9.0|47.0|23.444444444444443|0.0|False|False|False|False|0.6083333333333334|1.0|1.0|1.0|0.8825|EXCELLENT
15827|10.0|38.0|22.0|0.0|False|False|False|False|0.6833333333333333|1.0|1.0|1.0|0.9049999999999999|EXCELLENT
15828|9.0|74.0|32.77777777777778|0.0|False|False|False|False|0.3833333333333333|1.0|1.0|1.0|0.815|GOOD
15829|13.0|54.0|21.23076923076923|0.0|False|False|False|False|0.55|1.0|1.0|1.0|0.8649999999999999|EXCELLENT
15830|7.0|40.0|29.142857142857142|1.0|False|True|False|False|0.6666666666666667|0.8571428571428572|1.0|1.0|0.8571428571428571|EXCELLENT
15832|8.0|67.0|27.875|0.0|False|False|False|False|0.44166666666666665|1.0|1.0|1.0|0.8324999999999999|GOOD
15833|7.0|82.0|33.142857142857146|0.0|True|False|False|False|0.31666666666666665|1.0|1.0|1.0|0.7949999999999999|GOOD
15835|10.0|44.0|22.9|0.0|False|False|False|False|0.6333333333333333|1.0|1.0|1.0|0.89|EXCELLENT
15845|7.0|82.0|39.71428571428572|0.0|True|False|False|False|0.31666666666666665|1.0|1.0|1.0|0.7949999999999999|GOOD
15847|10.0|35.0|20.8|0.0|False|False|False|False|0.7083333333333333|1.0|1.0|1.0|0.9125|EXCELLENT
15851|6.0|38.0|20.166666666666668|0.0|False|False|False|False|0.6833333333333333|1.0|1.0|1.0|0.9049999999999999|EXCELLENT
15852|6.0|39.0|20.33333333333333|0.0|False|False|False|False|0.675|1.0|1.0|1.0|0.9025|EXCELLENT
15853|10.0|36.0|21.8|1.0|False|True|False|False|0.7|0.9|1.0|1.0|0.88|EXCELLENT
15854|14.0|32.0|17.357142857142858|2.0|False|True|False|False|0.7333333333333334|0.8571428571428572|1.0|1.0|0.8771428571428571|EXCELLENT
15855|8.0|64.0|25.375|0.0|False|False|False|False|0.4666666666666667|1.0|1.0|1.0|0.84|GOOD
15856|15.0|29.0|16.666666666666668|1.0|False|True|False|False|0.7583333333333333|0.9333333333333333|1.0|1.0|0.9074999999999999|EXCELLENT
15857|7.0|54.0|22.285714285714285|0.0|False|False|False|False|0.55|1.0|1.0|1.0|0.8649999999999999|EXCELLENT
15858|14.0|49.0|25.428571428571427|0.0|False|False|False|False|0.5916666666666667|1.0|1.0|1.0|0.8775|EXCELLENT
15861|11.0|37.0|16.818181818181817|1.0|False|True|False|False|0.6916666666666667|0.9090909090909091|1.0|1.0|0.8802272727272727|EXCELLENT
15862|9.0|42.0|25.22222222222222|0.0|False|False|False|False|0.65|1.0|1.0|1.0|0.8949999999999999|EXCELLENT
15863|4.0|38.0|25.75|0.0|False|False|False|False|0.6833333333333333|1.0|1.0|1.0|0.9049999999999999|EXCELLENT
15864|6.0|37.0|24.0|0.0|False|False|False|False|0.6916666666666667|1.0|1.0|1.0|0.9074999999999999|EXCELLENT
15865|16.0|29.0|16.5625|1.0|False|True|False|False|0.7583333333333333|0.9375|1.0|1.0|0.9087500000000001|EXCELLENT
15866|8.0|38.0|20.0|1.0|False|True|False|False|0.6833333333333333|0.875|1.0|1.0|0.8675|EXCELLENT
15867|7.0|24.0|17.857142857142858|0.0|False|False|False|False|0.8|1.0|1.0|1.0|0.9400000000000001|EXCELLENT
15868|8.0|59.0|27.125|0.0|False|False|False|False|0.5083333333333333|1.0|1.0|1.0|0.8524999999999999|EXCELLENT
15869|13.0|55.0|22.615384615384617|1.0|False|True|False|False|0.5416666666666667|0.9230769230769231|1.0|1.0|0.8394230769230769|GOOD
15870|12.0|36.0|20.166666666666668|1.0|False|True|False|False|0.7|0.9166666666666666|1.0|1.0|0.8849999999999999|EXCELLENT
15871|11.0|39.0|22.818181818181817|0.0|False|False|False|False|0.675|1.0|1.0|1.0|0.9025|EXCELLENT
15872|9.0|67.0|25.444444444444443|0.0|False|False|False|False|0.44166666666666665|1.0|1.0|1.0|0.8324999999999999|GOOD
15873|6.0|32.0|18.5|0.0|False|False|False|False|0.7333333333333334|1.0|1.0|1.0|0.92|EXCELLENT
15874|11.0|35.0|17.454545454545453|0.0|False|False|False|False|0.7083333333333333|1.0|1.0|1.0|0.9125|EXCELLENT
15875|9.0|57.0|23.77777777777778|0.0|False|False|False|False|0.525|1.0|1.0|1.0|0.8575|EXCELLENT
15876|13.0|41.0|23.615384615384617|0.0|False|False|False|False|0.6583333333333333|1.0|1.0|1.0|0.8974999999999999|EXCELLENT
15877|10.0|28.0|18.1|1.0|False|True|False|False|0.7666666666666666|0.9|1.0|1.0|0.9|EXCELLENT
15878|12.0|57.0|22.08333333333333|2.0|False|True|False|False|0.525|0.8333333333333334|1.0|1.0|0.8075|GOOD
15879|10.0|40.0|17.9|0.0|False|False|False|False|0.6666666666666667|1.0|1.0|1.0|0.9|EXCELLENT
15880|10.0|34.0|20.6|1.0|False|True|False|False|0.7166666666666667|0.9|1.0|1.0|0.8849999999999999|EXCELLENT
15881|5.0|36.0|21.2|0.0|False|False|False|False|0.7|1.0|1.0|1.0|0.91|EXCELLENT
15882|6.0|52.0|30.5|0.0|False|False|False|False|0.5666666666666667|1.0|1.0|1.0|0.87|EXCELLENT
15884|11.0|36.0|18.545454545454547|0.0|False|False|False|False|0.7|1.0|1.0|1.0|0.91|EXCELLENT
15885|5.0|37.0|24.2|0.0|False|False|False|False|0.6916666666666667|1.0|1.0|1.0|0.9074999999999999|EXCELLENT
15886|9.0|31.0|19.77777777777778|0.0|False|False|False|False|0.7416666666666667|1.0|1.0|1.0|0.9225|EXCELLENT
15891|13.0|36.0|19.07692307692308|3.0|False|True|False|False|0.7|0.7692307692307692|1.0|1.0|0.8407692307692306|GOOD
15892|11.0|35.0|24.818181818181817|1.0|False|True|False|False|0.7083333333333333|0.9090909090909091|1.0|1.0|0.8852272727272726|EXCELLENT
15893|2.0|51.0|32.5|0.0|False|False|False|False|0.575|1.0|1.0|1.0|0.8724999999999999|EXCELLENT
15894|12.0|37.0|22.416666666666668|0.0|False|False|False|False|0.6916666666666667|1.0|1.0|1.0|0.9074999999999999|EXCELLENT
15897|4.0|22.0|15.25|0.0|False|False|False|False|0.8166666666666667|1.0|1.0|1.0|0.945|EXCELLENT
15898|16.0|31.0|17.875|1.0|False|True|False|False|0.7416666666666667|0.9375|1.0|1.0|0.9037499999999999|EXCELLENT
15899|17.0|40.0|20.058823529411764|2.0|False|True|False|False|0.6666666666666667|0.8823529411764706|1.0|1.0|0.8647058823529411|EXCELLENT
15900|6.0|51.0|29.0|0.0|False|False|False|False|0.575|1.0|1.0|1.0|0.8724999999999999|EXCELLENT
15901|6.0|32.0|19.166666666666668|1.0|False|True|False|False|0.7333333333333334|0.8333333333333334|1.0|1.0|0.87|EXCELLENT
15911|8.0|63.0|31.0|1.0|False|True|False|False|0.475|0.875|1.0|1.0|0.805|GOOD
15912|10.0|63.0|27.0|2.0|False|True|False|False|0.475|0.8|1.0|1.0|0.7824999999999999|GOOD
15913|8.0|39.0|25.25|0.0|False|False|False|False|0.675|1.0|1.0|1.0|0.9025|EXCELLENT
15914|7.0|52.0|24.571428571428573|3.0|False|True|False|False|0.5666666666666667|0.5714285714285714|1.0|1.0|0.7414285714285714|GOOD
15915|10.0|57.0|25.8|0.0|False|False|False|False|0.525|1.0|1.0|1.0|0.8575|EXCELLENT
15916|18.0|27.0|16.77777777777778|1.0|False|True|False|False|0.775|0.9444444444444444|1.0|1.0|0.9158333333333334|EXCELLENT
15917|15.0|28.0|19.066666666666663|1.0|False|True|False|False|0.7666666666666666|0.9333333333333333|1.0|1.0|0.91|EXCELLENT
15918|13.0|44.0|20.07692307692308|2.0|False|True|False|False|0.6333333333333333|0.8461538461538461|1.0|1.0|0.8438461538461538|GOOD
15919|12.0|52.0|28.166666666666668|1.0|False|True|False|False|0.5666666666666667|0.9166666666666666|1.0|1.0|0.8449999999999999|GOOD
15921|14.0|46.0|19.928571428571427|4.0|False|True|False|False|0.6166666666666667|0.7142857142857143|1.0|1.0|0.7992857142857143|GOOD
15922|7.0|49.0|27.0|0.0|False|False|False|False|0.5916666666666667|1.0|1.0|1.0|0.8775|EXCELLENT
15923|4.0|51.0|42.5|0.0|False|False|False|False|0.575|1.0|1.0|1.0|0.8724999999999999|EXCELLENT
15924|11.0|48.0|22.90909090909091|0.0|False|False|False|False|0.6|1.0|1.0|1.0|0.88|EXCELLENT
15925|11.0|41.0|26.454545454545453|0.0|False|False|False|False|0.6583333333333333|1.0|1.0|1.0|0.8974999999999999|EXCELLENT
15926|9.0|82.0|29.33333333333333|0.0|True|False|False|False|0.31666666666666665|1.0|1.0|1.0|0.7949999999999999|GOOD
15927|7.0|65.0|31.285714285714285|2.0|False|True|False|False|0.45833333333333337|0.7142857142857143|1.0|1.0|0.7517857142857142|GOOD
15940|10.0|72.0|33.1|1.0|False|True|False|False|0.4|0.9|1.0|1.0|0.7899999999999999|GOOD
15941|11.0|43.0|20.90909090909091|0.0|False|False|False|False|0.6416666666666666|1.0|1.0|1.0|0.8925|EXCELLENT
15942|9.0|32.0|23.0|0.0|False|False|False|False|0.7333333333333334|1.0|1.0|1.0|0.92|EXCELLENT
15943|8.0|47.0|30.0|0.0|False|False|False|False|0.6083333333333334|1.0|1.0|1.0|0.8825|EXCELLENT
15944|16.0|30.0|17.125|0.0|False|False|False|False|0.75|1.0|1.0|1.0|0.9249999999999999|EXCELLENT
15945|8.0|33.0|22.375|0.0|False|False|False|False|0.725|1.0|1.0|1.0|0.9174999999999999|EXCELLENT
15948|9.0|59.0|21.55555555555556|2.0|False|True|False|False|0.5083333333333333|0.7777777777777778|1.0|1.0|0.7858333333333333|GOOD
15949|10.0|23.0|19.0|1.0|False|True|False|False|0.8083333333333333|0.9|1.0|1.0|0.9125|EXCELLENT
15950|8.0|40.0|22.125|0.0|False|False|False|False|0.6666666666666667|1.0|1.0|1.0|0.9|EXCELLENT
15951|6.0|87.0|31.166666666666668|0.0|True|False|False|False|0.275|1.0|1.0|1.0|0.7825|GOOD
15952|10.0|40.0|24.0|0.0|False|False|False|False|0.6666666666666667|1.0|1.0|1.0|0.9|EXCELLENT
15953|13.0|38.0|19.23076923076923|0.0|False|False|False|False|0.6833333333333333|1.0|1.0|1.0|0.9049999999999999|EXCELLENT
15955|6.0|100.0|46.16666666666666|1.0|True|True|False|False|0.16666666666666663|0.8333333333333334|1.0|1.0|0.7|GOOD
15956|4.0|143.0|65.0|0.0|True|False|False|False|0.0|1.0|1.0|1.0|0.7|GOOD
15957|7.0|32.0|19.571428571428573|1.0|False|True|False|False|0.7333333333333334|0.8571428571428572|1.0|1.0|0.8771428571428571|EXCELLENT
15958|7.0|45.0|25.285714285714285|0.0|False|False|False|False|0.625|1.0|1.0|1.0|0.8875|EXCELLENT
15959|8.0|78.0|33.875|0.0|False|False|False|False|0.35|1.0|1.0|1.0|0.8049999999999999|GOOD
15960|13.0|35.0|24.0|1.0|False|True|False|False|0.7083333333333333|0.9230769230769231|1.0|1.0|0.8894230769230769|EXCELLENT
15961|5.0|132.0|66.0|0.0|True|False|False|False|0.0|1.0|1.0|1.0|0.7|GOOD
15962|8.0|39.0|25.875|1.0|False|True|False|False|0.675|0.875|1.0|1.0|0.865|EXCELLENT
15964|15.0|47.0|21.066666666666663|1.0|False|True|False|False|0.6083333333333334|0.9333333333333333|1.0|1.0|0.8624999999999999|EXCELLENT
15966|10.0|38.0|22.5|0.0|False|False|False|False|0.6833333333333333|1.0|1.0|1.0|0.9049999999999999|EXCELLENT
15967|11.0|30.0|19.0|1.0|False|True|False|False|0.75|0.9090909090909091|1.0|1.0|0.8977272727272726|EXCELLENT
15968|5.0|63.0|41.0|0.0|False|False|False|False|0.475|1.0|1.0|1.0|0.8424999999999999|GOOD
15969|5.0|75.0|45.8|0.0|False|False|False|False|0.375|1.0|1.0|1.0|0.8124999999999999|GOOD
15971|11.0|61.0|23.09090909090909|0.0|False|False|False|False|0.4916666666666667|1.0|1.0|1.0|0.8475|GOOD
15972|5.0|37.0|22.6|0.0|False|False|False|False|0.6916666666666667|1.0|1.0|1.0|0.9074999999999999|EXCELLENT
15973|8.0|74.0|31.0|1.0|False|True|False|False|0.3833333333333333|0.875|1.0|1.0|0.7775|GOOD
15976|7.0|99.0|41.285714285714285|0.0|True|False|False|False|0.17500000000000004|1.0|1.0|1.0|0.7525|GOOD
15977|12.0|29.0|18.416666666666668|0.0|False|False|False|False|0.7583333333333333|1.0|1.0|1.0|0.9274999999999999|EXCELLENT
15979|7.0|31.0|20.142857142857142|0.0|False|False|False|False|0.7416666666666667|1.0|1.0|1.0|0.9225|EXCELLENT
15980|9.0|79.0|29.22222222222222|1.0|False|True|False|False|0.3416666666666667|0.8888888888888888|1.0|1.0|0.7691666666666667|GOOD
15981|5.0|32.0|21.4|0.0|False|False|False|False|0.7333333333333334|1.0|1.0|1.0|0.92|EXCELLENT
15982|9.0|67.0|28.444444444444443|0.0|False|False|False|False|0.44166666666666665|1.0|1.0|1.0|0.8324999999999999|GOOD
15983|10.0|44.0|22.9|0.0|False|False|False|False|0.6333333333333333|1.0|1.0|1.0|0.89|EXCELLENT
15984|12.0|25.0|16.416666666666668|1.0|False|True|False|False|0.7916666666666666|0.9166666666666666|1.0|1.0|0.9125|EXCELLENT
15986|9.0|90.0|38.11111111111112|2.0|True|True|False|False|0.25|0.7777777777777778|1.0|1.0|0.7083333333333334|GOOD
15987|16.0|51.0|30.5|8.0|False|True|False|False|0.575|0.5|1.0|1.0|0.7225|GOOD
15988|11.0|48.0|25.0|1.0|False|True|False|False|0.6|0.9090909090909091|1.0|1.0|0.8527272727272727|EXCELLENT
15989|9.0|60.0|29.11111111111111|0.0|False|False|False|False|0.5|1.0|1.0|1.0|0.85|EXCELLENT
15990|8.0|38.0|17.375|0.0|False|False|False|False|0.6833333333333333|1.0|1.0|1.0|0.9049999999999999|EXCELLENT
15993|5.0|62.0|32.2|0.0|False|False|False|False|0.4833333333333333|1.0|1.0|1.0|0.8449999999999999|GOOD
15994|11.0|29.0|16.636363636363637|1.0|False|True|False|False|0.7583333333333333|0.9090909090909091|1.0|1.0|0.9002272727272728|EXCELLENT
15995|11.0|36.0|22.0|0.0|False|False|False|False|0.7|1.0|1.0|1.0|0.91|EXCELLENT
15996|9.0|50.0|24.55555555555556|0.0|False|False|False|False|0.5833333333333333|1.0|1.0|1.0|0.8749999999999999|EXCELLENT
15997|8.0|95.0|34.25|0.0|True|False|False|False|0.20833333333333337|1.0|1.0|1.0|0.7625|GOOD
15998|7.0|50.0|25.428571428571427|0.0|False|False|False|False|0.5833333333333333|1.0|1.0|1.0|0.8749999999999999|EXCELLENT
15999|18.0|43.0|22.61111111111111|9.0|False|True|False|False|0.6416666666666666|0.5|1.0|1.0|0.7424999999999999|GOOD
16000|8.0|65.0|27.5|0.0|False|False|False|False|0.45833333333333337|1.0|1.0|1.0|0.8375|GOOD
16001|7.0|36.0|21.428571428571427|0.0|False|False|False|False|0.7|1.0|1.0|1.0|0.91|EXCELLENT
16003|8.0|78.0|27.75|1.0|False|True|False|False|0.35|0.875|1.0|1.0|0.7675|GOOD
16004|9.0|42.0|27.88888888888889|0.0|False|False|False|False|0.65|1.0|1.0|1.0|0.8949999999999999|EXCELLENT
16005|11.0|50.0|24.363636363636363|0.0|False|False|False|False|0.5833333333333333|1.0|1.0|1.0|0.8749999999999999|EXCELLENT
16006|10.0|28.0|20.4|0.0|False|False|False|False|0.7666666666666666|1.0|1.0|1.0|0.93|EXCELLENT
16007|8.0|68.0|24.625|0.0|False|False|False|False|0.43333333333333335|1.0|1.0|1.0|0.83|GOOD
16008|18.0|94.0|33.666666666666664|9.0|True|True|False|False|0.21666666666666667|0.5|1.0|1.0|0.615|FAIR
16009|9.0|58.0|24.11111111111111|0.0|False|False|False|False|0.5166666666666666|1.0|1.0|1.0|0.8549999999999999|EXCELLENT
16010|11.0|61.0|18.09090909090909|2.0|False|True|False|False|0.4916666666666667|0.8181818181818181|1.0|1.0|0.7929545454545454|GOOD
16011|9.0|53.0|28.444444444444443|0.0|False|False|False|False|0.5583333333333333|1.0|1.0|1.0|0.8675|EXCELLENT
16012|4.0|42.0|31.0|0.0|False|False|False|False|0.65|1.0|1.0|1.0|0.8949999999999999|EXCELLENT
16013|8.0|47.0|22.375|2.0|False|True|False|False|0.6083333333333334|0.75|1.0|1.0|0.8075|GOOD
16014|7.0|59.0|24.428571428571427|0.0|False|False|False|False|0.5083333333333333|1.0|1.0|1.0|0.8524999999999999|EXCELLENT
16015|25.0|65.0|26.72|13.0|False|True|False|False|0.45833333333333337|0.48|1.0|1.0|0.6814999999999999|FAIR
16016|10.0|41.0|26.5|6.0|False|True|False|False|0.6583333333333333|0.4|1.0|1.0|0.7174999999999999|GOOD
16017|7.0|97.0|45.142857142857146|0.0|True|False|False|False|0.19166666666666665|1.0|1.0|1.0|0.7575|GOOD
16018|5.0|49.0|32.2|1.0|False|True|False|False|0.5916666666666667|0.8|1.0|1.0|0.8175|GOOD
16019|12.0|64.0|23.33333333333333|2.0|False|True|False|False|0.4666666666666667|0.8333333333333334|1.0|1.0|0.7899999999999999|GOOD
16020|8.0|59.0|30.125|0.0|False|False|False|False|0.5083333333333333|1.0|1.0|1.0|0.8524999999999999|EXCELLENT
16021|5.0|45.0|30.0|0.0|False|False|False|False|0.625|1.0|1.0|1.0|0.8875|EXCELLENT
16022|7.0|51.0|26.571428571428573|0.0|False|False|False|False|0.575|1.0|1.0|1.0|0.8724999999999999|EXCELLENT
16023|10.0|31.0|16.3|1.0|False|True|False|False|0.7416666666666667|0.9|1.0|1.0|0.8925|EXCELLENT
16024|11.0|24.0|16.363636363636363|1.0|False|True|False|False|0.8|0.9090909090909091|1.0|1.0|0.9127272727272727|EXCELLENT
16026|7.0|24.0|18.428571428571427|0.0|False|False|False|False|0.8|1.0|1.0|1.0|0.9400000000000001|EXCELLENT
16027|10.0|28.0|17.6|1.0|False|True|False|False|0.7666666666666666|0.9|1.0|1.0|0.9|EXCELLENT
16029|7.0|56.0|32.142857142857146|0.0|False|False|False|False|0.5333333333333333|1.0|1.0|1.0|0.86|EXCELLENT
16030|8.0|119.0|45.125|1.0|True|True|False|False|0.008333333333333304|0.875|1.0|1.0|0.6649999999999999|FAIR
16031|11.0|46.0|24.0|1.0|False|True|False|False|0.6166666666666667|0.9090909090909091|1.0|1.0|0.8577272727272727|EXCELLENT
16033|10.0|33.0|23.7|1.0|False|True|False|False|0.725|0.9|1.0|1.0|0.8875000000000001|EXCELLENT
16034|9.0|38.0|22.22222222222222|0.0|False|False|False|False|0.6833333333333333|1.0|1.0|1.0|0.9049999999999999|EXCELLENT
16035|9.0|39.0|28.33333333333333|1.0|False|True|False|False|0.675|0.8888888888888888|1.0|1.0|0.8691666666666666|EXCELLENT
16036|7.0|89.0|39.71428571428572|0.0|True|False|False|False|0.2583333333333333|1.0|1.0|1.0|0.7775|GOOD
16037|9.0|31.0|23.33333333333333|0.0|False|False|False|False|0.7416666666666667|1.0|1.0|1.0|0.9225|EXCELLENT
16039|13.0|28.0|18.153846153846157|0.0|False|False|False|False|0.7666666666666666|1.0|1.0|1.0|0.93|EXCELLENT
16040|7.0|49.0|29.428571428571427|2.0|False|True|False|False|0.5916666666666667|0.7142857142857143|1.0|1.0|0.7917857142857142|GOOD
16041|8.0|53.0|29.5|0.0|False|False|False|False|0.5583333333333333|1.0|1.0|1.0|0.8675|EXCELLENT
16043|10.0|62.0|22.2|1.0|False|True|False|False|0.4833333333333333|0.9|1.0|1.0|0.8150000000000001|GOOD
16044|7.0|53.0|38.71428571428572|0.0|False|False|False|False|0.5583333333333333|1.0|1.0|1.0|0.8675|EXCELLENT
16046|9.0|36.0|21.77777777777778|0.0|False|False|False|False|0.7|1.0|1.0|1.0|0.91|EXCELLENT
16047|11.0|40.0|20.545454545454547|1.0|False|True|False|False|0.6666666666666667|0.9090909090909091|1.0|1.0|0.8727272727272727|EXCELLENT
16048|7.0|38.0|27.142857142857142|0.0|False|False|False|False|0.6833333333333333|1.0|1.0|1.0|0.9049999999999999|EXCELLENT
16049|11.0|26.0|17.818181818181817|0.0|False|False|False|False|0.7833333333333333|1.0|1.0|1.0|0.9349999999999999|EXCELLENT
16050|7.0|58.0|32.42857142857143|0.0|False|False|False|False|0.5166666666666666|1.0|1.0|1.0|0.8549999999999999|EXCELLENT
16052|10.0|64.0|24.2|1.0|False|True|False|False|0.4666666666666667|0.9|1.0|1.0|0.8099999999999999|GOOD
16053|6.0|51.0|34.5|0.0|False|False|False|False|0.575|1.0|1.0|1.0|0.8724999999999999|EXCELLENT
16054|6.0|37.0|25.666666666666668|0.0|False|False|False|False|0.6916666666666667|1.0|1.0|1.0|0.9074999999999999|EXCELLENT
16056|13.0|31.0|18.53846153846154|1.0|False|True|False|False|0.7416666666666667|0.9230769230769231|1.0|1.0|0.899423076923077|EXCELLENT
16057|5.0|47.0|28.6|0.0|False|False|False|False|0.6083333333333334|1.0|1.0|1.0|0.8825|EXCELLENT
16058|9.0|42.0|25.666666666666668|1.0|False|True|False|False|0.65|0.8888888888888888|1.0|1.0|0.8616666666666667|EXCELLENT
16059|7.0|43.0|27.428571428571427|0.0|False|False|False|False|0.6416666666666666|1.0|1.0|1.0|0.8925|EXCELLENT
16060|10.0|61.0|25.3|1.0|False|True|False|False|0.4916666666666667|0.9|1.0|1.0|0.8175|GOOD
16061|6.0|69.0|38.0|0.0|False|False|False|False|0.42500000000000004|1.0|1.0|1.0|0.8275|GOOD
16062|7.0|67.0|28.142857142857142|1.0|False|True|False|False|0.44166666666666665|0.8571428571428572|1.0|1.0|0.7896428571428572|GOOD
16063|6.0|70.0|29.83333333333333|0.0|False|False|False|False|0.41666666666666663|1.0|1.0|1.0|0.825|GOOD
16064|6.0|35.0|23.166666666666668|0.0|False|False|False|False|0.7083333333333333|1.0|1.0|1.0|0.9125|EXCELLENT
16065|6.0|33.0|22.666666666666668|0.0|False|False|False|False|0.725|1.0|1.0|1.0|0.9174999999999999|EXCELLENT
16066|12.0|30.0|19.08333333333333|0.0|False|False|False|False|0.75|1.0|1.0|1.0|0.9249999999999999|EXCELLENT
16067|6.0|75.0|34.5|0.0|False|False|False|False|0.375|1.0|1.0|1.0|0.8124999999999999|GOOD
16068|10.0|32.0|21.2|1.0|False|True|False|False|0.7333333333333334|0.9|1.0|1.0|0.89|EXCELLENT
16069|8.0|44.0|25.0|1.0|False|True|False|False|0.6333333333333333|0.875|1.0|1.0|0.8524999999999999|EXCELLENT
16070|9.0|28.0|17.77777777777778|1.0|False|True|False|False|0.7666666666666666|0.8888888888888888|1.0|1.0|0.8966666666666666|EXCELLENT
16071|5.0|26.0|20.8|0.0|False|False|False|False|0.7833333333333333|1.0|1.0|1.0|0.9349999999999999|EXCELLENT
16072|7.0|87.0|35.285714285714285|0.0|True|False|False|False|0.275|1.0|1.0|1.0|0.7825|GOOD
16073|11.0|38.0|25.181818181818183|1.0|False|True|False|False|0.6833333333333333|0.9090909090909091|1.0|1.0|0.8777272727272726|EXCELLENT
16074|6.0|42.0|30.33333333333333|0.0|False|False|False|False|0.65|1.0|1.0|1.0|0.8949999999999999|EXCELLENT
16075|8.0|48.0|23.75|0.0|False|False|False|False|0.6|1.0|1.0|1.0|0.88|EXCELLENT
16076|8.0|39.0|28.875|0.0|False|False|False|False|0.675|1.0|1.0|1.0|0.9025|EXCELLENT
16077|8.0|35.0|20.375|0.0|False|False|False|False|0.7083333333333333|1.0|1.0|1.0|0.9125|EXCELLENT
16078|12.0|23.0|17.25|6.0|False|True|False|False|0.8083333333333333|0.5|1.0|1.0|0.7924999999999999|GOOD
16079|6.0|91.0|30.5|0.0|True|False|False|False|0.2416666666666667|1.0|1.0|1.0|0.7725|GOOD
16080|5.0|78.0|34.4|0.0|False|False|False|False|0.35|1.0|1.0|1.0|0.8049999999999999|GOOD
16081|6.0|48.0|24.166666666666668|0.0|False|False|False|False|0.6|1.0|1.0|1.0|0.88|EXCELLENT
16084|8.0|48.0|30.125|1.0|False|True|False|False|0.6|0.875|1.0|1.0|0.8424999999999999|GOOD
16085|8.0|42.0|19.375|1.0|False|True|False|False|0.65|0.875|1.0|1.0|0.8575|EXCELLENT
16086|10.0|31.0|18.0|1.0|False|True|False|False|0.7416666666666667|0.9|1.0|1.0|0.8925|EXCELLENT
16087|11.0|26.0|16.363636363636363|0.0|False|False|False|False|0.7833333333333333|1.0|1.0|1.0|0.9349999999999999|EXCELLENT
16088|4.0|58.0|38.0|0.0|False|False|False|False|0.5166666666666666|1.0|1.0|1.0|0.8549999999999999|EXCELLENT
16089|10.0|25.0|15.8|0.0|False|False|False|False|0.7916666666666666|1.0|1.0|1.0|0.9374999999999999|EXCELLENT
16091|5.0|33.0|25.2|1.0|False|True|False|False|0.725|0.8|1.0|1.0|0.8575|EXCELLENT
16093|11.0|45.0|23.181818181818183|0.0|False|False|False|False|0.625|1.0|1.0|1.0|0.8875|EXCELLENT
16094|9.0|33.0|21.22222222222222|0.0|False|False|False|False|0.725|1.0|1.0|1.0|0.9174999999999999|EXCELLENT
16095|13.0|73.0|22.846153846153847|1.0|False|True|False|False|0.3916666666666667|0.9230769230769231|1.0|1.0|0.7944230769230769|GOOD
16096|8.0|53.0|24.625|0.0|False|False|False|False|0.5583333333333333|1.0|1.0|1.0|0.8675|EXCELLENT
16097|11.0|55.0|20.09090909090909|0.0|False|False|False|False|0.5416666666666667|1.0|1.0|1.0|0.8624999999999999|EXCELLENT
16098|9.0|26.0|18.33333333333333|2.0|False|True|False|False|0.7833333333333333|0.7777777777777778|1.0|1.0|0.8683333333333333|EXCELLENT
16099|10.0|22.0|15.7|2.0|False|True|False|False|0.8166666666666667|0.8|1.0|1.0|0.8849999999999999|EXCELLENT
16101|12.0|30.0|19.33333333333333|0.0|False|False|False|False|0.75|1.0|1.0|1.0|0.9249999999999999|EXCELLENT
16103|5.0|97.0|41.6|0.0|True|False|False|False|0.19166666666666665|1.0|1.0|1.0|0.7575|GOOD
16104|12.0|35.0|19.58333333333333|1.0|False|True|False|False|0.7083333333333333|0.9166666666666666|1.0|1.0|0.8874999999999998|EXCELLENT
16105|9.0|33.0|22.77777777777778|0.0|False|False|False|False|0.725|1.0|1.0|1.0|0.9174999999999999|EXCELLENT
16106|6.0|58.0|25.83333333333333|1.0|False|True|False|False|0.5166666666666666|0.8333333333333334|1.0|1.0|0.8049999999999999|GOOD
16107|10.0|35.0|19.6|0.0|False|False|False|False|0.7083333333333333|1.0|1.0|1.0|0.9125|EXCELLENT
16108|5.0|40.0|26.6|0.0|False|False|False|False|0.6666666666666667|1.0|1.0|1.0|0.9|EXCELLENT
16109|9.0|62.0|25.666666666666668|0.0|False|False|False|False|0.4833333333333333|1.0|1.0|1.0|0.8449999999999999|GOOD
16110|6.0|59.0|37.333333333333336|0.0|False|False|False|False|0.5083333333333333|1.0|1.0|1.0|0.8524999999999999|EXCELLENT
16111|10.0|58.0|23.4|0.0|False|False|False|False|0.5166666666666666|1.0|1.0|1.0|0.8549999999999999|EXCELLENT
16112|13.0|41.0|19.23076923076923|0.0|False|False|False|False|0.6583333333333333|1.0|1.0|1.0|0.8974999999999999|EXCELLENT
16113|12.0|44.0|20.83333333333333|1.0|False|True|False|False|0.6333333333333333|0.9166666666666666|1.0|1.0|0.8649999999999999|EXCELLENT
16114|5.0|71.0|32.8|0.0|False|False|False|False|0.4083333333333333|1.0|1.0|1.0|0.8224999999999999|GOOD
16115|9.0|37.0|24.33333333333333|0.0|False|False|False|False|0.6916666666666667|1.0|1.0|1.0|0.9074999999999999|EXCELLENT
16116|11.0|25.0|20.363636363636363|0.0|False|False|False|False|0.7916666666666666|1.0|1.0|1.0|0.9374999999999999|EXCELLENT
16118|9.0|35.0|17.22222222222222|0.0|False|False|False|False|0.7083333333333333|1.0|1.0|1.0|0.9125|EXCELLENT
16120|10.0|38.0|24.9|0.0|False|False|False|False|0.6833333333333333|1.0|1.0|1.0|0.9049999999999999|EXCELLENT
16121|11.0|57.0|25.818181818181817|0.0|False|False|False|False|0.525|1.0|1.0|1.0|0.8575|EXCELLENT
16122|13.0|39.0|18.923076923076923|0.0|False|False|False|False|0.675|1.0|1.0|1.0|0.9025|EXCELLENT
16124|9.0|30.0|17.666666666666668|1.0|False|True|False|False|0.75|0.8888888888888888|1.0|1.0|0.8916666666666666|EXCELLENT
16125|12.0|39.0|22.416666666666668|0.0|False|False|False|False|0.675|1.0|1.0|1.0|0.9025|EXCELLENT
16126|5.0|64.0|25.8|0.0|False|False|False|False|0.4666666666666667|1.0|1.0|1.0|0.84|GOOD
16127|4.0|106.0|57.75|0.0|True|False|False|False|0.1166666666666667|1.0|1.0|1.0|0.735|GOOD
16128|7.0|36.0|23.857142857142858|0.0|False|False|False|False|0.7|1.0|1.0|1.0|0.91|EXCELLENT
16129|9.0|26.0|18.0|1.0|False|True|False|False|0.7833333333333333|0.8888888888888888|1.0|1.0|0.9016666666666667|EXCELLENT
16130|9.0|38.0|26.11111111111111|0.0|False|False|False|False|0.6833333333333333|1.0|1.0|1.0|0.9049999999999999|EXCELLENT
16131|5.0|79.0|35.2|0.0|False|False|False|False|0.3416666666666667|1.0|1.0|1.0|0.8024999999999999|GOOD
16132|9.0|60.0|29.22222222222222|0.0|False|False|False|False|0.5|1.0|1.0|1.0|0.85|EXCELLENT
16133|8.0|70.0|32.0|0.0|False|False|False|False|0.41666666666666663|1.0|1.0|1.0|0.825|GOOD
16135|8.0|39.0|26.5|0.0|False|False|False|False|0.675|1.0|1.0|1.0|0.9025|EXCELLENT
16137|7.0|50.0|27.0|0.0|False|False|False|False|0.5833333333333333|1.0|1.0|1.0|0.8749999999999999|EXCELLENT
16139|6.0|66.0|26.33333333333333|0.0|False|False|False|False|0.44999999999999996|1.0|1.0|1.0|0.8349999999999999|GOOD
16140|8.0|37.0|22.75|0.0|False|False|False|False|0.6916666666666667|1.0|1.0|1.0|0.9074999999999999|EXCELLENT
16141|12.0|32.0|17.916666666666668|1.0|False|True|False|False|0.7333333333333334|0.9166666666666666|1.0|1.0|0.8949999999999999|EXCELLENT
16142|12.0|32.0|16.916666666666668|1.0|False|True|False|False|0.7333333333333334|0.9166666666666666|1.0|1.0|0.8949999999999999|EXCELLENT
16143|5.0|26.0|20.0|0.0|False|False|False|False|0.7833333333333333|1.0|1.0|1.0|0.9349999999999999|EXCELLENT
16144|8.0|32.0|20.125|1.0|False|True|False|False|0.7333333333333334|0.875|1.0|1.0|0.8825|EXCELLENT
16145|7.0|43.0|22.571428571428573|0.0|False|False|False|False|0.6416666666666666|1.0|1.0|1.0|0.8925|EXCELLENT
16146|11.0|29.0|20.181818181818183|1.0|False|True|False|False|0.7583333333333333|0.9090909090909091|1.0|1.0|0.9002272727272728|EXCELLENT
16147|10.0|35.0|19.5|0.0|False|False|False|False|0.7083333333333333|1.0|1.0|1.0|0.9125|EXCELLENT
16148|7.0|62.0|36.42857142857143|0.0|False|False|False|False|0.4833333333333333|1.0|1.0|1.0|0.8449999999999999|GOOD
16149|7.0|35.0|22.0|0.0|False|False|False|False|0.7083333333333333|1.0|1.0|1.0|0.9125|EXCELLENT
16150|9.0|35.0|18.444444444444443|0.0|False|False|False|False|0.7083333333333333|1.0|1.0|1.0|0.9125|EXCELLENT
16151|11.0|35.0|20.181818181818183|0.0|False|False|False|False|0.7083333333333333|1.0|1.0|1.0|0.9125|EXCELLENT
16152|8.0|35.0|19.625|1.0|False|True|False|False|0.7083333333333333|0.875|1.0|1.0|0.8749999999999999|EXCELLENT
16153|6.0|63.0|28.166666666666668|1.0|False|True|False|False|0.475|0.8333333333333334|1.0|1.0|0.7924999999999999|GOOD
16156|8.0|31.0|22.75|0.0|False|False|False|False|0.7416666666666667|1.0|1.0|1.0|0.9225|EXCELLENT
16157|8.0|39.0|25.125|0.0|False|False|False|False|0.675|1.0|1.0|1.0|0.9025|EXCELLENT
16158|8.0|33.0|26.375|0.0|False|False|False|False|0.725|1.0|1.0|1.0|0.9174999999999999|EXCELLENT
16159|6.0|41.0|28.166666666666668|0.0|False|False|False|False|0.6583333333333333|1.0|1.0|1.0|0.8974999999999999|EXCELLENT
16160|10.0|37.0|21.8|0.0|False|False|False|False|0.6916666666666667|1.0|1.0|1.0|0.9074999999999999|EXCELLENT
16161|8.0|37.0|27.5|0.0|False|False|False|False|0.6916666666666667|1.0|1.0|1.0|0.9074999999999999|EXCELLENT
16162|7.0|59.0|31.428571428571427|0.0|False|False|False|False|0.5083333333333333|1.0|1.0|1.0|0.8524999999999999|EXCELLENT
16163|9.0|41.0|22.666666666666668|0.0|False|False|False|False|0.6583333333333333|1.0|1.0|1.0|0.8974999999999999|EXCELLENT
16164|6.0|34.0|18.83333333333333|0.0|False|False|False|False|0.7166666666666667|1.0|1.0|1.0|0.9149999999999999|EXCELLENT
16165|7.0|42.0|27.0|0.0|False|False|False|False|0.65|1.0|1.0|1.0|0.8949999999999999|EXCELLENT
16166|9.0|58.0|23.88888888888889|0.0|False|False|False|False|0.5166666666666666|1.0|1.0|1.0|0.8549999999999999|EXCELLENT
16167|6.0|84.0|36.833333333333336|0.0|True|False|False|False|0.30000000000000004|1.0|1.0|1.0|0.7899999999999999|GOOD
16168|14.0|34.0|17.5|3.0|False|True|False|False|0.7166666666666667|0.7857142857142857|1.0|1.0|0.8507142857142856|EXCELLENT
16169|9.0|35.0|21.666666666666668|1.0|False|True|False|False|0.7083333333333333|0.8888888888888888|1.0|1.0|0.8791666666666665|EXCELLENT
16171|8.0|42.0|25.25|0.0|False|False|False|False|0.65|1.0|1.0|1.0|0.8949999999999999|EXCELLENT
16172|9.0|37.0|21.88888888888889|2.0|False|True|False|False|0.6916666666666667|0.7777777777777778|1.0|1.0|0.8408333333333332|GOOD
16173|13.0|50.0|25.46153846153846|0.0|False|False|False|False|0.5833333333333333|1.0|1.0|1.0|0.8749999999999999|EXCELLENT
16174|8.0|36.0|21.875|0.0|False|False|False|False|0.7|1.0|1.0|1.0|0.91|EXCELLENT
16176|8.0|43.0|25.0|0.0|False|False|False|False|0.6416666666666666|1.0|1.0|1.0|0.8925|EXCELLENT
16177|12.0|44.0|20.83333333333333|0.0|False|False|False|False|0.6333333333333333|1.0|1.0|1.0|0.89|EXCELLENT
16178|14.0|42.0|20.714285714285715|1.0|False|True|False|False|0.65|0.9285714285714286|1.0|1.0|0.8735714285714286|EXCELLENT
16179|9.0|61.0|28.33333333333333|0.0|False|False|False|False|0.4916666666666667|1.0|1.0|1.0|0.8475|GOOD
16180|7.0|51.0|30.571428571428573|0.0|False|False|False|False|0.575|1.0|1.0|1.0|0.8724999999999999|EXCELLENT
16181|13.0|45.0|18.307692307692307|0.0|False|False|False|False|0.625|1.0|1.0|1.0|0.8875|EXCELLENT
16183|7.0|55.0|28.285714285714285|0.0|False|False|False|False|0.5416666666666667|1.0|1.0|1.0|0.8624999999999999|EXCELLENT
16184|10.0|41.0|22.5|0.0|False|False|False|False|0.6583333333333333|1.0|1.0|1.0|0.8974999999999999|EXCELLENT
16185|8.0|51.0|28.25|0.0|False|False|False|False|0.575|1.0|1.0|1.0|0.8724999999999999|EXCELLENT
16187|8.0|44.0|23.875|0.0|False|False|False|False|0.6333333333333333|1.0|1.0|1.0|0.89|EXCELLENT
16188|9.0|99.0|29.55555555555556|0.0|True|False|False|False|0.17500000000000004|1.0|1.0|1.0|0.7525|GOOD
16191|6.0|66.0|30.166666666666668|0.0|False|False|False|False|0.44999999999999996|1.0|1.0|1.0|0.8349999999999999|GOOD
16194|7.0|62.0|30.857142857142858|1.0|False|True|False|False|0.4833333333333333|0.8571428571428572|1.0|1.0|0.8021428571428572|GOOD
16197|9.0|31.0|18.55555555555556|0.0|False|False|False|False|0.7416666666666667|1.0|1.0|1.0|0.9225|EXCELLENT
16199|11.0|36.0|20.454545454545453|1.0|False|True|False|False|0.7|0.9090909090909091|1.0|1.0|0.8827272727272727|EXCELLENT
16200|11.0|35.0|17.545454545454547|0.0|False|False|False|False|0.7083333333333333|1.0|1.0|1.0|0.9125|EXCELLENT
16201|10.0|37.0|16.5|1.0|False|True|False|False|0.6916666666666667|0.9|1.0|1.0|0.8775000000000001|EXCELLENT
16202|14.0|33.0|17.5|0.0|False|False|False|False|0.725|1.0|1.0|1.0|0.9174999999999999|EXCELLENT
16203|11.0|42.0|16.545454545454547|1.0|False|True|False|False|0.65|0.9090909090909091|1.0|1.0|0.8677272727272727|EXCELLENT
16204|10.0|39.0|24.0|0.0|False|False|False|False|0.675|1.0|1.0|1.0|0.9025|EXCELLENT
16206|4.0|62.0|32.25|0.0|False|False|False|False|0.4833333333333333|1.0|1.0|1.0|0.8449999999999999|GOOD
16207|7.0|71.0|31.714285714285715|0.0|False|False|False|False|0.4083333333333333|1.0|1.0|1.0|0.8224999999999999|GOOD
16209|11.0|35.0|20.727272727272727|0.0|False|False|False|False|0.7083333333333333|1.0|1.0|1.0|0.9125|EXCELLENT
16212|11.0|33.0|21.181818181818183|0.0|False|False|False|False|0.725|1.0|1.0|1.0|0.9174999999999999|EXCELLENT
16213|12.0|43.0|19.916666666666668|0.0|False|False|False|False|0.6416666666666666|1.0|1.0|1.0|0.8925|EXCELLENT
16214|15.0|40.0|21.466666666666665|0.0|False|False|False|False|0.6666666666666667|1.0|1.0|1.0|0.9|EXCELLENT
16215|9.0|48.0|25.33333333333333|0.0|False|False|False|False|0.6|1.0|1.0|1.0|0.88|EXCELLENT
16216|10.0|44.0|26.8|1.0|False|True|False|False|0.6333333333333333|0.9|1.0|1.0|0.86|EXCELLENT
16217|6.0|87.0|30.5|0.0|True|False|False|False|0.275|1.0|1.0|1.0|0.7825|GOOD
16218|9.0|30.0|21.55555555555556|0.0|False|False|False|False|0.75|1.0|1.0|1.0|0.9249999999999999|EXCELLENT
16219|9.0|43.0|23.444444444444443|0.0|False|False|False|False|0.6416666666666666|1.0|1.0|1.0|0.8925|EXCELLENT
16220|6.0|38.0|21.5|0.0|False|False|False|False|0.6833333333333333|1.0|1.0|1.0|0.9049999999999999|EXCELLENT
16221|8.0|40.0|24.0|0.0|False|False|False|False|0.6666666666666667|1.0|1.0|1.0|0.9|EXCELLENT
16222|10.0|34.0|21.0|0.0|False|False|False|False|0.7166666666666667|1.0|1.0|1.0|0.9149999999999999|EXCELLENT
16223|4.0|41.0|30.0|0.0|False|False|False|False|0.6583333333333333|1.0|1.0|1.0|0.8974999999999999|EXCELLENT
16224|15.0|23.0|16.466666666666665|0.0|False|False|False|False|0.8083333333333333|1.0|1.0|1.0|0.9425|EXCELLENT
16226|9.0|49.0|26.88888888888889|1.0|False|True|False|False|0.5916666666666667|0.8888888888888888|1.0|1.0|0.8441666666666666|GOOD
16227|13.0|39.0|19.153846153846157|0.0|False|False|False|False|0.675|1.0|1.0|1.0|0.9025|EXCELLENT
16228|9.0|101.0|34.666666666666664|0.0|True|False|False|False|0.15833333333333333|1.0|1.0|1.0|0.7474999999999999|GOOD
16230|10.0|51.0|22.9|1.0|False|True|False|False|0.575|0.9|1.0|1.0|0.8424999999999999|GOOD
16231|8.0|22.0|15.125|1.0|False|True|False|False|0.8166666666666667|0.875|1.0|1.0|0.9075000000000001|EXCELLENT
16232|12.0|35.0|16.5|2.0|False|True|False|False|0.7083333333333333|0.8333333333333334|1.0|1.0|0.8624999999999999|EXCELLENT
16233|8.0|76.0|32.5|0.0|False|False|False|False|0.3666666666666667|1.0|1.0|1.0|0.8099999999999999|GOOD
16234|8.0|83.0|32.625|1.0|True|True|False|False|0.30833333333333335|0.875|1.0|1.0|0.755|GOOD
16235|8.0|50.0|29.875|0.0|False|False|False|False|0.5833333333333333|1.0|1.0|1.0|0.8749999999999999|EXCELLENT
16236|11.0|91.0|26.181818181818183|0.0|True|False|False|False|0.2416666666666667|1.0|1.0|1.0|0.7725|GOOD
16241|6.0|48.0|23.666666666666668|0.0|False|False|False|False|0.6|1.0|1.0|1.0|0.88|EXCELLENT
16246|10.0|45.0|23.7|0.0|False|False|False|False|0.625|1.0|1.0|1.0|0.8875|EXCELLENT
16263|12.0|78.0|29.416666666666668|0.0|False|False|False|False|0.35|1.0|1.0|1.0|0.8049999999999999|GOOD
16264|12.0|70.0|28.166666666666668|0.0|False|False|False|False|0.41666666666666663|1.0|1.0|1.0|0.825|GOOD
16265|15.0|37.0|18.73333333333333|4.0|False|True|False|False|0.6916666666666667|0.7333333333333334|1.0|1.0|0.8275|GOOD
16266|16.0|65.0|24.1875|3.0|False|True|False|False|0.45833333333333337|0.8125|1.0|1.0|0.7812499999999999|GOOD
16269|9.0|43.0|25.77777777777778|0.0|False|False|False|False|0.6416666666666666|1.0|1.0|1.0|0.8925|EXCELLENT
16270|13.0|42.0|25.53846153846154|2.0|False|True|False|False|0.65|0.8461538461538461|1.0|1.0|0.8488461538461538|GOOD
16273|12.0|49.0|25.33333333333333|1.0|False|True|False|False|0.5916666666666667|0.9166666666666666|1.0|1.0|0.8524999999999999|EXCELLENT
16274|20.0|35.0|21.7|0.0|False|False|False|False|0.7083333333333333|1.0|1.0|1.0|0.9125|EXCELLENT
16296|13.0|103.0|22.53846153846154|1.0|True|True|False|False|0.14166666666666672|0.9230769230769231|1.0|1.0|0.7194230769230769|GOOD
16297|15.0|68.0|25.53333333333333|0.0|False|False|False|False|0.43333333333333335|1.0|1.0|1.0|0.83|GOOD
16301|12.0|41.0|25.75|0.0|False|False|False|False|0.6583333333333333|1.0|1.0|1.0|0.8974999999999999|EXCELLENT
16303|9.0|34.0|23.77777777777778|0.0|False|False|False|False|0.7166666666666667|1.0|1.0|1.0|0.9149999999999999|EXCELLENT
16304|9.0|43.0|22.88888888888889|0.0|False|False|False|False|0.6416666666666666|1.0|1.0|1.0|0.8925|EXCELLENT
16306|8.0|75.0|23.5|1.0|False|True|False|False|0.375|0.875|1.0|1.0|0.775|GOOD
16307|13.0|56.0|25.692307692307693|1.0|False|True|False|False|0.5333333333333333|0.9230769230769231|1.0|1.0|0.836923076923077|GOOD
16309|9.0|52.0|26.33333333333333|0.0|False|False|False|False|0.5666666666666667|1.0|1.0|1.0|0.87|EXCELLENT
16310|15.0|41.0|22.53333333333333|0.0|False|False|False|False|0.6583333333333333|1.0|1.0|1.0|0.8974999999999999|EXCELLENT
16312|7.0|42.0|21.0|0.0|False|False|False|False|0.65|1.0|1.0|1.0|0.8949999999999999|EXCELLENT
16332|11.0|45.0|21.545454545454547|11.0|False|True|False|False|0.625|0.0|1.0|1.0|0.5875|FAIR
16334|9.0|32.0|21.11111111111111|0.0|False|False|False|False|0.7333333333333334|1.0|1.0|1.0|0.92|EXCELLENT
16338|22.0|67.0|22.272727272727277|22.0|False|True|False|False|0.44166666666666665|0.0|1.0|1.0|0.5325|FAIR
16340|17.0|53.0|21.058823529411764|17.0|False|True|False|False|0.5583333333333333|0.0|1.0|1.0|0.5675|FAIR
16343|9.0|44.0|29.22222222222222|1.0|False|True|False|False|0.6333333333333333|0.8888888888888888|1.0|1.0|0.8566666666666666|EXCELLENT
16348|10.0|65.0|32.2|10.0|False|True|False|False|0.45833333333333337|0.0|1.0|1.0|0.5375|FAIR
16352|8.0|37.0|22.625|8.0|False|True|False|False|0.6916666666666667|0.0|1.0|1.0|0.6074999999999999|FAIR
16354|15.0|37.0|20.866666666666667|15.0|False|True|False|False|0.6916666666666667|0.0|1.0|1.0|0.6074999999999999|FAIR
16355|12.0|57.0|21.25|12.0|False|True|False|False|0.525|0.0|1.0|1.0|0.5575|FAIR
16356|13.0|61.0|29.0|13.0|False|True|False|False|0.4916666666666667|0.0|1.0|1.0|0.5475|FAIR
16357|18.0|98.0|27.33333333333333|0.0|True|False|False|False|0.18333333333333335|1.0|1.0|1.0|0.755|GOOD
16361|5.0|38.0|28.2|0.0|False|False|False|False|0.6833333333333333|1.0|1.0|1.0|0.9049999999999999|EXCELLENT
16362|15.0|48.0|20.466666666666665|15.0|False|True|False|False|0.6|0.0|1.0|1.0|0.58|FAIR
16363|12.0|51.0|27.58333333333333|0.0|False|False|False|False|0.575|1.0|1.0|1.0|0.8724999999999999|EXCELLENT
16387|5.0|94.0|35.8|0.0|True|False|False|False|0.21666666666666667|1.0|1.0|1.0|0.765|GOOD
16389|8.0|66.0|28.125|0.0|False|False|False|False|0.44999999999999996|1.0|1.0|1.0|0.8349999999999999|GOOD
16392|11.0|46.0|22.181818181818183|0.0|False|False|False|False|0.6166666666666667|1.0|1.0|1.0|0.8849999999999999|EXCELLENT
16394|12.0|61.0|25.08333333333333|1.0|False|True|False|False|0.4916666666666667|0.9166666666666666|1.0|1.0|0.8224999999999999|GOOD
16395|8.0|41.0|26.875|0.0|False|False|False|False|0.6583333333333333|1.0|1.0|1.0|0.8974999999999999|EXCELLENT
16396|13.0|34.0|17.153846153846153|3.0|False|True|False|False|0.7166666666666667|0.7692307692307692|1.0|1.0|0.8457692307692307|GOOD
16397|13.0|42.0|21.615384615384617|2.0|False|True|False|False|0.65|0.8461538461538461|1.0|1.0|0.8488461538461538|GOOD
16398|12.0|53.0|23.916666666666668|1.0|False|True|False|False|0.5583333333333333|0.9166666666666666|1.0|1.0|0.8424999999999999|GOOD
16399|11.0|40.0|24.818181818181817|2.0|False|True|False|False|0.6666666666666667|0.8181818181818181|1.0|1.0|0.8454545454545453|GOOD
16400|6.0|97.0|39.833333333333336|0.0|True|False|False|False|0.19166666666666665|1.0|1.0|1.0|0.7575|GOOD
16402|9.0|38.0|26.22222222222222|0.0|False|False|False|False|0.6833333333333333|1.0|1.0|1.0|0.9049999999999999|EXCELLENT
16403|10.0|48.0|25.3|0.0|False|False|False|False|0.6|1.0|1.0|1.0|0.88|EXCELLENT
16404|8.0|43.0|24.75|0.0|False|False|False|False|0.6416666666666666|1.0|1.0|1.0|0.8925|EXCELLENT
16405|10.0|72.0|25.1|0.0|False|False|False|False|0.4|1.0|1.0|1.0|0.82|GOOD
16406|11.0|46.0|22.90909090909091|0.0|False|False|False|False|0.6166666666666667|1.0|1.0|1.0|0.8849999999999999|EXCELLENT
16407|12.0|48.0|19.83333333333333|0.0|False|False|False|False|0.6|1.0|1.0|1.0|0.88|EXCELLENT
16408|12.0|52.0|23.58333333333333|0.0|False|False|False|False|0.5666666666666667|1.0|1.0|1.0|0.87|EXCELLENT
16409|12.0|34.0|16.75|3.0|False|True|False|False|0.7166666666666667|0.75|1.0|1.0|0.84|GOOD
16410|9.0|44.0|27.88888888888889|1.0|False|True|False|False|0.6333333333333333|0.8888888888888888|1.0|1.0|0.8566666666666666|EXCELLENT
16411|13.0|32.0|20.384615384615383|0.0|False|False|False|False|0.7333333333333334|1.0|1.0|1.0|0.92|EXCELLENT
16412|15.0|49.0|20.866666666666667|1.0|False|True|False|False|0.5916666666666667|0.9333333333333333|1.0|1.0|0.8574999999999999|EXCELLENT
16413|13.0|48.0|27.307692307692307|0.0|False|False|False|False|0.6|1.0|1.0|1.0|0.88|EXCELLENT
16415|8.0|52.0|27.875|1.0|False|True|False|False|0.5666666666666667|0.875|1.0|1.0|0.8324999999999999|GOOD
16417|6.0|95.0|44.0|1.0|True|True|False|False|0.20833333333333337|0.8333333333333334|1.0|1.0|0.7125|GOOD
16422|7.0|65.0|30.571428571428573|0.0|False|False|False|False|0.45833333333333337|1.0|1.0|1.0|0.8375|GOOD
16427|12.0|46.0|20.58333333333333|0.0|False|False|False|False|0.6166666666666667|1.0|1.0|1.0|0.8849999999999999|EXCELLENT
16428|13.0|69.0|29.07692307692308|0.0|False|False|False|False|0.42500000000000004|1.0|1.0|1.0|0.8275|GOOD
16429|5.0|77.0|40.0|0.0|False|False|False|False|0.3583333333333333|1.0|1.0|1.0|0.8075|GOOD
16431|10.0|45.0|24.3|1.0|False|True|False|False|0.625|0.9|1.0|1.0|0.8575|EXCELLENT
16432|14.0|51.0|19.785714285714285|1.0|False|True|False|False|0.575|0.9285714285714286|1.0|1.0|0.8510714285714286|EXCELLENT
16433|9.0|46.0|26.77777777777778|1.0|False|True|False|False|0.6166666666666667|0.8888888888888888|1.0|1.0|0.8516666666666667|EXCELLENT
16434|12.0|39.0|21.5|0.0|False|False|False|False|0.675|1.0|1.0|1.0|0.9025|EXCELLENT
16435|8.0|101.0|28.25|0.0|True|False|False|False|0.15833333333333333|1.0|1.0|1.0|0.7474999999999999|GOOD
16436|8.0|77.0|34.875|1.0|False|True|False|False|0.3583333333333333|0.875|1.0|1.0|0.7699999999999999|GOOD
16437|8.0|54.0|28.5|0.0|False|False|False|False|0.55|1.0|1.0|1.0|0.8649999999999999|EXCELLENT
16439|13.0|101.0|34.46153846153846|1.0|True|True|False|False|0.15833333333333333|0.9230769230769231|1.0|1.0|0.724423076923077|GOOD
16440|14.0|41.0|21.142857142857142|3.0|False|True|False|False|0.6583333333333333|0.7857142857142857|1.0|1.0|0.8332142857142856|GOOD
16441|10.0|58.0|30.4|1.0|False|True|False|False|0.5166666666666666|0.9|1.0|1.0|0.825|GOOD
16442|11.0|41.0|24.181818181818183|0.0|False|False|False|False|0.6583333333333333|1.0|1.0|1.0|0.8974999999999999|EXCELLENT
16443|15.0|30.0|18.266666666666666|2.0|False|True|False|False|0.75|0.8666666666666667|1.0|1.0|0.8849999999999999|EXCELLENT
16444|15.0|53.0|22.33333333333333|0.0|False|False|False|False|0.5583333333333333|1.0|1.0|1.0|0.8675|EXCELLENT
16445|11.0|42.0|24.818181818181817|0.0|False|False|False|False|0.65|1.0|1.0|1.0|0.8949999999999999|EXCELLENT
16446|10.0|49.0|26.4|0.0|False|False|False|False|0.5916666666666667|1.0|1.0|1.0|0.8775|EXCELLENT
16447|9.0|55.0|31.33333333333333|0.0|False|False|False|False|0.5416666666666667|1.0|1.0|1.0|0.8624999999999999|EXCELLENT
16448|13.0|43.0|21.07692307692308|3.0|False|True|False|False|0.6416666666666666|0.7692307692307692|1.0|1.0|0.8232692307692308|GOOD
16449|8.0|91.0|35.375|0.0|True|False|False|False|0.2416666666666667|1.0|1.0|1.0|0.7725|GOOD
16450|12.0|64.0|26.33333333333333|1.0|False|True|False|False|0.4666666666666667|0.9166666666666666|1.0|1.0|0.8149999999999998|GOOD
16451|11.0|79.0|31.0|2.0|False|True|False|False|0.3416666666666667|0.8181818181818181|1.0|1.0|0.7479545454545454|GOOD
16453|4.0|85.0|46.5|1.0|True|True|False|False|0.29166666666666663|0.75|1.0|1.0|0.7124999999999999|GOOD
16454|6.0|94.0|42.16666666666666|0.0|True|False|False|False|0.21666666666666667|1.0|1.0|1.0|0.765|GOOD
16455|8.0|47.0|27.875|0.0|False|False|False|False|0.6083333333333334|1.0|1.0|1.0|0.8825|EXCELLENT
16458|9.0|56.0|34.55555555555556|1.0|False|True|False|False|0.5333333333333333|0.8888888888888888|1.0|1.0|0.8266666666666665|GOOD
16459|6.0|45.0|35.166666666666664|0.0|False|False|False|False|0.625|1.0|1.0|1.0|0.8875|EXCELLENT
16460|5.0|92.0|39.4|0.0|True|False|False|False|0.23333333333333328|1.0|1.0|1.0|0.7699999999999999|GOOD
16461|11.0|38.0|24.454545454545453|0.0|False|False|False|False|0.6833333333333333|1.0|1.0|1.0|0.9049999999999999|EXCELLENT
16462|7.0|34.0|26.0|0.0|False|False|False|False|0.7166666666666667|1.0|1.0|1.0|0.9149999999999999|EXCELLENT
16463|7.0|67.0|26.0|1.0|False|True|False|False|0.44166666666666665|0.8571428571428572|1.0|1.0|0.7896428571428572|GOOD
16464|7.0|33.0|19.0|0.0|False|False|False|False|0.725|1.0|1.0|1.0|0.9174999999999999|EXCELLENT
16466|6.0|43.0|20.83333333333333|0.0|False|False|False|False|0.6416666666666666|1.0|1.0|1.0|0.8925|EXCELLENT
16468|9.0|33.0|22.11111111111111|0.0|False|False|False|False|0.725|1.0|1.0|1.0|0.9174999999999999|EXCELLENT
16470|10.0|49.0|27.4|0.0|False|False|False|False|0.5916666666666667|1.0|1.0|1.0|0.8775|EXCELLENT
16471|10.0|72.0|23.2|0.0|False|False|False|False|0.4|1.0|1.0|1.0|0.82|GOOD
16472|9.0|34.0|20.22222222222222|0.0|False|False|False|False|0.7166666666666667|1.0|1.0|1.0|0.9149999999999999|EXCELLENT
16473|9.0|46.0|20.22222222222222|0.0|False|False|False|False|0.6166666666666667|1.0|1.0|1.0|0.8849999999999999|EXCELLENT
16474|10.0|45.0|25.1|1.0|False|True|False|False|0.625|0.9|1.0|1.0|0.8575|EXCELLENT
16475|11.0|29.0|18.0|0.0|False|False|False|False|0.7583333333333333|1.0|1.0|1.0|0.9274999999999999|EXCELLENT
16476|8.0|47.0|20.375|1.0|False|True|False|False|0.6083333333333334|0.875|1.0|1.0|0.8450000000000001|GOOD
16477|8.0|29.0|21.75|0.0|False|False|False|False|0.7583333333333333|1.0|1.0|1.0|0.9274999999999999|EXCELLENT
16478|8.0|30.0|22.25|0.0|False|False|False|False|0.75|1.0|1.0|1.0|0.9249999999999999|EXCELLENT
16479|12.0|38.0|22.08333333333333|0.0|False|False|False|False|0.6833333333333333|1.0|1.0|1.0|0.9049999999999999|EXCELLENT
16480|9.0|42.0|25.88888888888889|1.0|False|True|False|False|0.65|0.8888888888888888|1.0|1.0|0.8616666666666667|EXCELLENT
16483|9.0|31.0|21.77777777777778|0.0|False|False|False|False|0.7416666666666667|1.0|1.0|1.0|0.9225|EXCELLENT
16484|11.0|38.0|21.181818181818183|1.0|False|True|False|False|0.6833333333333333|0.9090909090909091|1.0|1.0|0.8777272727272726|EXCELLENT
16485|7.0|87.0|35.285714285714285|0.0|True|False|False|False|0.275|1.0|1.0|1.0|0.7825|GOOD
16490|8.0|50.0|29.125|0.0|False|False|False|False|0.5833333333333333|1.0|1.0|1.0|0.8749999999999999|EXCELLENT
16491|6.0|43.0|26.33333333333333|0.0|False|False|False|False|0.6416666666666666|1.0|1.0|1.0|0.8925|EXCELLENT
16492|9.0|30.0|19.55555555555556|0.0|False|False|False|False|0.75|1.0|1.0|1.0|0.9249999999999999|EXCELLENT
16493|6.0|47.0|26.0|0.0|False|False|False|False|0.6083333333333334|1.0|1.0|1.0|0.8825|EXCELLENT
16494|11.0|56.0|22.181818181818183|1.0|False|True|False|False|0.5333333333333333|0.9090909090909091|1.0|1.0|0.8327272727272726|GOOD
16495|9.0|61.0|28.33333333333333|0.0|False|False|False|False|0.4916666666666667|1.0|1.0|1.0|0.8475|GOOD
16496|7.0|33.0|18.714285714285715|0.0|False|False|False|False|0.725|1.0|1.0|1.0|0.9174999999999999|EXCELLENT
16497|10.0|29.0|19.1|0.0|False|False|False|False|0.7583333333333333|1.0|1.0|1.0|0.9274999999999999|EXCELLENT
16498|10.0|33.0|16.6|3.0|False|True|False|False|0.725|0.7|1.0|1.0|0.8275|GOOD
16499|8.0|53.0|24.5|0.0|False|False|False|False|0.5583333333333333|1.0|1.0|1.0|0.8675|EXCELLENT
16500|10.0|35.0|18.4|0.0|False|False|False|False|0.7083333333333333|1.0|1.0|1.0|0.9125|EXCELLENT
16502|7.0|38.0|21.428571428571427|0.0|False|False|False|False|0.6833333333333333|1.0|1.0|1.0|0.9049999999999999|EXCELLENT
16503|9.0|50.0|24.88888888888889|1.0|False|True|False|False|0.5833333333333333|0.8888888888888888|1.0|1.0|0.8416666666666667|GOOD
16504|10.0|29.0|18.8|1.0|False|True|False|False|0.7583333333333333|0.9|1.0|1.0|0.8975|EXCELLENT
16505|9.0|37.0|20.0|0.0|False|False|False|False|0.6916666666666667|1.0|1.0|1.0|0.9074999999999999|EXCELLENT
16507|8.0|51.0|27.75|0.0|False|False|False|False|0.575|1.0|1.0|1.0|0.8724999999999999|EXCELLENT
16508|8.0|37.0|23.375|1.0|False|True|False|False|0.6916666666666667|0.875|1.0|1.0|0.87|EXCELLENT
16509|10.0|47.0|23.6|1.0|False|True|False|False|0.6083333333333334|0.9|1.0|1.0|0.8524999999999999|EXCELLENT
16510|7.0|39.0|26.0|0.0|False|False|False|False|0.675|1.0|1.0|1.0|0.9025|EXCELLENT
16511|8.0|66.0|30.375|1.0|False|True|False|False|0.44999999999999996|0.875|1.0|1.0|0.7975|GOOD
16514|10.0|25.0|16.4|0.0|False|False|False|False|0.7916666666666666|1.0|1.0|1.0|0.9374999999999999|EXCELLENT
16515|8.0|91.0|29.5|1.0|True|True|False|False|0.2416666666666667|0.875|1.0|1.0|0.735|GOOD
16517|6.0|55.0|24.5|0.0|False|False|False|False|0.5416666666666667|1.0|1.0|1.0|0.8624999999999999|EXCELLENT
16519|9.0|46.0|20.33333333333333|1.0|False|True|False|False|0.6166666666666667|0.8888888888888888|1.0|1.0|0.8516666666666667|EXCELLENT
16520|7.0|41.0|19.428571428571427|0.0|False|False|False|False|0.6583333333333333|1.0|1.0|1.0|0.8974999999999999|EXCELLENT
16521|10.0|46.0|21.5|1.0|False|True|False|False|0.6166666666666667|0.9|1.0|1.0|0.855|EXCELLENT
16522|12.0|31.0|20.75|1.0|False|True|False|False|0.7416666666666667|0.9166666666666666|1.0|1.0|0.8974999999999999|EXCELLENT
16524|8.0|44.0|22.25|0.0|False|False|False|False|0.6333333333333333|1.0|1.0|1.0|0.89|EXCELLENT
16525|7.0|43.0|25.857142857142858|1.0|False|True|False|False|0.6416666666666666|0.8571428571428572|1.0|1.0|0.849642857142857|GOOD
16526|9.0|103.0|33.333333333333336|9.0|True|True|False|False|0.14166666666666672|0.0|1.0|1.0|0.4425|POOR
16527|8.0|65.0|32.5|8.0|False|True|False|False|0.45833333333333337|0.0|1.0|1.0|0.5375|FAIR
16528|14.0|64.0|22.357142857142858|14.0|False|True|False|False|0.4666666666666667|0.0|1.0|1.0|0.5399999999999999|FAIR
16529|8.0|68.0|33.0|8.0|False|True|False|False|0.43333333333333335|0.0|1.0|1.0|0.53|FAIR
16530|12.0|45.0|26.58333333333333|2.0|False|True|False|False|0.625|0.8333333333333334|1.0|1.0|0.8375|GOOD
16531|15.0|51.0|24.53333333333333|0.0|False|False|False|False|0.575|1.0|1.0|1.0|0.8724999999999999|EXCELLENT
16534|10.0|31.0|21.6|1.0|False|True|False|False|0.7416666666666667|0.9|1.0|1.0|0.8925|EXCELLENT
16536|16.0|50.0|19.75|0.0|False|False|False|False|0.5833333333333333|1.0|1.0|1.0|0.8749999999999999|EXCELLENT
16540|10.0|66.0|25.0|2.0|False|True|False|False|0.44999999999999996|0.8|1.0|1.0|0.775|GOOD
16542|10.0|38.0|23.9|0.0|False|False|False|False|0.6833333333333333|1.0|1.0|1.0|0.9049999999999999|EXCELLENT
16544|14.0|54.0|25.0|2.0|False|True|False|False|0.55|0.8571428571428572|1.0|1.0|0.8221428571428572|GOOD
16546|20.0|32.0|16.6|1.0|False|True|False|False|0.7333333333333334|0.95|1.0|1.0|0.9049999999999999|EXCELLENT
16547|11.0|33.0|19.545454545454547|1.0|False|True|False|False|0.725|0.9090909090909091|1.0|1.0|0.8902272727272728|EXCELLENT
16549|14.0|25.0|16.714285714285715|2.0|False|True|False|False|0.7916666666666666|0.8571428571428572|1.0|1.0|0.8946428571428572|EXCELLENT
16550|9.0|75.0|29.88888888888889|1.0|False|True|False|False|0.375|0.8888888888888888|1.0|1.0|0.7791666666666667|GOOD
16553|11.0|47.0|25.181818181818183|0.0|False|False|False|False|0.6083333333333334|1.0|1.0|1.0|0.8825|EXCELLENT
16555|9.0|36.0|23.77777777777778|0.0|False|False|False|False|0.7|1.0|1.0|1.0|0.91|EXCELLENT
16564|16.0|50.0|21.625|3.0|False|True|False|False|0.5833333333333333|0.8125|1.0|1.0|0.81875|GOOD
16565|11.0|51.0|24.454545454545453|0.0|False|False|False|False|0.575|1.0|1.0|1.0|0.8724999999999999|EXCELLENT
16566|8.0|49.0|33.125|0.0|False|False|False|False|0.5916666666666667|1.0|1.0|1.0|0.8775|EXCELLENT
16567|11.0|45.0|24.727272727272727|0.0|False|False|False|False|0.625|1.0|1.0|1.0|0.8875|EXCELLENT
16574|7.0|34.0|18.285714285714285|1.0|False|True|False|False|0.7166666666666667|0.8571428571428572|1.0|1.0|0.8721428571428572|EXCELLENT
16575|12.0|46.0|23.916666666666668|1.0|False|True|False|False|0.6166666666666667|0.9166666666666666|1.0|1.0|0.86|EXCELLENT
16576|10.0|34.0|20.0|3.0|False|True|False|False|0.7166666666666667|0.7|1.0|1.0|0.825|GOOD
16577|15.0|42.0|19.73333333333333|1.0|False|True|False|False|0.65|0.9333333333333333|1.0|1.0|0.8749999999999999|EXCELLENT
16578|13.0|38.0|23.615384615384617|0.0|False|False|False|False|0.6833333333333333|1.0|1.0|1.0|0.9049999999999999|EXCELLENT
16584|10.0|29.0|20.3|1.0|False|True|False|False|0.7583333333333333|0.9|1.0|1.0|0.8975|EXCELLENT
16585|6.0|93.0|34.0|0.0|True|False|False|False|0.22499999999999998|1.0|1.0|1.0|0.7675|GOOD
16586|12.0|36.0|22.5|0.0|False|False|False|False|0.7|1.0|1.0|1.0|0.91|EXCELLENT
16587|9.0|90.0|27.11111111111111|0.0|True|False|False|False|0.25|1.0|1.0|1.0|0.775|GOOD
16588|7.0|30.0|21.714285714285715|0.0|False|False|False|False|0.75|1.0|1.0|1.0|0.9249999999999999|EXCELLENT
16589|8.0|37.0|22.5|8.0|False|True|False|False|0.6916666666666667|0.0|1.0|1.0|0.6074999999999999|FAIR
16590|10.0|37.0|19.8|0.0|False|False|False|False|0.6916666666666667|1.0|1.0|1.0|0.9074999999999999|EXCELLENT
16591|7.0|49.0|29.0|0.0|False|False|False|False|0.5916666666666667|1.0|1.0|1.0|0.8775|EXCELLENT
16592|12.0|44.0|20.83333333333333|0.0|False|False|False|False|0.6333333333333333|1.0|1.0|1.0|0.89|EXCELLENT
16594|7.0|35.0|22.0|0.0|False|False|False|False|0.7083333333333333|1.0|1.0|1.0|0.9125|EXCELLENT
16595|5.0|63.0|39.4|0.0|False|False|False|False|0.475|1.0|1.0|1.0|0.8424999999999999|GOOD
16596|8.0|69.0|29.25|0.0|False|False|False|False|0.42500000000000004|1.0|1.0|1.0|0.8275|GOOD
16597|8.0|46.0|18.75|0.0|False|False|False|False|0.6166666666666667|1.0|1.0|1.0|0.8849999999999999|EXCELLENT
16598|9.0|65.0|25.444444444444443|0.0|False|False|False|False|0.45833333333333337|1.0|1.0|1.0|0.8375|GOOD
16599|6.0|104.0|39.333333333333336|0.0|True|False|False|False|0.1333333333333333|1.0|1.0|1.0|0.7399999999999999|GOOD
16600|6.0|72.0|38.333333333333336|0.0|False|False|False|False|0.4|1.0|1.0|1.0|0.82|GOOD
16601|6.0|42.0|26.5|0.0|False|False|False|False|0.65|1.0|1.0|1.0|0.8949999999999999|EXCELLENT
16604|7.0|27.0|19.857142857142858|0.0|False|False|False|False|0.775|1.0|1.0|1.0|0.9325|EXCELLENT
16607|5.0|85.0|42.2|0.0|True|False|False|False|0.29166666666666663|1.0|1.0|1.0|0.7875|GOOD
16608|5.0|108.0|40.8|0.0|True|False|False|False|0.09999999999999998|1.0|1.0|1.0|0.7299999999999999|GOOD
16609|12.0|46.0|19.5|0.0|False|False|False|False|0.6166666666666667|1.0|1.0|1.0|0.8849999999999999|EXCELLENT
16610|9.0|49.0|25.55555555555556|0.0|False|False|False|False|0.5916666666666667|1.0|1.0|1.0|0.8775|EXCELLENT
16611|7.0|53.0|23.857142857142858|0.0|False|False|False|False|0.5583333333333333|1.0|1.0|1.0|0.8675|EXCELLENT
16612|7.0|49.0|33.142857142857146|0.0|False|False|False|False|0.5916666666666667|1.0|1.0|1.0|0.8775|EXCELLENT
16613|10.0|37.0|22.5|0.0|False|False|False|False|0.6916666666666667|1.0|1.0|1.0|0.9074999999999999|EXCELLENT
16614|6.0|32.0|24.0|0.0|False|False|False|False|0.7333333333333334|1.0|1.0|1.0|0.92|EXCELLENT
16615|11.0|77.0|21.0|1.0|False|True|False|False|0.3583333333333333|0.9090909090909091|1.0|1.0|0.7802272727272727|GOOD
16617|9.0|31.0|20.22222222222222|0.0|False|False|False|False|0.7416666666666667|1.0|1.0|1.0|0.9225|EXCELLENT
16618|7.0|52.0|28.571428571428573|0.0|False|False|False|False|0.5666666666666667|1.0|1.0|1.0|0.87|EXCELLENT
16619|10.0|48.0|22.8|0.0|False|False|False|False|0.6|1.0|1.0|1.0|0.88|EXCELLENT
16620|7.0|45.0|29.857142857142858|0.0|False|False|False|False|0.625|1.0|1.0|1.0|0.8875|EXCELLENT
16621|10.0|54.0|22.7|1.0|False|True|False|False|0.55|0.9|1.0|1.0|0.8350000000000001|GOOD
16622|7.0|52.0|33.285714285714285|0.0|False|False|False|False|0.5666666666666667|1.0|1.0|1.0|0.87|EXCELLENT
16623|7.0|33.0|25.0|0.0|False|False|False|False|0.725|1.0|1.0|1.0|0.9174999999999999|EXCELLENT
16624|8.0|73.0|34.125|0.0|False|False|False|False|0.3916666666666667|1.0|1.0|1.0|0.8175|GOOD
16625|5.0|51.0|28.8|0.0|False|False|False|False|0.575|1.0|1.0|1.0|0.8724999999999999|EXCELLENT
16626|10.0|53.0|27.2|0.0|False|False|False|False|0.5583333333333333|1.0|1.0|1.0|0.8675|EXCELLENT
16627|9.0|32.0|19.88888888888889|1.0|False|True|False|False|0.7333333333333334|0.8888888888888888|1.0|1.0|0.8866666666666666|EXCELLENT
16628|6.0|32.0|23.83333333333333|0.0|False|False|False|False|0.7333333333333334|1.0|1.0|1.0|0.92|EXCELLENT
16629|9.0|39.0|19.11111111111111|0.0|False|False|False|False|0.675|1.0|1.0|1.0|0.9025|EXCELLENT
16630|10.0|57.0|23.9|0.0|False|False|False|False|0.525|1.0|1.0|1.0|0.8575|EXCELLENT
16631|9.0|61.0|24.88888888888889|0.0|False|False|False|False|0.4916666666666667|1.0|1.0|1.0|0.8475|GOOD
16633|8.0|96.0|32.375|0.0|True|False|False|False|0.19999999999999996|1.0|1.0|1.0|0.7599999999999999|GOOD
16634|9.0|45.0|22.77777777777778|0.0|False|False|False|False|0.625|1.0|1.0|1.0|0.8875|EXCELLENT
16635|9.0|30.0|19.88888888888889|1.0|False|True|False|False|0.75|0.8888888888888888|1.0|1.0|0.8916666666666666|EXCELLENT
16636|7.0|49.0|30.428571428571427|0.0|False|False|False|False|0.5916666666666667|1.0|1.0|1.0|0.8775|EXCELLENT
16638|7.0|69.0|27.857142857142858|1.0|False|True|False|False|0.42500000000000004|0.8571428571428572|1.0|1.0|0.7846428571428571|GOOD
16639|4.0|63.0|36.0|0.0|False|False|False|False|0.475|1.0|1.0|1.0|0.8424999999999999|GOOD
16640|8.0|58.0|29.25|0.0|False|False|False|False|0.5166666666666666|1.0|1.0|1.0|0.8549999999999999|EXCELLENT
16641|11.0|30.0|21.09090909090909|0.0|False|False|False|False|0.75|1.0|1.0|1.0|0.9249999999999999|EXCELLENT
16642|8.0|43.0|26.25|1.0|False|True|False|False|0.6416666666666666|0.875|1.0|1.0|0.8549999999999999|EXCELLENT
16643|8.0|37.0|25.25|0.0|False|False|False|False|0.6916666666666667|1.0|1.0|1.0|0.9074999999999999|EXCELLENT
16644|7.0|35.0|24.0|0.0|False|False|False|False|0.7083333333333333|1.0|1.0|1.0|0.9125|EXCELLENT
16645|8.0|48.0|27.75|0.0|False|False|False|False|0.6|1.0|1.0|1.0|0.88|EXCELLENT
16646|9.0|64.0|22.11111111111111|0.0|False|False|False|False|0.4666666666666667|1.0|1.0|1.0|0.84|GOOD
16649|10.0|38.0|20.6|1.0|False|True|False|False|0.6833333333333333|0.9|1.0|1.0|0.8749999999999999|EXCELLENT
16650|9.0|40.0|21.0|1.0|False|True|False|False|0.6666666666666667|0.8888888888888888|1.0|1.0|0.8666666666666666|EXCELLENT
16652|5.0|29.0|20.8|0.0|False|False|False|False|0.7583333333333333|1.0|1.0|1.0|0.9274999999999999|EXCELLENT
16654|12.0|42.0|21.08333333333333|0.0|False|False|False|False|0.65|1.0|1.0|1.0|0.8949999999999999|EXCELLENT
16655|7.0|53.0|35.42857142857143|0.0|False|False|False|False|0.5583333333333333|1.0|1.0|1.0|0.8675|EXCELLENT
16658|9.0|36.0|22.666666666666668|0.0|False|False|False|False|0.7|1.0|1.0|1.0|0.91|EXCELLENT
16659|7.0|40.0|25.285714285714285|0.0|False|False|False|False|0.6666666666666667|1.0|1.0|1.0|0.9|EXCELLENT
16661|8.0|56.0|32.5|0.0|False|False|False|False|0.5333333333333333|1.0|1.0|1.0|0.86|EXCELLENT
16662|8.0|39.0|30.625|0.0|False|False|False|False|0.675|1.0|1.0|1.0|0.9025|EXCELLENT
16663|13.0|44.0|22.384615384615383|1.0|False|True|False|False|0.6333333333333333|0.9230769230769231|1.0|1.0|0.8669230769230768|EXCELLENT
16664|9.0|36.0|22.22222222222222|0.0|False|False|False|False|0.7|1.0|1.0|1.0|0.91|EXCELLENT
16665|10.0|36.0|19.9|2.0|False|True|False|False|0.7|0.8|1.0|1.0|0.85|EXCELLENT
16667|9.0|39.0|21.77777777777778|1.0|False|True|False|False|0.675|0.8888888888888888|1.0|1.0|0.8691666666666666|EXCELLENT
16668|13.0|39.0|22.46153846153846|1.0|False|True|False|False|0.675|0.9230769230769231|1.0|1.0|0.879423076923077|EXCELLENT
16669|12.0|55.0|22.5|0.0|False|False|False|False|0.5416666666666667|1.0|1.0|1.0|0.8624999999999999|EXCELLENT
16670|9.0|103.0|37.66666666666666|1.0|True|True|False|False|0.14166666666666672|0.8888888888888888|1.0|1.0|0.7091666666666666|GOOD
16671|9.0|55.0|30.22222222222222|0.0|False|False|False|False|0.5416666666666667|1.0|1.0|1.0|0.8624999999999999|EXCELLENT
16674|5.0|34.0|23.2|0.0|False|False|False|False|0.7166666666666667|1.0|1.0|1.0|0.9149999999999999|EXCELLENT
16675|6.0|60.0|31.0|0.0|False|False|False|False|0.5|1.0|1.0|1.0|0.85|EXCELLENT
16677|13.0|39.0|25.692307692307693|0.0|False|False|False|False|0.675|1.0|1.0|1.0|0.9025|EXCELLENT
16678|10.0|48.0|24.2|0.0|False|False|False|False|0.6|1.0|1.0|1.0|0.88|EXCELLENT
16679|9.0|30.0|18.88888888888889|2.0|False|True|False|False|0.75|0.7777777777777778|1.0|1.0|0.8583333333333333|EXCELLENT
16680|6.0|88.0|37.16666666666666|0.0|True|False|False|False|0.2666666666666667|1.0|1.0|1.0|0.7799999999999999|GOOD
16681|9.0|38.0|24.33333333333333|0.0|False|False|False|False|0.6833333333333333|1.0|1.0|1.0|0.9049999999999999|EXCELLENT
16683|7.0|57.0|25.142857142857142|0.0|False|False|False|False|0.525|1.0|1.0|1.0|0.8575|EXCELLENT
16684|14.0|44.0|20.714285714285715|0.0|False|False|False|False|0.6333333333333333|1.0|1.0|1.0|0.89|EXCELLENT
16686|10.0|39.0|26.3|0.0|False|False|False|False|0.675|1.0|1.0|1.0|0.9025|EXCELLENT
16687|9.0|71.0|33.0|0.0|False|False|False|False|0.4083333333333333|1.0|1.0|1.0|0.8224999999999999|GOOD
16688|11.0|44.0|24.63636363636364|0.0|False|False|False|False|0.6333333333333333|1.0|1.0|1.0|0.89|EXCELLENT
16689|5.0|71.0|28.8|0.0|False|False|False|False|0.4083333333333333|1.0|1.0|1.0|0.8224999999999999|GOOD
16690|10.0|42.0|18.2|0.0|False|False|False|False|0.65|1.0|1.0|1.0|0.8949999999999999|EXCELLENT
16691|8.0|41.0|26.375|0.0|False|False|False|False|0.6583333333333333|1.0|1.0|1.0|0.8974999999999999|EXCELLENT
16692|9.0|35.0|25.55555555555556|0.0|False|False|False|False|0.7083333333333333|1.0|1.0|1.0|0.9125|EXCELLENT
16693|9.0|56.0|21.33333333333333|0.0|False|False|False|False|0.5333333333333333|1.0|1.0|1.0|0.86|EXCELLENT
16695|12.0|62.0|23.416666666666668|0.0|False|False|False|False|0.4833333333333333|1.0|1.0|1.0|0.8449999999999999|GOOD
16696|11.0|65.0|31.818181818181817|1.0|False|True|False|False|0.45833333333333337|0.9090909090909091|1.0|1.0|0.8102272727272727|GOOD
16697|13.0|40.0|18.07692307692308|1.0|False|True|False|False|0.6666666666666667|0.9230769230769231|1.0|1.0|0.8769230769230769|EXCELLENT
16698|15.0|49.0|22.666666666666668|0.0|False|False|False|False|0.5916666666666667|1.0|1.0|1.0|0.8775|EXCELLENT
16699|16.0|35.0|20.375|0.0|False|False|False|False|0.7083333333333333|1.0|1.0|1.0|0.9125|EXCELLENT
16700|11.0|64.0|24.272727272727277|0.0|False|False|False|False|0.4666666666666667|1.0|1.0|1.0|0.84|GOOD
16701|12.0|46.0|23.08333333333333|0.0|False|False|False|False|0.6166666666666667|1.0|1.0|1.0|0.8849999999999999|EXCELLENT
16703|6.0|58.0|26.33333333333333|0.0|False|False|False|False|0.5166666666666666|1.0|1.0|1.0|0.8549999999999999|EXCELLENT
16705|3.0|47.0|35.333333333333336|0.0|False|False|False|False|0.6083333333333334|1.0|1.0|1.0|0.8825|EXCELLENT
16706|8.0|60.0|25.625|0.0|False|False|False|False|0.5|1.0|1.0|1.0|0.85|EXCELLENT
16707|12.0|37.0|21.666666666666668|1.0|False|True|False|False|0.6916666666666667|0.9166666666666666|1.0|1.0|0.8825|EXCELLENT
16708|8.0|34.0|24.0|0.0|False|False|False|False|0.7166666666666667|1.0|1.0|1.0|0.9149999999999999|EXCELLENT
16711|7.0|23.0|18.285714285714285|0.0|False|False|False|False|0.8083333333333333|1.0|1.0|1.0|0.9425|EXCELLENT
16712|10.0|36.0|21.0|0.0|False|False|False|False|0.7|1.0|1.0|1.0|0.91|EXCELLENT
16713|5.0|43.0|32.0|0.0|False|False|False|False|0.6416666666666666|1.0|1.0|1.0|0.8925|EXCELLENT
16714|5.0|103.0|35.2|0.0|True|False|False|False|0.14166666666666672|1.0|1.0|1.0|0.7425|GOOD
16715|6.0|39.0|22.166666666666668|1.0|False|True|False|False|0.675|0.8333333333333334|1.0|1.0|0.8524999999999999|EXCELLENT
16716|14.0|36.0|16.428571428571427|0.0|False|False|False|False|0.7|1.0|1.0|1.0|0.91|EXCELLENT
16717|7.0|83.0|34.714285714285715|0.0|True|False|False|False|0.30833333333333335|1.0|1.0|1.0|0.7924999999999999|GOOD
16718|10.0|40.0|23.0|0.0|False|False|False|False|0.6666666666666667|1.0|1.0|1.0|0.9|EXCELLENT
16720|6.0|58.0|30.5|0.0|False|False|False|False|0.5166666666666666|1.0|1.0|1.0|0.8549999999999999|EXCELLENT
16721|7.0|43.0|22.142857142857142|1.0|False|True|False|False|0.6416666666666666|0.8571428571428572|1.0|1.0|0.849642857142857|GOOD
16722|9.0|35.0|20.77777777777778|0.0|False|False|False|False|0.7083333333333333|1.0|1.0|1.0|0.9125|EXCELLENT
16724|11.0|43.0|20.727272727272727|1.0|False|True|False|False|0.6416666666666666|0.9090909090909091|1.0|1.0|0.8652272727272726|EXCELLENT
16725|9.0|82.0|29.0|1.0|True|True|False|False|0.31666666666666665|0.8888888888888888|1.0|1.0|0.7616666666666666|GOOD
16726|7.0|113.0|40.85714285714285|0.0|True|False|False|False|0.05833333333333335|1.0|1.0|1.0|0.7174999999999999|GOOD
16727|8.0|40.0|23.875|0.0|False|False|False|False|0.6666666666666667|1.0|1.0|1.0|0.9|EXCELLENT
16728|10.0|63.0|28.3|1.0|False|True|False|False|0.475|0.9|1.0|1.0|0.8124999999999999|GOOD
16729|10.0|54.0|24.2|2.0|False|True|False|False|0.55|0.8|1.0|1.0|0.805|GOOD
16730|7.0|35.0|22.857142857142858|0.0|False|False|False|False|0.7083333333333333|1.0|1.0|1.0|0.9125|EXCELLENT
16731|6.0|48.0|29.166666666666668|1.0|False|True|False|False|0.6|0.8333333333333334|1.0|1.0|0.83|GOOD
16732|11.0|65.0|25.272727272727277|0.0|False|False|False|False|0.45833333333333337|1.0|1.0|1.0|0.8375|GOOD
16733|11.0|37.0|22.181818181818183|1.0|False|True|False|False|0.6916666666666667|0.9090909090909091|1.0|1.0|0.8802272727272727|EXCELLENT
16734|8.0|67.0|29.625|1.0|False|True|False|False|0.44166666666666665|0.875|1.0|1.0|0.795|GOOD
16735|10.0|109.0|29.3|2.0|True|True|False|False|0.09166666666666667|0.8|1.0|1.0|0.6675|FAIR
16736|11.0|35.0|23.09090909090909|0.0|False|False|False|False|0.7083333333333333|1.0|1.0|1.0|0.9125|EXCELLENT
16737|12.0|44.0|20.83333333333333|0.0|False|False|False|False|0.6333333333333333|1.0|1.0|1.0|0.89|EXCELLENT
16740|9.0|45.0|26.33333333333333|0.0|False|False|False|False|0.625|1.0|1.0|1.0|0.8875|EXCELLENT
16743|14.0|47.0|19.928571428571427|9.0|False|True|False|False|0.6083333333333334|0.3571428571428571|1.0|1.0|0.6896428571428571|FAIR
16745|12.0|31.0|17.333333333333332|0.0|False|False|False|False|0.7416666666666667|1.0|1.0|1.0|0.9225|EXCELLENT
16747|11.0|45.0|22.90909090909091|1.0|False|True|False|False|0.625|0.9090909090909091|1.0|1.0|0.8602272727272727|EXCELLENT
16749|7.0|51.0|25.142857142857142|1.0|False|True|False|False|0.575|0.8571428571428572|1.0|1.0|0.8296428571428571|GOOD
16750|11.0|28.0|17.272727272727273|1.0|False|True|False|False|0.7666666666666666|0.9090909090909091|1.0|1.0|0.9027272727272727|EXCELLENT
16751|9.0|35.0|22.88888888888889|1.0|False|True|False|False|0.7083333333333333|0.8888888888888888|1.0|1.0|0.8791666666666665|EXCELLENT
16752|10.0|35.0|18.6|1.0|False|True|False|False|0.7083333333333333|0.9|1.0|1.0|0.8825|EXCELLENT
16753|13.0|31.0|17.692307692307693|2.0|False|True|False|False|0.7416666666666667|0.8461538461538461|1.0|1.0|0.8763461538461538|EXCELLENT
16754|14.0|34.0|15.357142857142858|3.0|False|True|False|False|0.7166666666666667|0.7857142857142857|1.0|1.0|0.8507142857142856|EXCELLENT
16755|8.0|37.0|22.125|1.0|False|True|False|False|0.6916666666666667|0.875|1.0|1.0|0.87|EXCELLENT
16757|8.0|35.0|18.125|0.0|False|False|False|False|0.7083333333333333|1.0|1.0|1.0|0.9125|EXCELLENT
16758|10.0|97.0|29.1|0.0|True|False|False|False|0.19166666666666665|1.0|1.0|1.0|0.7575|GOOD
16759|10.0|34.0|22.9|0.0|False|False|False|False|0.7166666666666667|1.0|1.0|1.0|0.9149999999999999|EXCELLENT
16760|10.0|32.0|19.6|0.0|False|False|False|False|0.7333333333333334|1.0|1.0|1.0|0.92|EXCELLENT
16761|7.0|61.0|30.0|0.0|False|False|False|False|0.4916666666666667|1.0|1.0|1.0|0.8475|GOOD
16762|11.0|102.0|27.454545454545453|1.0|True|True|False|False|0.15000000000000002|0.9090909090909091|1.0|1.0|0.7177272727272727|GOOD
16763|10.0|50.0|23.4|0.0|False|False|False|False|0.5833333333333333|1.0|1.0|1.0|0.8749999999999999|EXCELLENT
16764|9.0|53.0|33.111111111111114|0.0|False|False|False|False|0.5583333333333333|1.0|1.0|1.0|0.8675|EXCELLENT
16765|5.0|40.0|27.4|0.0|False|False|False|False|0.6666666666666667|1.0|1.0|1.0|0.9|EXCELLENT
16766|6.0|29.0|22.666666666666668|0.0|False|False|False|False|0.7583333333333333|1.0|1.0|1.0|0.9274999999999999|EXCELLENT
16767|9.0|70.0|27.22222222222222|0.0|False|False|False|False|0.41666666666666663|1.0|1.0|1.0|0.825|GOOD
16768|10.0|42.0|19.7|0.0|False|False|False|False|0.65|1.0|1.0|1.0|0.8949999999999999|EXCELLENT
16769|9.0|33.0|23.666666666666668|1.0|False|True|False|False|0.725|0.8888888888888888|1.0|1.0|0.8841666666666667|EXCELLENT
16773|12.0|42.0|20.33333333333333|2.0|False|True|False|False|0.65|0.8333333333333334|1.0|1.0|0.845|GOOD
16776|10.0|51.0|30.0|0.0|False|False|False|False|0.575|1.0|1.0|1.0|0.8724999999999999|EXCELLENT
16777|6.0|40.0|25.33333333333333|0.0|False|False|False|False|0.6666666666666667|1.0|1.0|1.0|0.9|EXCELLENT
16778|8.0|33.0|24.625|0.0|False|False|False|False|0.725|1.0|1.0|1.0|0.9174999999999999|EXCELLENT
16779|15.0|50.0|18.73333333333333|0.0|False|False|False|False|0.5833333333333333|1.0|1.0|1.0|0.8749999999999999|EXCELLENT
16781|5.0|56.0|31.6|0.0|False|False|False|False|0.5333333333333333|1.0|1.0|1.0|0.86|EXCELLENT
16782|8.0|54.0|23.0|1.0|False|True|False|False|0.55|0.875|1.0|1.0|0.8275|GOOD
16784|6.0|80.0|34.0|0.0|False|False|False|False|0.33333333333333337|1.0|1.0|1.0|0.7999999999999999|GOOD
16785|7.0|39.0|27.571428571428573|1.0|False|True|False|False|0.675|0.8571428571428572|1.0|1.0|0.8596428571428572|EXCELLENT
16786|9.0|32.0|19.0|0.0|False|False|False|False|0.7333333333333334|1.0|1.0|1.0|0.92|EXCELLENT
16787|7.0|90.0|35.42857142857143|0.0|True|False|False|False|0.25|1.0|1.0|1.0|0.775|GOOD
16788|4.0|81.0|34.75|0.0|True|False|False|False|0.32499999999999996|1.0|1.0|1.0|0.7975|GOOD
16789|6.0|81.0|34.333333333333336|0.0|True|False|False|False|0.32499999999999996|1.0|1.0|1.0|0.7975|GOOD
16790|10.0|41.0|21.5|0.0|False|False|False|False|0.6583333333333333|1.0|1.0|1.0|0.8974999999999999|EXCELLENT
16791|7.0|45.0|28.285714285714285|1.0|False|True|False|False|0.625|0.8571428571428572|1.0|1.0|0.8446428571428571|GOOD
16792|6.0|45.0|27.33333333333333|0.0|False|False|False|False|0.625|1.0|1.0|1.0|0.8875|EXCELLENT
16793|8.0|58.0|25.375|1.0|False|True|False|False|0.5166666666666666|0.875|1.0|1.0|0.8175|GOOD
16794|8.0|107.0|37.5|1.0|True|True|False|False|0.10833333333333328|0.875|1.0|1.0|0.695|FAIR
16795|7.0|28.0|22.857142857142858|0.0|False|False|False|False|0.7666666666666666|1.0|1.0|1.0|0.93|EXCELLENT
16796|7.0|38.0|22.142857142857142|1.0|False|True|False|False|0.6833333333333333|0.8571428571428572|1.0|1.0|0.8621428571428572|EXCELLENT
16798|8.0|35.0|20.625|1.0|False|True|False|False|0.7083333333333333|0.875|1.0|1.0|0.8749999999999999|EXCELLENT
16799|4.0|35.0|25.5|0.0|False|False|False|False|0.7083333333333333|1.0|1.0|1.0|0.9125|EXCELLENT
16800|7.0|29.0|22.571428571428573|1.0|False|True|False|False|0.7583333333333333|0.8571428571428572|1.0|1.0|0.8846428571428572|EXCELLENT
16801|6.0|56.0|27.5|0.0|False|False|False|False|0.5333333333333333|1.0|1.0|1.0|0.86|EXCELLENT
16802|6.0|71.0|43.0|0.0|False|False|False|False|0.4083333333333333|1.0|1.0|1.0|0.8224999999999999|GOOD
16804|7.0|64.0|32.142857142857146|0.0|False|False|False|False|0.4666666666666667|1.0|1.0|1.0|0.84|GOOD
16805|9.0|48.0|25.22222222222222|2.0|False|True|False|False|0.6|0.7777777777777778|1.0|1.0|0.8133333333333334|GOOD
16808|6.0|60.0|34.666666666666664|0.0|False|False|False|False|0.5|1.0|1.0|1.0|0.85|EXCELLENT
16809|5.0|156.0|56.8|0.0|True|False|False|False|0.0|1.0|1.0|1.0|0.7|GOOD
16810|9.0|25.0|18.77777777777778|0.0|False|False|False|False|0.7916666666666666|1.0|1.0|1.0|0.9374999999999999|EXCELLENT
16811|6.0|42.0|29.5|1.0|False|True|False|False|0.65|0.8333333333333334|1.0|1.0|0.845|GOOD
16816|10.0|37.0|25.9|0.0|False|False|False|False|0.6916666666666667|1.0|1.0|1.0|0.9074999999999999|EXCELLENT
16817|18.0|30.0|16.5|1.0|False|True|False|False|0.75|0.9444444444444444|1.0|1.0|0.9083333333333333|EXCELLENT
16818|10.0|41.0|24.5|0.0|False|False|False|False|0.6583333333333333|1.0|1.0|1.0|0.8974999999999999|EXCELLENT
16826|21.0|46.0|20.857142857142858|21.0|False|True|False|False|0.6166666666666667|0.0|1.0|1.0|0.585|FAIR
16827|13.0|58.0|36.0|13.0|False|True|False|False|0.5166666666666666|0.0|1.0|1.0|0.5549999999999999|FAIR
16830|21.0|52.0|19.047619047619047|21.0|False|True|False|False|0.5666666666666667|0.0|1.0|1.0|0.57|FAIR
16832|18.0|28.0|18.55555555555556|18.0|False|True|False|False|0.7666666666666666|0.0|1.0|1.0|0.63|FAIR
16833|13.0|57.0|26.76923076923077|13.0|False|True|False|False|0.525|0.0|1.0|1.0|0.5575|FAIR
16835|13.0|105.0|30.46153846153846|13.0|True|True|False|False|0.125|0.0|1.0|1.0|0.4375|POOR
16836|23.0|52.0|17.652173913043477|23.0|False|True|False|False|0.5666666666666667|0.0|1.0|1.0|0.57|FAIR
16837|19.0|43.0|28.42105263157895|19.0|False|True|False|False|0.6416666666666666|0.0|1.0|1.0|0.5924999999999999|FAIR
16839|17.0|39.0|22.94117647058824|17.0|False|True|False|False|0.675|0.0|1.0|1.0|0.6024999999999999|FAIR
16843|9.0|31.0|16.88888888888889|0.0|False|False|False|False|0.7416666666666667|1.0|1.0|1.0|0.9225|EXCELLENT
16845|16.0|34.0|18.875|7.0|False|True|False|False|0.7166666666666667|0.5625|1.0|1.0|0.78375|GOOD
16854|12.0|76.0|25.666666666666668|2.0|False|True|False|False|0.3666666666666667|0.8333333333333334|1.0|1.0|0.7599999999999999|GOOD
16858|8.0|115.0|28.25|1.0|True|True|False|False|0.04166666666666663|0.875|1.0|1.0|0.6749999999999999|FAIR
16860|18.0|32.0|19.27777777777778|1.0|False|True|False|False|0.7333333333333334|0.9444444444444444|1.0|1.0|0.9033333333333332|EXCELLENT
16862|11.0|57.0|29.63636363636364|0.0|False|False|False|False|0.525|1.0|1.0|1.0|0.8575|EXCELLENT
16874|8.0|57.0|27.375|0.0|False|False|False|False|0.525|1.0|1.0|1.0|0.8575|EXCELLENT
16876|5.0|65.0|22.2|1.0|False|True|False|False|0.45833333333333337|0.8|1.0|1.0|0.7775|GOOD
16881|10.0|47.0|31.8|0.0|False|False|False|False|0.6083333333333334|1.0|1.0|1.0|0.8825|EXCELLENT
16886|15.0|45.0|24.4|0.0|False|False|False|False|0.625|1.0|1.0|1.0|0.8875|EXCELLENT
16888|9.0|43.0|27.22222222222222|0.0|False|False|False|False|0.6416666666666666|1.0|1.0|1.0|0.8925|EXCELLENT
16890|11.0|41.0|23.90909090909091|0.0|False|False|False|False|0.6583333333333333|1.0|1.0|1.0|0.8974999999999999|EXCELLENT
16891|16.0|79.0|23.6875|1.0|False|True|False|False|0.3416666666666667|0.9375|1.0|1.0|0.78375|GOOD
16892|14.0|40.0|22.142857142857142|1.0|False|True|False|False|0.6666666666666667|0.9285714285714286|1.0|1.0|0.8785714285714286|EXCELLENT
16893|13.0|47.0|26.76923076923077|0.0|False|False|False|False|0.6083333333333334|1.0|1.0|1.0|0.8825|EXCELLENT
16894|14.0|71.0|24.928571428571427|0.0|False|False|False|False|0.4083333333333333|1.0|1.0|1.0|0.8224999999999999|GOOD
16895|12.0|46.0|23.666666666666668|0.0|False|False|False|False|0.6166666666666667|1.0|1.0|1.0|0.8849999999999999|EXCELLENT
16896|15.0|28.0|18.933333333333334|0.0|False|False|False|False|0.7666666666666666|1.0|1.0|1.0|0.93|EXCELLENT
16900|15.0|41.0|21.53333333333333|1.0|False|True|False|False|0.6583333333333333|0.9333333333333333|1.0|1.0|0.8774999999999998|EXCELLENT
16902|18.0|100.0|23.166666666666668|0.0|True|False|False|False|0.16666666666666663|1.0|1.0|1.0|0.7499999999999999|GOOD
16910|19.0|35.0|19.789473684210527|0.0|False|False|False|False|0.7083333333333333|1.0|1.0|1.0|0.9125|EXCELLENT
16912|12.0|56.0|27.25|0.0|False|False|False|False|0.5333333333333333|1.0|1.0|1.0|0.86|EXCELLENT
16922|11.0|75.0|30.363636363636363|0.0|False|False|False|False|0.375|1.0|1.0|1.0|0.8124999999999999|GOOD
16923|9.0|83.0|38.0|1.0|True|True|False|False|0.30833333333333335|0.8888888888888888|1.0|1.0|0.7591666666666667|GOOD
16924|14.0|54.0|25.071428571428573|1.0|False|True|False|False|0.55|0.9285714285714286|1.0|1.0|0.8435714285714285|GOOD
16925|11.0|48.0|28.09090909090909|0.0|False|False|False|False|0.6|1.0|1.0|1.0|0.88|EXCELLENT
16926|17.0|37.0|19.58823529411765|1.0|False|True|False|False|0.6916666666666667|0.9411764705882353|1.0|1.0|0.8898529411764705|EXCELLENT
16928|11.0|141.0|33.63636363636363|1.0|True|True|False|False|0.0|0.9090909090909091|1.0|1.0|0.6727272727272727|FAIR
16929|10.0|82.0|24.9|2.0|True|True|False|False|0.31666666666666665|0.8|1.0|1.0|0.735|GOOD
16930|10.0|109.0|31.5|0.0|True|False|False|False|0.09166666666666667|1.0|1.0|1.0|0.7274999999999999|GOOD
16931|13.0|70.0|20.46153846153846|4.0|False|True|False|False|0.41666666666666663|0.6923076923076923|1.0|1.0|0.7326923076923076|GOOD
16932|13.0|31.0|20.153846153846157|2.0|False|True|False|False|0.7416666666666667|0.8461538461538461|1.0|1.0|0.8763461538461538|EXCELLENT
16933|11.0|40.0|21.181818181818183|1.0|False|True|False|False|0.6666666666666667|0.9090909090909091|1.0|1.0|0.8727272727272727|EXCELLENT
16936|7.0|60.0|28.857142857142858|0.0|False|False|False|False|0.5|1.0|1.0|1.0|0.85|EXCELLENT
16937|13.0|55.0|24.07692307692308|1.0|False|True|False|False|0.5416666666666667|0.9230769230769231|1.0|1.0|0.8394230769230769|GOOD
16938|12.0|63.0|20.916666666666668|0.0|False|False|False|False|0.475|1.0|1.0|1.0|0.8424999999999999|GOOD
16939|12.0|37.0|20.33333333333333|0.0|False|False|False|False|0.6916666666666667|1.0|1.0|1.0|0.9074999999999999|EXCELLENT
16940|10.0|120.0|29.0|2.0|True|True|False|False|0.0|0.8|1.0|1.0|0.64|FAIR
16941|14.0|50.0|26.285714285714285|1.0|False|True|False|False|0.5833333333333333|0.9285714285714286|1.0|1.0|0.8535714285714285|EXCELLENT
16942|7.0|62.0|32.857142857142854|0.0|False|False|False|False|0.4833333333333333|1.0|1.0|1.0|0.8449999999999999|GOOD
16945|8.0|63.0|26.625|0.0|False|False|False|False|0.475|1.0|1.0|1.0|0.8424999999999999|GOOD
16947|8.0|50.0|24.375|0.0|False|False|False|False|0.5833333333333333|1.0|1.0|1.0|0.8749999999999999|EXCELLENT
16949|9.0|36.0|23.11111111111111|0.0|False|False|False|False|0.7|1.0|1.0|1.0|0.91|EXCELLENT
16950|14.0|40.0|19.214285714285715|0.0|False|False|False|False|0.6666666666666667|1.0|1.0|1.0|0.9|EXCELLENT
16952|10.0|81.0|28.7|1.0|True|True|False|False|0.32499999999999996|0.9|1.0|1.0|0.7675|GOOD
16954|9.0|29.0|20.55555555555556|0.0|False|False|False|False|0.7583333333333333|1.0|1.0|1.0|0.9274999999999999|EXCELLENT
16955|7.0|51.0|27.571428571428573|1.0|False|True|False|False|0.575|0.8571428571428572|1.0|1.0|0.8296428571428571|GOOD
16956|9.0|46.0|24.11111111111111|0.0|False|False|False|False|0.6166666666666667|1.0|1.0|1.0|0.8849999999999999|EXCELLENT
16957|11.0|52.0|28.181818181818183|0.0|False|False|False|False|0.5666666666666667|1.0|1.0|1.0|0.87|EXCELLENT
16959|14.0|34.0|19.642857142857142|1.0|False|True|False|False|0.7166666666666667|0.9285714285714286|1.0|1.0|0.8935714285714286|EXCELLENT
16960|11.0|36.0|21.181818181818183|1.0|False|True|False|False|0.7|0.9090909090909091|1.0|1.0|0.8827272727272727|EXCELLENT
16961|5.0|86.0|31.4|0.0|True|False|False|False|0.2833333333333333|1.0|1.0|1.0|0.785|GOOD
16963|9.0|71.0|23.77777777777778|1.0|False|True|False|False|0.4083333333333333|0.8888888888888888|1.0|1.0|0.7891666666666667|GOOD
16976|7.0|108.0|32.142857142857146|0.0|True|False|False|False|0.09999999999999998|1.0|1.0|1.0|0.7299999999999999|GOOD
16977|14.0|36.0|16.285714285714285|0.0|False|False|False|False|0.7|1.0|1.0|1.0|0.91|EXCELLENT
16978|13.0|43.0|20.692307692307693|1.0|False|True|False|False|0.6416666666666666|0.9230769230769231|1.0|1.0|0.869423076923077|EXCELLENT
16979|5.0|39.0|21.0|0.0|False|False|False|False|0.675|1.0|1.0|1.0|0.9025|EXCELLENT
16982|13.0|43.0|22.07692307692308|3.0|False|True|False|False|0.6416666666666666|0.7692307692307692|1.0|1.0|0.8232692307692308|GOOD
16983|8.0|62.0|31.5|0.0|False|False|False|False|0.4833333333333333|1.0|1.0|1.0|0.8449999999999999|GOOD
16984|8.0|29.0|22.75|0.0|False|False|False|False|0.7583333333333333|1.0|1.0|1.0|0.9274999999999999|EXCELLENT
16985|13.0|40.0|18.0|1.0|False|True|False|False|0.6666666666666667|0.9230769230769231|1.0|1.0|0.8769230769230769|EXCELLENT
16987|5.0|69.0|44.2|0.0|False|False|False|False|0.42500000000000004|1.0|1.0|1.0|0.8275|GOOD
16988|7.0|66.0|32.42857142857143|2.0|False|True|False|False|0.44999999999999996|0.7142857142857143|1.0|1.0|0.7492857142857142|GOOD
16989|8.0|56.0|28.5|0.0|False|False|False|False|0.5333333333333333|1.0|1.0|1.0|0.86|EXCELLENT
16991|12.0|41.0|18.5|0.0|False|False|False|False|0.6583333333333333|1.0|1.0|1.0|0.8974999999999999|EXCELLENT
16993|9.0|31.0|20.666666666666668|1.0|False|True|False|False|0.7416666666666667|0.8888888888888888|1.0|1.0|0.8891666666666665|EXCELLENT
16997|8.0|30.0|21.125|0.0|False|False|False|False|0.75|1.0|1.0|1.0|0.9249999999999999|EXCELLENT
17003|10.0|35.0|23.3|0.0|False|False|False|False|0.7083333333333333|1.0|1.0|1.0|0.9125|EXCELLENT
17007|10.0|25.0|17.7|0.0|False|False|False|False|0.7916666666666666|1.0|1.0|1.0|0.9374999999999999|EXCELLENT
17009|11.0|41.0|17.454545454545453|1.0|False|True|False|False|0.6583333333333333|0.9090909090909091|1.0|1.0|0.8702272727272727|EXCELLENT
17015|8.0|69.0|25.375|1.0|False|True|False|False|0.42500000000000004|0.875|1.0|1.0|0.7899999999999999|GOOD
17016|9.0|39.0|26.77777777777778|0.0|False|False|False|False|0.675|1.0|1.0|1.0|0.9025|EXCELLENT
17017|6.0|54.0|32.0|0.0|False|False|False|False|0.55|1.0|1.0|1.0|0.8649999999999999|EXCELLENT
17023|10.0|57.0|26.3|0.0|False|False|False|False|0.525|1.0|1.0|1.0|0.8575|EXCELLENT
17024|10.0|34.0|21.8|0.0|False|False|False|False|0.7166666666666667|1.0|1.0|1.0|0.9149999999999999|EXCELLENT
17026|7.0|30.0|23.0|1.0|False|True|False|False|0.75|0.8571428571428572|1.0|1.0|0.8821428571428571|EXCELLENT
17031|11.0|53.0|26.727272727272727|0.0|False|False|False|False|0.5583333333333333|1.0|1.0|1.0|0.8675|EXCELLENT
17032|10.0|38.0|22.9|0.0|False|False|False|False|0.6833333333333333|1.0|1.0|1.0|0.9049999999999999|EXCELLENT
17035|8.0|35.0|21.875|0.0|False|False|False|False|0.7083333333333333|1.0|1.0|1.0|0.9125|EXCELLENT
17037|7.0|37.0|25.714285714285715|0.0|False|False|False|False|0.6916666666666667|1.0|1.0|1.0|0.9074999999999999|EXCELLENT
17039|16.0|72.0|26.4375|16.0|False|True|False|False|0.4|0.0|1.0|1.0|0.52|FAIR
17043|13.0|47.0|19.307692307692307|1.0|False|True|False|False|0.6083333333333334|0.9230769230769231|1.0|1.0|0.859423076923077|EXCELLENT
17045|7.0|53.0|30.142857142857142|0.0|False|False|False|False|0.5583333333333333|1.0|1.0|1.0|0.8675|EXCELLENT
17048|6.0|65.0|35.666666666666664|0.0|False|False|False|False|0.45833333333333337|1.0|1.0|1.0|0.8375|GOOD
17049|10.0|84.0|24.2|1.0|True|True|False|False|0.30000000000000004|0.9|1.0|1.0|0.76|GOOD
17053|8.0|79.0|29.0|0.0|False|False|False|False|0.3416666666666667|1.0|1.0|1.0|0.8024999999999999|GOOD
17054|10.0|30.0|19.9|1.0|False|True|False|False|0.75|0.9|1.0|1.0|0.8949999999999999|EXCELLENT
17056|9.0|46.0|30.55555555555556|0.0|False|False|False|False|0.6166666666666667|1.0|1.0|1.0|0.8849999999999999|EXCELLENT
17057|8.0|76.0|29.125|0.0|False|False|False|False|0.3666666666666667|1.0|1.0|1.0|0.8099999999999999|GOOD
17059|6.0|39.0|23.5|0.0|False|False|False|False|0.675|1.0|1.0|1.0|0.9025|EXCELLENT
17060|10.0|95.0|36.9|1.0|True|True|False|False|0.20833333333333337|0.9|1.0|1.0|0.7325|GOOD
17061|7.0|73.0|36.85714285714285|0.0|False|False|False|False|0.3916666666666667|1.0|1.0|1.0|0.8175|GOOD
17062|8.0|40.0|23.25|0.0|False|False|False|False|0.6666666666666667|1.0|1.0|1.0|0.9|EXCELLENT
17064|8.0|43.0|25.25|0.0|False|False|False|False|0.6416666666666666|1.0|1.0|1.0|0.8925|EXCELLENT
17066|4.0|65.0|39.5|0.0|False|False|False|False|0.45833333333333337|1.0|1.0|1.0|0.8375|GOOD
17067|8.0|36.0|22.375|0.0|False|False|False|False|0.7|1.0|1.0|1.0|0.91|EXCELLENT
17068|13.0|42.0|26.46153846153846|0.0|False|False|False|False|0.65|1.0|1.0|1.0|0.8949999999999999|EXCELLENT
17069|10.0|53.0|24.0|2.0|False|True|False|False|0.5583333333333333|0.8|1.0|1.0|0.8075|GOOD
17070|5.0|38.0|27.8|0.0|False|False|False|False|0.6833333333333333|1.0|1.0|1.0|0.9049999999999999|EXCELLENT
17071|8.0|90.0|31.75|0.0|True|False|False|False|0.25|1.0|1.0|1.0|0.775|GOOD
17072|11.0|47.0|19.272727272727277|2.0|False|True|False|False|0.6083333333333334|0.8181818181818181|1.0|1.0|0.8279545454545455|GOOD
17073|8.0|71.0|32.5|0.0|False|False|False|False|0.4083333333333333|1.0|1.0|1.0|0.8224999999999999|GOOD
17074|6.0|44.0|29.0|0.0|False|False|False|False|0.6333333333333333|1.0|1.0|1.0|0.89|EXCELLENT
17076|8.0|64.0|24.0|0.0|False|False|False|False|0.4666666666666667|1.0|1.0|1.0|0.84|GOOD
17077|10.0|92.0|27.2|0.0|True|False|False|False|0.23333333333333328|1.0|1.0|1.0|0.7699999999999999|GOOD
17078|13.0|43.0|21.307692307692307|1.0|False|True|False|False|0.6416666666666666|0.9230769230769231|1.0|1.0|0.869423076923077|EXCELLENT
17079|7.0|70.0|32.0|0.0|False|False|False|False|0.41666666666666663|1.0|1.0|1.0|0.825|GOOD
17080|5.0|48.0|27.2|0.0|False|False|False|False|0.6|1.0|1.0|1.0|0.88|EXCELLENT
17083|10.0|35.0|20.8|0.0|False|False|False|False|0.7083333333333333|1.0|1.0|1.0|0.9125|EXCELLENT
17084|9.0|39.0|22.11111111111111|1.0|False|True|False|False|0.675|0.8888888888888888|1.0|1.0|0.8691666666666666|EXCELLENT
17086|10.0|30.0|18.5|0.0|False|False|False|False|0.75|1.0|1.0|1.0|0.9249999999999999|EXCELLENT
17087|7.0|36.0|22.857142857142858|0.0|False|False|False|False|0.7|1.0|1.0|1.0|0.91|EXCELLENT
17089|8.0|28.0|19.75|0.0|False|False|False|False|0.7666666666666666|1.0|1.0|1.0|0.93|EXCELLENT
17090|6.0|61.0|27.666666666666668|0.0|False|False|False|False|0.4916666666666667|1.0|1.0|1.0|0.8475|GOOD
17091|6.0|29.0|22.83333333333333|0.0|False|False|False|False|0.7583333333333333|1.0|1.0|1.0|0.9274999999999999|EXCELLENT
17094|8.0|50.0|25.0|2.0|False|True|False|False|0.5833333333333333|0.75|1.0|1.0|0.7999999999999999|GOOD
17095|9.0|56.0|25.77777777777778|0.0|False|False|False|False|0.5333333333333333|1.0|1.0|1.0|0.86|EXCELLENT
17096|12.0|37.0|17.666666666666668|2.0|False|True|False|False|0.6916666666666667|0.8333333333333334|1.0|1.0|0.8575|EXCELLENT
17099|9.0|53.0|25.11111111111111|0.0|False|False|False|False|0.5583333333333333|1.0|1.0|1.0|0.8675|EXCELLENT
17100|8.0|32.0|22.625|0.0|False|False|False|False|0.7333333333333334|1.0|1.0|1.0|0.92|EXCELLENT
17102|10.0|43.0|24.3|0.0|False|False|False|False|0.6416666666666666|1.0|1.0|1.0|0.8925|EXCELLENT
17104|9.0|40.0|24.88888888888889|0.0|False|False|False|False|0.6666666666666667|1.0|1.0|1.0|0.9|EXCELLENT
17107|7.0|42.0|26.857142857142858|1.0|False|True|False|False|0.65|0.8571428571428572|1.0|1.0|0.8521428571428572|EXCELLENT
17108|7.0|86.0|41.285714285714285|1.0|True|True|False|False|0.2833333333333333|0.8571428571428572|1.0|1.0|0.7421428571428571|GOOD
17110|8.0|51.0|27.875|0.0|False|False|False|False|0.575|1.0|1.0|1.0|0.8724999999999999|EXCELLENT
17111|5.0|107.0|35.4|0.0|True|False|False|False|0.10833333333333328|1.0|1.0|1.0|0.7324999999999999|GOOD
17113|5.0|39.0|27.0|0.0|False|False|False|False|0.675|1.0|1.0|1.0|0.9025|EXCELLENT
17114|12.0|40.0|20.166666666666668|0.0|False|False|False|False|0.6666666666666667|1.0|1.0|1.0|0.9|EXCELLENT
17115|7.0|30.0|19.0|1.0|False|True|False|False|0.75|0.8571428571428572|1.0|1.0|0.8821428571428571|EXCELLENT
17116|7.0|31.0|21.714285714285715|1.0|False|True|False|False|0.7416666666666667|0.8571428571428572|1.0|1.0|0.8796428571428571|EXCELLENT
17117|6.0|72.0|34.5|0.0|False|False|False|False|0.4|1.0|1.0|1.0|0.82|GOOD
17118|9.0|48.0|26.55555555555556|0.0|False|False|False|False|0.6|1.0|1.0|1.0|0.88|EXCELLENT
17119|10.0|38.0|22.4|1.0|False|True|False|False|0.6833333333333333|0.9|1.0|1.0|0.8749999999999999|EXCELLENT
17120|7.0|107.0|30.714285714285715|1.0|True|True|False|False|0.10833333333333328|0.8571428571428572|1.0|1.0|0.6896428571428571|FAIR
17121|8.0|46.0|28.125|1.0|False|True|False|False|0.6166666666666667|0.875|1.0|1.0|0.8475|GOOD
17122|8.0|68.0|29.75|1.0|False|True|False|False|0.43333333333333335|0.875|1.0|1.0|0.7925|GOOD
17137|7.0|30.0|17.714285714285715|2.0|False|True|False|False|0.75|0.7142857142857143|1.0|1.0|0.8392857142857143|GOOD
17138|10.0|31.0|18.5|1.0|False|True|False|False|0.7416666666666667|0.9|1.0|1.0|0.8925|EXCELLENT
17140|7.0|37.0|23.0|0.0|False|False|False|False|0.6916666666666667|1.0|1.0|1.0|0.9074999999999999|EXCELLENT
17141|13.0|60.0|20.76923076923077|1.0|False|True|False|False|0.5|0.9230769230769231|1.0|1.0|0.826923076923077|GOOD
17144|12.0|42.0|18.416666666666668|1.0|False|True|False|False|0.65|0.9166666666666666|1.0|1.0|0.87|EXCELLENT
17145|10.0|49.0|24.0|1.0|False|True|False|False|0.5916666666666667|0.9|1.0|1.0|0.8475|GOOD
17146|7.0|39.0|33.285714285714285|2.0|False|True|False|False|0.675|0.7142857142857143|1.0|1.0|0.8167857142857143|GOOD
17147|16.0|29.0|14.4375|3.0|False|True|False|False|0.7583333333333333|0.8125|1.0|1.0|0.87125|EXCELLENT
17153|8.0|40.0|26.5|0.0|False|False|False|False|0.6666666666666667|1.0|1.0|1.0|0.9|EXCELLENT
17154|6.0|101.0|42.0|0.0|True|False|False|False|0.15833333333333333|1.0|1.0|1.0|0.7474999999999999|GOOD
17155|8.0|56.0|25.5|1.0|False|True|False|False|0.5333333333333333|0.875|1.0|1.0|0.8224999999999999|GOOD
17156|9.0|51.0|25.444444444444443|2.0|False|True|False|False|0.575|0.7777777777777778|1.0|1.0|0.8058333333333333|GOOD
17157|7.0|50.0|29.428571428571427|0.0|False|False|False|False|0.5833333333333333|1.0|1.0|1.0|0.8749999999999999|EXCELLENT
17158|8.0|43.0|25.75|0.0|False|False|False|False|0.6416666666666666|1.0|1.0|1.0|0.8925|EXCELLENT
17165|12.0|30.0|19.416666666666668|0.0|False|False|False|False|0.75|1.0|1.0|1.0|0.9249999999999999|EXCELLENT
17167|8.0|41.0|23.25|0.0|False|False|False|False|0.6583333333333333|1.0|1.0|1.0|0.8974999999999999|EXCELLENT
17176|11.0|35.0|18.63636363636364|1.0|False|True|False|False|0.7083333333333333|0.9090909090909091|1.0|1.0|0.8852272727272726|EXCELLENT
17177|6.0|58.0|25.666666666666668|0.0|False|False|False|False|0.5166666666666666|1.0|1.0|1.0|0.8549999999999999|EXCELLENT
17178|4.0|78.0|38.75|0.0|False|False|False|False|0.35|1.0|1.0|1.0|0.8049999999999999|GOOD
17179|9.0|37.0|20.77777777777778|0.0|False|False|False|False|0.6916666666666667|1.0|1.0|1.0|0.9074999999999999|EXCELLENT
17180|4.0|31.0|19.75|0.0|False|False|False|False|0.7416666666666667|1.0|1.0|1.0|0.9225|EXCELLENT
17181|7.0|52.0|24.714285714285715|1.0|False|True|False|False|0.5666666666666667|0.8571428571428572|1.0|1.0|0.8271428571428571|GOOD
17182|6.0|119.0|41.66666666666666|0.0|True|False|False|False|0.008333333333333304|1.0|1.0|1.0|0.7025|GOOD
17183|12.0|37.0|20.75|0.0|False|False|False|False|0.6916666666666667|1.0|1.0|1.0|0.9074999999999999|EXCELLENT
17184|7.0|33.0|21.285714285714285|0.0|False|False|False|False|0.725|1.0|1.0|1.0|0.9174999999999999|EXCELLENT
17187|9.0|36.0|25.77777777777778|0.0|False|False|False|False|0.7|1.0|1.0|1.0|0.91|EXCELLENT
17188|9.0|30.0|18.444444444444443|0.0|False|False|False|False|0.75|1.0|1.0|1.0|0.9249999999999999|EXCELLENT
17190|5.0|30.0|21.0|0.0|False|False|False|False|0.75|1.0|1.0|1.0|0.9249999999999999|EXCELLENT
17191|6.0|79.0|37.16666666666666|1.0|False|True|False|False|0.3416666666666667|0.8333333333333334|1.0|1.0|0.7525|GOOD
17192|6.0|170.0|50.833333333333336|1.0|True|True|False|False|0.0|0.8333333333333334|1.0|1.0|0.65|FAIR
17193|6.0|27.0|17.166666666666668|1.0|False|True|False|False|0.775|0.8333333333333334|1.0|1.0|0.8825|EXCELLENT
17194|8.0|31.0|19.125|1.0|False|True|False|False|0.7416666666666667|0.875|1.0|1.0|0.8849999999999999|EXCELLENT
17206|2.0|20.0|18.5|1.0|False|True|False|False|0.8333333333333334|0.5|1.0|1.0|0.7999999999999999|GOOD
17216|11.0|42.0|23.363636363636363|0.0|False|False|False|False|0.65|1.0|1.0|1.0|0.8949999999999999|EXCELLENT
17220|7.0|26.0|20.571428571428573|0.0|False|False|False|False|0.7833333333333333|1.0|1.0|1.0|0.9349999999999999|EXCELLENT
17222|4.0|85.0|49.5|0.0|True|False|False|False|0.29166666666666663|1.0|1.0|1.0|0.7875|GOOD
17223|7.0|50.0|24.714285714285715|0.0|False|False|False|False|0.5833333333333333|1.0|1.0|1.0|0.8749999999999999|EXCELLENT
17228|7.0|62.0|34.285714285714285|1.0|False|True|False|False|0.4833333333333333|0.8571428571428572|1.0|1.0|0.8021428571428572|GOOD
17229|9.0|60.0|27.666666666666668|3.0|False|True|False|False|0.5|0.6666666666666667|1.0|1.0|0.7499999999999999|GOOD
17232|12.0|30.0|20.25|0.0|False|False|False|False|0.75|1.0|1.0|1.0|0.9249999999999999|EXCELLENT
17233|12.0|27.0|18.83333333333333|2.0|False|True|False|False|0.775|0.8333333333333334|1.0|1.0|0.8825|EXCELLENT
17234|8.0|52.0|25.25|0.0|False|False|False|False|0.5666666666666667|1.0|1.0|1.0|0.87|EXCELLENT
17235|9.0|39.0|24.55555555555556|1.0|False|True|False|False|0.675|0.8888888888888888|1.0|1.0|0.8691666666666666|EXCELLENT
17236|6.0|51.0|32.0|1.0|False|True|False|False|0.575|0.8333333333333334|1.0|1.0|0.8224999999999999|GOOD
17237|10.0|37.0|22.3|2.0|False|True|False|False|0.6916666666666667|0.8|1.0|1.0|0.8475|GOOD
17238|10.0|75.0|38.1|0.0|False|False|False|False|0.375|1.0|1.0|1.0|0.8124999999999999|GOOD
17239|7.0|51.0|25.571428571428573|0.0|False|False|False|False|0.575|1.0|1.0|1.0|0.8724999999999999|EXCELLENT
17244|10.0|29.0|20.4|0.0|False|False|False|False|0.7583333333333333|1.0|1.0|1.0|0.9274999999999999|EXCELLENT
17246|9.0|42.0|19.22222222222222|0.0|False|False|False|False|0.65|1.0|1.0|1.0|0.8949999999999999|EXCELLENT
17247|6.0|33.0|22.166666666666668|0.0|False|False|False|False|0.725|1.0|1.0|1.0|0.9174999999999999|EXCELLENT
17248|6.0|24.0|17.166666666666668|0.0|False|False|False|False|0.8|1.0|1.0|1.0|0.9400000000000001|EXCELLENT
17249|8.0|42.0|21.125|1.0|False|True|False|False|0.65|0.875|1.0|1.0|0.8575|EXCELLENT
17250|5.0|67.0|34.6|0.0|False|False|False|False|0.44166666666666665|1.0|1.0|1.0|0.8324999999999999|GOOD
17251|8.0|43.0|24.125|0.0|False|False|False|False|0.6416666666666666|1.0|1.0|1.0|0.8925|EXCELLENT
17252|6.0|86.0|42.833333333333336|0.0|True|False|False|False|0.2833333333333333|1.0|1.0|1.0|0.785|GOOD
17253|7.0|50.0|24.428571428571427|0.0|False|False|False|False|0.5833333333333333|1.0|1.0|1.0|0.8749999999999999|EXCELLENT
17254|5.0|59.0|30.0|0.0|False|False|False|False|0.5083333333333333|1.0|1.0|1.0|0.8524999999999999|EXCELLENT
17255|12.0|31.0|22.0|1.0|False|True|False|False|0.7416666666666667|0.9166666666666666|1.0|1.0|0.8974999999999999|EXCELLENT
17260|12.0|35.0|19.5|0.0|False|False|False|False|0.7083333333333333|1.0|1.0|1.0|0.9125|EXCELLENT
17264|17.0|37.0|16.0|1.0|False|True|False|False|0.6916666666666667|0.9411764705882353|1.0|1.0|0.8898529411764705|EXCELLENT
17270|8.0|95.0|38.125|0.0|True|False|False|False|0.20833333333333337|1.0|1.0|1.0|0.7625|GOOD
17274|9.0|48.0|24.55555555555556|0.0|False|False|False|False|0.6|1.0|1.0|1.0|0.88|EXCELLENT
17276|6.0|30.0|19.166666666666668|0.0|False|False|False|False|0.75|1.0|1.0|1.0|0.9249999999999999|EXCELLENT
17277|9.0|39.0|23.0|1.0|False|True|False|False|0.675|0.8888888888888888|1.0|1.0|0.8691666666666666|EXCELLENT
17280|6.0|39.0|22.5|0.0|False|False|False|False|0.675|1.0|1.0|1.0|0.9025|EXCELLENT
17286|10.0|57.0|27.2|0.0|False|False|False|False|0.525|1.0|1.0|1.0|0.8575|EXCELLENT
17287|6.0|28.0|21.166666666666668|0.0|False|False|False|False|0.7666666666666666|1.0|1.0|1.0|0.93|EXCELLENT
17289|10.0|44.0|25.5|3.0|False|True|False|False|0.6333333333333333|0.7|1.0|1.0|0.7999999999999999|GOOD
17291|8.0|62.0|30.625|0.0|False|False|False|False|0.4833333333333333|1.0|1.0|1.0|0.8449999999999999|GOOD
17292|9.0|48.0|24.444444444444443|0.0|False|False|False|False|0.6|1.0|1.0|1.0|0.88|EXCELLENT
17298|8.0|36.0|23.0|0.0|False|False|False|False|0.7|1.0|1.0|1.0|0.91|EXCELLENT
17301|7.0|89.0|27.428571428571427|0.0|True|False|False|False|0.2583333333333333|1.0|1.0|1.0|0.7775|GOOD
17302|9.0|39.0|22.77777777777778|1.0|False|True|False|False|0.675|0.8888888888888888|1.0|1.0|0.8691666666666666|EXCELLENT
17303|8.0|32.0|23.875|0.0|False|False|False|False|0.7333333333333334|1.0|1.0|1.0|0.92|EXCELLENT
17304|9.0|44.0|23.444444444444443|1.0|False|True|False|False|0.6333333333333333|0.8888888888888888|1.0|1.0|0.8566666666666666|EXCELLENT
17305|8.0|20.0|15.375|0.0|False|False|False|False|0.8333333333333334|1.0|1.0|1.0|0.9500000000000001|EXCELLENT
17306|9.0|43.0|25.88888888888889|2.0|False|True|False|False|0.6416666666666666|0.7777777777777778|1.0|1.0|0.8258333333333333|GOOD
17309|14.0|47.0|20.571428571428573|4.0|False|True|False|False|0.6083333333333334|0.7142857142857143|1.0|1.0|0.7967857142857143|GOOD
17312|9.0|35.0|25.77777777777778|0.0|False|False|False|False|0.7083333333333333|1.0|1.0|1.0|0.9125|EXCELLENT
17315|7.0|26.0|21.0|0.0|False|False|False|False|0.7833333333333333|1.0|1.0|1.0|0.9349999999999999|EXCELLENT
17316|5.0|36.0|28.0|0.0|False|False|False|False|0.7|1.0|1.0|1.0|0.91|EXCELLENT
17318|9.0|59.0|29.22222222222222|0.0|False|False|False|False|0.5083333333333333|1.0|1.0|1.0|0.8524999999999999|EXCELLENT
17320|6.0|43.0|28.166666666666668|0.0|False|False|False|False|0.6416666666666666|1.0|1.0|1.0|0.8925|EXCELLENT
17321|10.0|43.0|22.5|0.0|False|False|False|False|0.6416666666666666|1.0|1.0|1.0|0.8925|EXCELLENT
17322|12.0|66.0|28.25|3.0|False|True|False|False|0.44999999999999996|0.75|1.0|1.0|0.7599999999999999|GOOD
17323|14.0|38.0|18.642857142857142|2.0|False|True|False|False|0.6833333333333333|0.8571428571428572|1.0|1.0|0.8621428571428572|EXCELLENT
17324|11.0|66.0|26.454545454545453|2.0|False|True|False|False|0.44999999999999996|0.8181818181818181|1.0|1.0|0.7804545454545454|GOOD
17325|9.0|45.0|25.11111111111111|0.0|False|False|False|False|0.625|1.0|1.0|1.0|0.8875|EXCELLENT
17326|8.0|38.0|24.875|0.0|False|False|False|False|0.6833333333333333|1.0|1.0|1.0|0.9049999999999999|EXCELLENT
17327|8.0|41.0|24.25|1.0|False|True|False|False|0.6583333333333333|0.875|1.0|1.0|0.86|EXCELLENT
17328|8.0|71.0|27.875|0.0|False|False|False|False|0.4083333333333333|1.0|1.0|1.0|0.8224999999999999|GOOD
17329|8.0|31.0|17.25|0.0|False|False|False|False|0.7416666666666667|1.0|1.0|1.0|0.9225|EXCELLENT
17331|10.0|39.0|25.7|1.0|False|True|False|False|0.675|0.9|1.0|1.0|0.8724999999999999|EXCELLENT
17332|10.0|51.0|28.0|1.0|False|True|False|False|0.575|0.9|1.0|1.0|0.8424999999999999|GOOD
17333|14.0|52.0|25.071428571428573|2.0|False|True|False|False|0.5666666666666667|0.8571428571428572|1.0|1.0|0.8271428571428571|GOOD
17334|9.0|49.0|22.11111111111111|9.0|False|True|False|False|0.5916666666666667|0.0|1.0|1.0|0.5775|FAIR
17335|16.0|76.0|32.0|16.0|False|True|False|False|0.3666666666666667|0.0|1.0|1.0|0.51|FAIR
17336|16.0|76.0|31.625|16.0|False|True|False|False|0.3666666666666667|0.0|1.0|1.0|0.51|FAIR
17337|12.0|41.0|20.08333333333333|1.0|False|True|False|False|0.6583333333333333|0.9166666666666666|1.0|1.0|0.8724999999999999|EXCELLENT
17338|9.0|70.0|33.22222222222222|0.0|False|False|False|False|0.41666666666666663|1.0|1.0|1.0|0.825|GOOD
17340|7.0|50.0|26.285714285714285|1.0|False|True|False|False|0.5833333333333333|0.8571428571428572|1.0|1.0|0.8321428571428572|GOOD
17341|9.0|50.0|20.444444444444443|1.0|False|True|False|False|0.5833333333333333|0.8888888888888888|1.0|1.0|0.8416666666666667|GOOD
17342|6.0|48.0|30.166666666666668|0.0|False|False|False|False|0.6|1.0|1.0|1.0|0.88|EXCELLENT
17344|12.0|41.0|24.0|1.0|False|True|False|False|0.6583333333333333|0.9166666666666666|1.0|1.0|0.8724999999999999|EXCELLENT
17345|1.0|75.0|75.0|0.0|False|False|True|True|0.375|1.0|0.3|0.4|0.5425|FAIR
17348|4.0|37.0|30.25|0.0|False|False|False|False|0.6916666666666667|1.0|1.0|1.0|0.9074999999999999|EXCELLENT
17350|4.0|54.0|39.25|0.0|False|False|False|False|0.55|1.0|1.0|1.0|0.8649999999999999|EXCELLENT
17351|13.0|41.0|18.615384615384617|0.0|False|False|False|False|0.6583333333333333|1.0|1.0|1.0|0.8974999999999999|EXCELLENT
17352|17.0|87.0|35.35294117647059|6.0|True|True|False|False|0.275|0.6470588235294117|1.0|1.0|0.6766176470588235|FAIR
17353|15.0|67.0|22.33333333333333|1.0|False|True|False|False|0.44166666666666665|0.9333333333333333|1.0|1.0|0.8124999999999999|GOOD
17354|12.0|54.0|23.33333333333333|2.0|False|True|False|False|0.55|0.8333333333333334|1.0|1.0|0.8150000000000001|GOOD
17355|15.0|60.0|32.13333333333333|2.0|False|True|False|False|0.5|0.8666666666666667|1.0|1.0|0.8099999999999999|GOOD
17356|13.0|39.0|25.923076923076923|0.0|False|False|False|False|0.675|1.0|1.0|1.0|0.9025|EXCELLENT
17357|24.0|42.0|21.70833333333333|2.0|False|True|False|False|0.65|0.9166666666666666|1.0|1.0|0.87|EXCELLENT
17358|21.0|65.0|23.761904761904763|2.0|False|True|False|False|0.45833333333333337|0.9047619047619048|1.0|1.0|0.8089285714285713|GOOD
17359|26.0|43.0|19.923076923076923|4.0|False|True|False|False|0.6416666666666666|0.8461538461538461|1.0|1.0|0.8463461538461537|GOOD
17360|13.0|33.0|22.76923076923077|1.0|False|True|False|False|0.725|0.9230769230769231|1.0|1.0|0.8944230769230769|EXCELLENT
17361|10.0|38.0|21.2|0.0|False|False|False|False|0.6833333333333333|1.0|1.0|1.0|0.9049999999999999|EXCELLENT
17362|17.0|40.0|17.41176470588235|1.0|False|True|False|False|0.6666666666666667|0.9411764705882353|1.0|1.0|0.8823529411764706|EXCELLENT
17365|10.0|33.0|20.1|2.0|False|True|False|False|0.725|0.8|1.0|1.0|0.8575|EXCELLENT
17366|8.0|28.0|15.5|0.0|False|False|False|False|0.7666666666666666|1.0|1.0|1.0|0.93|EXCELLENT
17367|14.0|59.0|17.785714285714285|3.0|False|True|False|False|0.5083333333333333|0.7857142857142857|1.0|1.0|0.7882142857142856|GOOD
17368|20.0|32.0|15.45|2.0|False|True|False|False|0.7333333333333334|0.9|1.0|1.0|0.89|EXCELLENT
17369|9.0|37.0|25.11111111111111|9.0|False|True|False|False|0.6916666666666667|0.0|1.0|1.0|0.6074999999999999|FAIR
17370|6.0|25.0|20.0|1.0|False|True|False|False|0.7916666666666666|0.8333333333333334|1.0|1.0|0.8875|EXCELLENT
17371|8.0|62.0|30.75|0.0|False|False|False|False|0.4833333333333333|1.0|1.0|1.0|0.8449999999999999|GOOD
17372|6.0|43.0|21.83333333333333|0.0|False|False|False|False|0.6416666666666666|1.0|1.0|1.0|0.8925|EXCELLENT
17373|32.0|41.0|21.28125|5.0|False|True|False|False|0.6583333333333333|0.84375|1.0|1.0|0.8506249999999999|EXCELLENT
17375|14.0|34.0|19.428571428571427|1.0|False|True|False|False|0.7166666666666667|0.9285714285714286|1.0|1.0|0.8935714285714286|EXCELLENT
17376|21.0|46.0|19.80952380952381|1.0|False|True|False|False|0.6166666666666667|0.9523809523809523|1.0|1.0|0.8707142857142857|EXCELLENT
17377|9.0|141.0|46.888888888888886|1.0|True|True|False|False|0.0|0.8888888888888888|1.0|1.0|0.6666666666666666|FAIR
17378|24.0|22.0|13.25|2.0|False|True|False|False|0.8166666666666667|0.9166666666666666|1.0|1.0|0.92|EXCELLENT
17380|5.0|60.0|30.4|0.0|False|False|False|False|0.5|1.0|1.0|1.0|0.85|EXCELLENT
17382|19.0|63.0|23.0|2.0|False|True|False|False|0.475|0.8947368421052632|1.0|1.0|0.810921052631579|GOOD
17383|9.0|48.0|25.88888888888889|1.0|False|True|False|False|0.6|0.8888888888888888|1.0|1.0|0.8466666666666666|GOOD
17384|6.0|37.0|25.33333333333333|0.0|False|False|False|False|0.6916666666666667|1.0|1.0|1.0|0.9074999999999999|EXCELLENT
17385|2.0|73.0|69.5|0.0|False|False|False|False|0.3916666666666667|1.0|1.0|1.0|0.8175|GOOD
17386|7.0|25.0|21.285714285714285|0.0|False|False|False|False|0.7916666666666666|1.0|1.0|1.0|0.9374999999999999|EXCELLENT
17387|13.0|76.0|23.384615384615383|0.0|False|False|False|False|0.3666666666666667|1.0|1.0|1.0|0.8099999999999999|GOOD
17389|9.0|36.0|23.444444444444443|0.0|False|False|False|False|0.7|1.0|1.0|1.0|0.91|EXCELLENT
17391|9.0|56.0|21.666666666666668|5.0|False|True|False|False|0.5333333333333333|0.4444444444444444|1.0|1.0|0.6933333333333332|FAIR
17392|6.0|35.0|25.83333333333333|0.0|False|False|False|False|0.7083333333333333|1.0|1.0|1.0|0.9125|EXCELLENT
17393|7.0|58.0|21.285714285714285|1.0|False|True|False|False|0.5166666666666666|0.8571428571428572|1.0|1.0|0.8121428571428572|GOOD
17394|13.0|31.0|15.615384615384617|6.0|False|True|False|False|0.7416666666666667|0.5384615384615384|1.0|1.0|0.7840384615384616|GOOD
17395|18.0|61.0|18.38888888888889|2.0|False|True|False|False|0.4916666666666667|0.8888888888888888|1.0|1.0|0.8141666666666666|GOOD
17397|13.0|54.0|31.384615384615383|0.0|False|False|False|False|0.55|1.0|1.0|1.0|0.8649999999999999|EXCELLENT
17399|4.0|42.0|31.0|0.0|False|False|False|False|0.65|1.0|1.0|1.0|0.8949999999999999|EXCELLENT
17401|12.0|37.0|24.5|0.0|False|False|False|False|0.6916666666666667|1.0|1.0|1.0|0.9074999999999999|EXCELLENT
17402|6.0|50.0|35.5|0.0|False|False|False|False|0.5833333333333333|1.0|1.0|1.0|0.8749999999999999|EXCELLENT
17404|21.0|68.0|31.61904761904762|0.0|False|False|False|False|0.43333333333333335|1.0|1.0|1.0|0.83|GOOD
17405|15.0|63.0|28.4|0.0|False|False|False|False|0.475|1.0|1.0|1.0|0.8424999999999999|GOOD
17408|25.0|25.0|14.72|6.0|False|True|False|False|0.7916666666666666|0.76|1.0|1.0|0.8654999999999999|EXCELLENT
17409|9.0|26.0|16.77777777777778|1.0|False|True|False|False|0.7833333333333333|0.8888888888888888|1.0|1.0|0.9016666666666667|EXCELLENT
17411|2.0|93.0|69.5|0.0|True|False|False|False|0.22499999999999998|1.0|1.0|1.0|0.7675|GOOD
17412|17.0|70.0|29.94117647058824|0.0|False|False|False|False|0.41666666666666663|1.0|1.0|1.0|0.825|GOOD
17413|6.0|44.0|23.666666666666668|0.0|False|False|False|False|0.6333333333333333|1.0|1.0|1.0|0.89|EXCELLENT
17414|7.0|44.0|28.0|0.0|False|False|False|False|0.6333333333333333|1.0|1.0|1.0|0.89|EXCELLENT
17415|14.0|41.0|21.357142857142858|1.0|False|True|False|False|0.6583333333333333|0.9285714285714286|1.0|1.0|0.8760714285714285|EXCELLENT
17417|14.0|31.0|15.5|2.0|False|True|False|False|0.7416666666666667|0.8571428571428572|1.0|1.0|0.8796428571428571|EXCELLENT
17418|19.0|31.0|17.63157894736842|2.0|False|True|False|False|0.7416666666666667|0.8947368421052632|1.0|1.0|0.8909210526315788|EXCELLENT
17419|26.0|37.0|19.53846153846154|4.0|False|True|False|False|0.6916666666666667|0.8461538461538461|1.0|1.0|0.8613461538461539|EXCELLENT
17421|6.0|58.0|29.166666666666668|1.0|False|True|False|False|0.5166666666666666|0.8333333333333334|1.0|1.0|0.8049999999999999|GOOD
17422|4.0|99.0|39.75|1.0|True|True|False|False|0.17500000000000004|0.75|1.0|1.0|0.6774999999999999|FAIR
17423|5.0|62.0|35.0|1.0|False|True|False|False|0.4833333333333333|0.8|1.0|1.0|0.785|GOOD
17424|35.0|46.0|21.457142857142856|3.0|False|True|False|False|0.6166666666666667|0.9142857142857143|1.0|1.0|0.8592857142857142|EXCELLENT
17425|4.0|56.0|34.0|0.0|False|False|False|False|0.5333333333333333|1.0|1.0|1.0|0.86|EXCELLENT
17426|6.0|84.0|40.333333333333336|1.0|True|True|False|False|0.30000000000000004|0.8333333333333334|1.0|1.0|0.74|GOOD
17427|9.0|62.0|22.0|1.0|False|True|False|False|0.4833333333333333|0.8888888888888888|1.0|1.0|0.8116666666666666|GOOD
17428|8.0|43.0|24.875|2.0|False|True|False|False|0.6416666666666666|0.75|1.0|1.0|0.8175|GOOD
17429|4.0|71.0|34.75|4.0|False|True|False|False|0.4083333333333333|0.0|1.0|1.0|0.5225|FAIR
17431|3.0|183.0|86.33333333333333|1.0|True|True|False|False|0.0|0.6666666666666667|1.0|1.0|0.6|FAIR
17432|4.0|76.0|43.75|2.0|False|True|False|False|0.3666666666666667|0.5|1.0|1.0|0.66|FAIR
17433|16.0|34.0|20.625|0.0|False|False|False|False|0.7166666666666667|1.0|1.0|1.0|0.9149999999999999|EXCELLENT
17434|19.0|30.0|14.894736842105264|3.0|False|True|False|False|0.75|0.8421052631578947|1.0|1.0|0.8776315789473683|EXCELLENT
17435|8.0|37.0|24.5|1.0|False|True|False|False|0.6916666666666667|0.875|1.0|1.0|0.87|EXCELLENT
17436|18.0|42.0|24.05555555555556|2.0|False|True|False|False|0.65|0.8888888888888888|1.0|1.0|0.8616666666666667|EXCELLENT
17437|11.0|76.0|34.09090909090909|0.0|False|False|False|False|0.3666666666666667|1.0|1.0|1.0|0.8099999999999999|GOOD
17438|15.0|34.0|18.933333333333334|2.0|False|True|False|False|0.7166666666666667|0.8666666666666667|1.0|1.0|0.8749999999999999|EXCELLENT
17439|15.0|40.0|21.8|0.0|False|False|False|False|0.6666666666666667|1.0|1.0|1.0|0.9|EXCELLENT
17441|34.0|38.0|18.91176470588235|1.0|False|True|False|False|0.6833333333333333|0.9705882352941176|1.0|1.0|0.8961764705882352|EXCELLENT
17442|15.0|32.0|21.666666666666668|1.0|False|True|False|False|0.7333333333333334|0.9333333333333333|1.0|1.0|0.9|EXCELLENT
17443|15.0|30.0|20.2|0.0|False|False|False|False|0.75|1.0|1.0|1.0|0.9249999999999999|EXCELLENT
17444|15.0|28.0|17.733333333333334|3.0|False|True|False|False|0.7666666666666666|0.8|1.0|1.0|0.87|EXCELLENT
17445|23.0|52.0|21.130434782608692|0.0|False|False|False|False|0.5666666666666667|1.0|1.0|1.0|0.87|EXCELLENT
17446|15.0|58.0|24.266666666666666|0.0|False|False|False|False|0.5166666666666666|1.0|1.0|1.0|0.8549999999999999|EXCELLENT
17447|30.0|35.0|20.3|4.0|False|True|False|False|0.7083333333333333|0.8666666666666667|1.0|1.0|0.8724999999999999|EXCELLENT
17448|7.0|104.0|43.0|0.0|True|False|False|False|0.1333333333333333|1.0|1.0|1.0|0.7399999999999999|GOOD
17449|24.0|53.0|17.583333333333332|3.0|False|True|False|False|0.5583333333333333|0.875|1.0|1.0|0.83|GOOD
17450|45.0|53.0|13.333333333333334|13.0|False|True|False|False|0.5583333333333333|0.7111111111111111|1.0|1.0|0.7808333333333334|GOOD
17451|14.0|40.0|25.142857142857142|14.0|False|True|False|False|0.6666666666666667|0.0|1.0|1.0|0.6|FAIR
17452|5.0|83.0|34.0|0.0|True|False|False|False|0.30833333333333335|1.0|1.0|1.0|0.7924999999999999|GOOD
17453|9.0|32.0|17.88888888888889|1.0|False|True|False|False|0.7333333333333334|0.8888888888888888|1.0|1.0|0.8866666666666666|EXCELLENT
17454|8.0|32.0|23.875|0.0|False|False|False|False|0.7333333333333334|1.0|1.0|1.0|0.92|EXCELLENT
17455|10.0|34.0|18.1|0.0|False|False|False|False|0.7166666666666667|1.0|1.0|1.0|0.9149999999999999|EXCELLENT
17457|8.0|96.0|36.5|0.0|True|False|False|False|0.19999999999999996|1.0|1.0|1.0|0.7599999999999999|GOOD
17459|12.0|26.0|17.25|1.0|False|True|False|False|0.7833333333333333|0.9166666666666666|1.0|1.0|0.91|EXCELLENT
17462|9.0|38.0|24.11111111111111|0.0|False|False|False|False|0.6833333333333333|1.0|1.0|1.0|0.9049999999999999|EXCELLENT
17463|9.0|44.0|20.33333333333333|3.0|False|True|False|False|0.6333333333333333|0.6666666666666667|1.0|1.0|0.7899999999999999|GOOD
17464|8.0|55.0|25.5|0.0|False|False|False|False|0.5416666666666667|1.0|1.0|1.0|0.8624999999999999|EXCELLENT
17467|16.0|42.0|22.5625|16.0|False|True|False|False|0.65|0.0|1.0|1.0|0.595|FAIR
17468|10.0|51.0|23.3|0.0|False|False|False|False|0.575|1.0|1.0|1.0|0.8724999999999999|EXCELLENT
17469|9.0|51.0|26.0|0.0|False|False|False|False|0.575|1.0|1.0|1.0|0.8724999999999999|EXCELLENT
17470|9.0|43.0|29.55555555555556|0.0|False|False|False|False|0.6416666666666666|1.0|1.0|1.0|0.8925|EXCELLENT
17473|9.0|36.0|21.88888888888889|1.0|False|True|False|False|0.7|0.8888888888888888|1.0|1.0|0.8766666666666666|EXCELLENT
17474|22.0|36.0|20.59090909090909|0.0|False|False|False|False|0.7|1.0|1.0|1.0|0.91|EXCELLENT
17475|3.0|94.0|46.0|1.0|True|True|False|False|0.21666666666666667|0.6666666666666667|1.0|1.0|0.6649999999999999|FAIR
17476|23.0|60.0|22.695652173913043|1.0|False|True|False|False|0.5|0.9565217391304348|1.0|1.0|0.8369565217391305|GOOD
17477|13.0|30.0|16.153846153846153|3.0|False|True|False|False|0.75|0.7692307692307692|1.0|1.0|0.8557692307692307|EXCELLENT
17478|3.0|53.0|43.333333333333336|0.0|False|False|False|False|0.5583333333333333|1.0|1.0|1.0|0.8675|EXCELLENT
17479|6.0|35.0|22.166666666666668|0.0|False|False|False|False|0.7083333333333333|1.0|1.0|1.0|0.9125|EXCELLENT
17480|18.0|61.0|23.5|0.0|False|False|False|False|0.4916666666666667|1.0|1.0|1.0|0.8475|GOOD
17481|6.0|42.0|20.5|1.0|False|True|False|False|0.65|0.8333333333333334|1.0|1.0|0.845|GOOD
17482|4.0|62.0|39.75|0.0|False|False|False|False|0.4833333333333333|1.0|1.0|1.0|0.8449999999999999|GOOD
17483|1.0|180.0|180.0|0.0|True|False|True|True|0.0|1.0|0.3|0.4|0.43000000000000005|POOR
17484|9.0|35.0|23.666666666666668|0.0|False|False|False|False|0.7083333333333333|1.0|1.0|1.0|0.9125|EXCELLENT
17485|10.0|34.0|16.6|1.0|False|True|False|False|0.7166666666666667|0.9|1.0|1.0|0.8849999999999999|EXCELLENT
17486|5.0|25.0|20.0|1.0|False|True|False|False|0.7916666666666666|0.8|1.0|1.0|0.8775|EXCELLENT
17487|10.0|33.0|21.9|0.0|False|False|False|False|0.725|1.0|1.0|1.0|0.9174999999999999|EXCELLENT
17488|6.0|32.0|21.83333333333333|1.0|False|True|False|False|0.7333333333333334|0.8333333333333334|1.0|1.0|0.87|EXCELLENT
17489|29.0|44.0|23.58620689655172|2.0|False|True|False|False|0.6333333333333333|0.9310344827586207|1.0|1.0|0.8693103448275862|EXCELLENT
17490|9.0|35.0|19.444444444444443|0.0|False|False|False|False|0.7083333333333333|1.0|1.0|1.0|0.9125|EXCELLENT
17491|25.0|43.0|22.32|1.0|False|True|False|False|0.6416666666666666|0.96|1.0|1.0|0.8805|EXCELLENT
17492|1.0|173.0|173.0|0.0|True|False|True|True|0.0|1.0|0.3|0.4|0.43000000000000005|POOR
17493|33.0|47.0|18.60606060606061|8.0|False|True|False|False|0.6083333333333334|0.7575757575757576|1.0|1.0|0.8097727272727272|GOOD
17494|7.0|39.0|25.857142857142858|0.0|False|False|False|False|0.675|1.0|1.0|1.0|0.9025|EXCELLENT
17495|22.0|72.0|26.5|0.0|False|False|False|False|0.4|1.0|1.0|1.0|0.82|GOOD
17496|12.0|45.0|20.666666666666668|2.0|False|True|False|False|0.625|0.8333333333333334|1.0|1.0|0.8375|GOOD
17497|3.0|66.0|34.666666666666664|0.0|False|False|False|False|0.44999999999999996|1.0|1.0|1.0|0.8349999999999999|GOOD
17498|4.0|32.0|23.75|0.0|False|False|False|False|0.7333333333333334|1.0|1.0|1.0|0.92|EXCELLENT
17499|24.0|61.0|21.375|3.0|False|True|False|False|0.4916666666666667|0.875|1.0|1.0|0.8099999999999999|GOOD
17500|13.0|36.0|17.384615384615383|1.0|False|True|False|False|0.7|0.9230769230769231|1.0|1.0|0.8869230769230768|EXCELLENT
17501|28.0|75.0|25.892857142857142|3.0|False|True|False|False|0.375|0.8928571428571429|1.0|1.0|0.7803571428571429|GOOD
17502|8.0|29.0|21.25|0.0|False|False|False|False|0.7583333333333333|1.0|1.0|1.0|0.9274999999999999|EXCELLENT
17504|7.0|44.0|22.571428571428573|0.0|False|False|False|False|0.6333333333333333|1.0|1.0|1.0|0.89|EXCELLENT
17505|4.0|55.0|32.25|0.0|False|False|False|False|0.5416666666666667|1.0|1.0|1.0|0.8624999999999999|EXCELLENT
17506|6.0|24.0|17.166666666666668|1.0|False|True|False|False|0.8|0.8333333333333334|1.0|1.0|0.89|EXCELLENT
17507|3.0|49.0|41.0|0.0|False|False|False|False|0.5916666666666667|1.0|1.0|1.0|0.8775|EXCELLENT
17508|13.0|38.0|18.923076923076923|0.0|False|False|False|False|0.6833333333333333|1.0|1.0|1.0|0.9049999999999999|EXCELLENT
17509|6.0|71.0|27.166666666666668|1.0|False|True|False|False|0.4083333333333333|0.8333333333333334|1.0|1.0|0.7725|GOOD
17510|5.0|52.0|39.8|0.0|False|False|False|False|0.5666666666666667|1.0|1.0|1.0|0.87|EXCELLENT
17511|7.0|44.0|23.857142857142858|1.0|False|True|False|False|0.6333333333333333|0.8571428571428572|1.0|1.0|0.8471428571428571|GOOD
17512|4.0|63.0|34.5|0.0|False|False|False|False|0.475|1.0|1.0|1.0|0.8424999999999999|GOOD
17513|5.0|43.0|35.8|0.0|False|False|False|False|0.6416666666666666|1.0|1.0|1.0|0.8925|EXCELLENT
17515|3.0|50.0|33.0|0.0|False|False|False|False|0.5833333333333333|1.0|1.0|1.0|0.8749999999999999|EXCELLENT
17516|3.0|55.0|39.66666666666666|0.0|False|False|False|False|0.5416666666666667|1.0|1.0|1.0|0.8624999999999999|EXCELLENT
17517|6.0|31.0|21.83333333333333|1.0|False|True|False|False|0.7416666666666667|0.8333333333333334|1.0|1.0|0.8724999999999999|EXCELLENT
17518|10.0|38.0|19.3|1.0|False|True|False|False|0.6833333333333333|0.9|1.0|1.0|0.8749999999999999|EXCELLENT
17519|7.0|56.0|31.0|2.0|False|True|False|False|0.5333333333333333|0.7142857142857143|1.0|1.0|0.7742857142857142|GOOD
17520|6.0|54.0|28.0|0.0|False|False|False|False|0.55|1.0|1.0|1.0|0.8649999999999999|EXCELLENT
17521|7.0|42.0|21.571428571428573|4.0|False|True|False|False|0.65|0.4285714285714286|1.0|1.0|0.7235714285714286|GOOD
17522|12.0|57.0|24.0|12.0|False|True|False|False|0.525|0.0|1.0|1.0|0.5575|FAIR
17523|6.0|80.0|38.5|1.0|False|True|False|False|0.33333333333333337|0.8333333333333334|1.0|1.0|0.7499999999999999|GOOD
17524|7.0|32.0|16.714285714285715|0.0|False|False|False|False|0.7333333333333334|1.0|1.0|1.0|0.92|EXCELLENT
17525|9.0|88.0|26.88888888888889|1.0|True|True|False|False|0.2666666666666667|0.8888888888888888|1.0|1.0|0.7466666666666667|GOOD
17526|3.0|16.0|13.333333333333334|0.0|False|False|False|False|0.8666666666666667|1.0|1.0|1.0|0.9600000000000001|EXCELLENT
17527|5.0|82.0|35.6|0.0|True|False|False|False|0.31666666666666665|1.0|1.0|1.0|0.7949999999999999|GOOD
17528|20.0|47.0|21.6|0.0|False|False|False|False|0.6083333333333334|1.0|1.0|1.0|0.8825|EXCELLENT
17529|12.0|53.0|24.166666666666668|3.0|False|True|False|False|0.5583333333333333|0.75|1.0|1.0|0.7924999999999999|GOOD
17530|16.0|34.0|18.0|2.0|False|True|False|False|0.7166666666666667|0.875|1.0|1.0|0.8775000000000001|EXCELLENT
17531|7.0|51.0|29.714285714285715|7.0|False|True|False|False|0.575|0.0|1.0|1.0|0.5725|FAIR
17532|8.0|55.0|26.125|1.0|False|True|False|False|0.5416666666666667|0.875|1.0|1.0|0.8250000000000001|GOOD
17533|4.0|85.0|36.25|0.0|True|False|False|False|0.29166666666666663|1.0|1.0|1.0|0.7875|GOOD
17534|2.0|127.0|84.0|0.0|True|False|False|False|0.0|1.0|1.0|1.0|0.7|GOOD
17535|23.0|65.0|25.869565217391305|2.0|False|True|False|False|0.45833333333333337|0.9130434782608696|1.0|1.0|0.8114130434782608|GOOD
17536|4.0|55.0|42.75|0.0|False|False|False|False|0.5416666666666667|1.0|1.0|1.0|0.8624999999999999|EXCELLENT
17538|7.0|61.0|29.714285714285715|0.0|False|False|False|False|0.4916666666666667|1.0|1.0|1.0|0.8475|GOOD
17539|4.0|50.0|30.75|1.0|False|True|False|False|0.5833333333333333|0.75|1.0|1.0|0.7999999999999999|GOOD
17540|13.0|46.0|20.76923076923077|1.0|False|True|False|False|0.6166666666666667|0.9230769230769231|1.0|1.0|0.8619230769230769|EXCELLENT
17541|11.0|64.0|22.363636363636363|1.0|False|True|False|False|0.4666666666666667|0.9090909090909091|1.0|1.0|0.8127272727272726|GOOD
17542|25.0|40.0|19.64|1.0|False|True|False|False|0.6666666666666667|0.96|1.0|1.0|0.888|EXCELLENT
17543|16.0|55.0|21.8125|0.0|False|False|False|False|0.5416666666666667|1.0|1.0|1.0|0.8624999999999999|EXCELLENT
17544|29.0|43.0|20.344827586206897|6.0|False|True|False|False|0.6416666666666666|0.7931034482758621|1.0|1.0|0.8304310344827586|GOOD
17545|33.0|36.0|18.303030303030305|33.0|False|True|False|False|0.7|0.0|1.0|1.0|0.61|FAIR
17546|2.0|44.0|23.0|1.0|False|True|False|False|0.6333333333333333|0.5|1.0|1.0|0.7399999999999999|GOOD
17547|31.0|53.0|19.64516129032258|4.0|False|True|False|False|0.5583333333333333|0.8709677419354839|1.0|1.0|0.8287903225806451|GOOD
17548|26.0|45.0|19.653846153846157|3.0|False|True|False|False|0.625|0.8846153846153846|1.0|1.0|0.8528846153846154|EXCELLENT
17549|15.0|35.0|21.466666666666665|1.0|False|True|False|False|0.7083333333333333|0.9333333333333333|1.0|1.0|0.8925|EXCELLENT
17550|13.0|57.0|32.53846153846154|2.0|False|True|False|False|0.525|0.8461538461538461|1.0|1.0|0.8113461538461538|GOOD
17551|25.0|41.0|18.16|5.0|False|True|False|False|0.6583333333333333|0.8|1.0|1.0|0.8375|GOOD
17552|13.0|29.0|17.076923076923077|2.0|False|True|False|False|0.7583333333333333|0.8461538461538461|1.0|1.0|0.8813461538461538|EXCELLENT
17553|7.0|32.0|20.571428571428573|1.0|False|True|False|False|0.7333333333333334|0.8571428571428572|1.0|1.0|0.8771428571428571|EXCELLENT
17554|4.0|40.0|28.75|0.0|False|False|False|False|0.6666666666666667|1.0|1.0|1.0|0.9|EXCELLENT
17557|21.0|44.0|24.142857142857142|1.0|False|True|False|False|0.6333333333333333|0.9523809523809523|1.0|1.0|0.8757142857142856|EXCELLENT
17559|14.0|66.0|25.285714285714285|1.0|False|True|False|False|0.44999999999999996|0.9285714285714286|1.0|1.0|0.8135714285714285|GOOD
17560|17.0|41.0|18.88235294117647|3.0|False|True|False|False|0.6583333333333333|0.8235294117647058|1.0|1.0|0.8445588235294117|GOOD
17561|5.0|34.0|22.6|0.0|False|False|False|False|0.7166666666666667|1.0|1.0|1.0|0.9149999999999999|EXCELLENT
17562|5.0|33.0|22.2|0.0|False|False|False|False|0.725|1.0|1.0|1.0|0.9174999999999999|EXCELLENT
17563|15.0|67.0|22.6|1.0|False|True|False|False|0.44166666666666665|0.9333333333333333|1.0|1.0|0.8124999999999999|GOOD
17564|18.0|37.0|16.5|2.0|False|True|False|False|0.6916666666666667|0.8888888888888888|1.0|1.0|0.8741666666666666|EXCELLENT
17565|7.0|30.0|19.428571428571427|2.0|False|True|False|False|0.75|0.7142857142857143|1.0|1.0|0.8392857142857143|GOOD
17566|37.0|57.0|21.27027027027027|3.0|False|True|False|False|0.525|0.9189189189189189|1.0|1.0|0.8331756756756755|GOOD
17567|8.0|38.0|22.875|0.0|False|False|False|False|0.6833333333333333|1.0|1.0|1.0|0.9049999999999999|EXCELLENT
17568|17.0|62.0|19.235294117647054|2.0|False|True|False|False|0.4833333333333333|0.8823529411764706|1.0|1.0|0.8097058823529412|GOOD
17569|10.0|78.0|27.9|0.0|False|False|False|False|0.35|1.0|1.0|1.0|0.8049999999999999|GOOD
17570|9.0|42.0|20.444444444444443|3.0|False|True|False|False|0.65|0.6666666666666667|1.0|1.0|0.795|GOOD
17571|15.0|29.0|17.333333333333332|4.0|False|True|False|False|0.7583333333333333|0.7333333333333334|1.0|1.0|0.8475|GOOD
17572|34.0|42.0|19.764705882352946|5.0|False|True|False|False|0.65|0.8529411764705882|1.0|1.0|0.8508823529411764|EXCELLENT
17573|5.0|35.0|25.0|0.0|False|False|False|False|0.7083333333333333|1.0|1.0|1.0|0.9125|EXCELLENT
17577|5.0|46.0|29.0|0.0|False|False|False|False|0.6166666666666667|1.0|1.0|1.0|0.8849999999999999|EXCELLENT
17578|8.0|151.0|45.375|0.0|True|False|False|False|0.0|1.0|1.0|1.0|0.7|GOOD
17580|17.0|40.0|19.235294117647054|1.0|False|True|False|False|0.6666666666666667|0.9411764705882353|1.0|1.0|0.8823529411764706|EXCELLENT
17581|9.0|33.0|18.666666666666668|1.0|False|True|False|False|0.725|0.8888888888888888|1.0|1.0|0.8841666666666667|EXCELLENT
17582|15.0|33.0|17.0|2.0|False|True|False|False|0.725|0.8666666666666667|1.0|1.0|0.8775000000000001|EXCELLENT
17583|6.0|35.0|22.666666666666668|2.0|False|True|False|False|0.7083333333333333|0.6666666666666667|1.0|1.0|0.8124999999999999|GOOD
17584|13.0|27.0|19.0|1.0|False|True|False|False|0.775|0.9230769230769231|1.0|1.0|0.909423076923077|EXCELLENT
17585|4.0|49.0|29.25|0.0|False|False|False|False|0.5916666666666667|1.0|1.0|1.0|0.8775|EXCELLENT
17586|11.0|48.0|22.181818181818183|0.0|False|False|False|False|0.6|1.0|1.0|1.0|0.88|EXCELLENT
17587|11.0|99.0|30.272727272727277|2.0|True|True|False|False|0.17500000000000004|0.8181818181818181|1.0|1.0|0.6979545454545454|FAIR
17588|8.0|36.0|21.375|0.0|False|False|False|False|0.7|1.0|1.0|1.0|0.91|EXCELLENT
17589|6.0|24.0|17.833333333333332|1.0|False|True|False|False|0.8|0.8333333333333334|1.0|1.0|0.89|EXCELLENT
17590|6.0|104.0|65.5|0.0|True|False|False|False|0.1333333333333333|1.0|1.0|1.0|0.7399999999999999|GOOD
17591|8.0|33.0|22.5|0.0|False|False|False|False|0.725|1.0|1.0|1.0|0.9174999999999999|EXCELLENT
17592|4.0|157.0|59.75|0.0|True|False|False|False|0.0|1.0|1.0|1.0|0.7|GOOD
17593|2.0|29.0|25.5|0.0|False|False|False|False|0.7583333333333333|1.0|1.0|1.0|0.9274999999999999|EXCELLENT
17595|8.0|38.0|23.25|1.0|False|True|False|False|0.6833333333333333|0.875|1.0|1.0|0.8675|EXCELLENT
17597|7.0|60.0|32.857142857142854|0.0|False|False|False|False|0.5|1.0|1.0|1.0|0.85|EXCELLENT
17598|6.0|70.0|40.5|0.0|False|False|False|False|0.41666666666666663|1.0|1.0|1.0|0.825|GOOD
17599|8.0|35.0|19.625|1.0|False|True|False|False|0.7083333333333333|0.875|1.0|1.0|0.8749999999999999|EXCELLENT
17600|14.0|40.0|19.357142857142858|0.0|False|False|False|False|0.6666666666666667|1.0|1.0|1.0|0.9|EXCELLENT
17603|7.0|42.0|22.857142857142858|0.0|False|False|False|False|0.65|1.0|1.0|1.0|0.8949999999999999|EXCELLENT
17604|12.0|46.0|20.416666666666668|1.0|False|True|False|False|0.6166666666666667|0.9166666666666666|1.0|1.0|0.86|EXCELLENT
17605|15.0|72.0|35.2|15.0|False|True|False|False|0.4|0.0|1.0|1.0|0.52|FAIR
17606|10.0|56.0|22.8|1.0|False|True|False|False|0.5333333333333333|0.9|1.0|1.0|0.83|GOOD
17607|6.0|33.0|20.666666666666668|0.0|False|False|False|False|0.725|1.0|1.0|1.0|0.9174999999999999|EXCELLENT
17608|17.0|29.0|16.470588235294116|3.0|False|True|False|False|0.7583333333333333|0.8235294117647058|1.0|1.0|0.8745588235294116|EXCELLENT
17609|5.0|33.0|23.2|0.0|False|False|False|False|0.725|1.0|1.0|1.0|0.9174999999999999|EXCELLENT
17613|13.0|63.0|30.23076923076923|0.0|False|False|False|False|0.475|1.0|1.0|1.0|0.8424999999999999|GOOD
17614|13.0|64.0|30.384615384615383|0.0|False|False|False|False|0.4666666666666667|1.0|1.0|1.0|0.84|GOOD
17616|9.0|62.0|30.11111111111111|0.0|False|False|False|False|0.4833333333333333|1.0|1.0|1.0|0.8449999999999999|GOOD
17617|7.0|24.0|14.857142857142858|1.0|False|True|False|False|0.8|0.8571428571428572|1.0|1.0|0.8971428571428571|EXCELLENT
17618|20.0|51.0|22.65|20.0|False|True|False|False|0.575|0.0|1.0|1.0|0.5725|FAIR
17621|9.0|45.0|25.444444444444443|0.0|False|False|False|False|0.625|1.0|1.0|1.0|0.8875|EXCELLENT
17622|26.0|40.0|16.576923076923077|2.0|False|True|False|False|0.6666666666666667|0.9230769230769231|1.0|1.0|0.8769230769230769|EXCELLENT
17623|7.0|114.0|47.85714285714285|0.0|True|False|False|False|0.050000000000000044|1.0|1.0|1.0|0.715|GOOD
17624|34.0|42.0|19.61764705882353|7.0|False|True|False|False|0.65|0.7941176470588236|1.0|1.0|0.833235294117647|GOOD
17625|10.0|54.0|23.5|0.0|False|False|False|False|0.55|1.0|1.0|1.0|0.8649999999999999|EXCELLENT
17627|24.0|35.0|18.20833333333333|4.0|False|True|False|False|0.7083333333333333|0.8333333333333334|1.0|1.0|0.8624999999999999|EXCELLENT
17628|4.0|28.0|15.0|0.0|False|False|False|False|0.7666666666666666|1.0|1.0|1.0|0.93|EXCELLENT
17629|29.0|41.0|22.89655172413793|4.0|False|True|False|False|0.6583333333333333|0.8620689655172413|1.0|1.0|0.8561206896551724|EXCELLENT
17630|29.0|43.0|21.0|7.0|False|True|False|False|0.6416666666666666|0.7586206896551724|1.0|1.0|0.8200862068965517|GOOD
17631|12.0|38.0|16.333333333333332|0.0|False|False|False|False|0.6833333333333333|1.0|1.0|1.0|0.9049999999999999|EXCELLENT
17632|18.0|59.0|20.5|1.0|False|True|False|False|0.5083333333333333|0.9444444444444444|1.0|1.0|0.8358333333333333|GOOD
17633|16.0|57.0|28.0|16.0|False|True|False|False|0.525|0.0|1.0|1.0|0.5575|FAIR
17634|17.0|52.0|26.41176470588235|17.0|False|True|False|False|0.5666666666666667|0.0|1.0|1.0|0.57|FAIR
17635|8.0|65.0|34.125|2.0|False|True|False|False|0.45833333333333337|0.75|1.0|1.0|0.7625|GOOD
17636|5.0|44.0|27.0|5.0|False|True|False|False|0.6333333333333333|0.0|1.0|1.0|0.59|FAIR
17637|18.0|42.0|20.77777777777778|18.0|False|True|False|False|0.65|0.0|1.0|1.0|0.595|FAIR
17638|7.0|81.0|42.57142857142857|0.0|True|False|False|False|0.32499999999999996|1.0|1.0|1.0|0.7975|GOOD
17639|8.0|30.0|21.625|0.0|False|False|False|False|0.75|1.0|1.0|1.0|0.9249999999999999|EXCELLENT
17640|6.0|75.0|42.5|0.0|False|False|False|False|0.375|1.0|1.0|1.0|0.8124999999999999|GOOD
17641|7.0|27.0|20.285714285714285|0.0|False|False|False|False|0.775|1.0|1.0|1.0|0.9325|EXCELLENT
17642|12.0|30.0|18.416666666666668|1.0|False|True|False|False|0.75|0.9166666666666666|1.0|1.0|0.8999999999999999|EXCELLENT
17643|7.0|52.0|22.571428571428573|1.0|False|True|False|False|0.5666666666666667|0.8571428571428572|1.0|1.0|0.8271428571428571|GOOD
17644|9.0|80.0|34.333333333333336|1.0|False|True|False|False|0.33333333333333337|0.8888888888888888|1.0|1.0|0.7666666666666667|GOOD
17645|9.0|82.0|34.333333333333336|1.0|True|True|False|False|0.31666666666666665|0.8888888888888888|1.0|1.0|0.7616666666666666|GOOD
17646|16.0|47.0|17.0|2.0|False|True|False|False|0.6083333333333334|0.875|1.0|1.0|0.8450000000000001|GOOD
17647|8.0|51.0|24.125|1.0|False|True|False|False|0.575|0.875|1.0|1.0|0.835|GOOD
17648|9.0|44.0|18.666666666666668|2.0|False|True|False|False|0.6333333333333333|0.7777777777777778|1.0|1.0|0.8233333333333334|GOOD
17649|4.0|73.0|35.25|0.0|False|False|False|False|0.3916666666666667|1.0|1.0|1.0|0.8175|GOOD
17650|6.0|47.0|24.166666666666668|1.0|False|True|False|False|0.6083333333333334|0.8333333333333334|1.0|1.0|0.8324999999999999|GOOD
17654|7.0|44.0|24.428571428571427|0.0|False|False|False|False|0.6333333333333333|1.0|1.0|1.0|0.89|EXCELLENT
17656|10.0|40.0|21.8|0.0|False|False|False|False|0.6666666666666667|1.0|1.0|1.0|0.9|EXCELLENT
17657|7.0|32.0|24.857142857142858|0.0|False|False|False|False|0.7333333333333334|1.0|1.0|1.0|0.92|EXCELLENT
17658|10.0|44.0|22.1|0.0|False|False|False|False|0.6333333333333333|1.0|1.0|1.0|0.89|EXCELLENT
17660|16.0|28.0|17.8125|16.0|False|True|False|False|0.7666666666666666|0.0|1.0|1.0|0.63|FAIR
17661|8.0|28.0|17.75|2.0|False|True|False|False|0.7666666666666666|0.75|1.0|1.0|0.8549999999999999|EXCELLENT
17662|6.0|98.0|39.333333333333336|0.0|True|False|False|False|0.18333333333333335|1.0|1.0|1.0|0.755|GOOD
17663|22.0|41.0|20.63636363636364|3.0|False|True|False|False|0.6583333333333333|0.8636363636363636|1.0|1.0|0.8565909090909091|EXCELLENT
17665|4.0|32.0|23.75|0.0|False|False|False|False|0.7333333333333334|1.0|1.0|1.0|0.92|EXCELLENT
17666|6.0|41.0|27.666666666666668|0.0|False|False|False|False|0.6583333333333333|1.0|1.0|1.0|0.8974999999999999|EXCELLENT
17667|4.0|52.0|38.75|0.0|False|False|False|False|0.5666666666666667|1.0|1.0|1.0|0.87|EXCELLENT
17668|8.0|42.0|25.25|2.0|False|True|False|False|0.65|0.75|1.0|1.0|0.82|GOOD
17669|9.0|40.0|23.11111111111111|1.0|False|True|False|False|0.6666666666666667|0.8888888888888888|1.0|1.0|0.8666666666666666|EXCELLENT
17670|8.0|32.0|22.0|0.0|False|False|False|False|0.7333333333333334|1.0|1.0|1.0|0.92|EXCELLENT
17671|10.0|43.0|21.6|0.0|False|False|False|False|0.6416666666666666|1.0|1.0|1.0|0.8925|EXCELLENT
17672|6.0|73.0|31.666666666666668|0.0|False|False|False|False|0.3916666666666667|1.0|1.0|1.0|0.8175|GOOD
17673|4.0|43.0|26.75|0.0|False|False|False|False|0.6416666666666666|1.0|1.0|1.0|0.8925|EXCELLENT
17674|8.0|33.0|20.625|1.0|False|True|False|False|0.725|0.875|1.0|1.0|0.88|EXCELLENT
17675|8.0|54.0|23.25|0.0|False|False|False|False|0.55|1.0|1.0|1.0|0.8649999999999999|EXCELLENT
17676|4.0|48.0|32.75|0.0|False|False|False|False|0.6|1.0|1.0|1.0|0.88|EXCELLENT
17678|4.0|28.0|16.75|2.0|False|True|False|False|0.7666666666666666|0.5|1.0|1.0|0.7799999999999999|GOOD
17680|8.0|36.0|22.25|8.0|False|True|False|False|0.7|0.0|1.0|1.0|0.61|FAIR
17682|8.0|51.0|25.625|8.0|False|True|False|False|0.575|0.0|1.0|1.0|0.5725|FAIR
17683|3.0|60.0|43.66666666666666|0.0|False|False|False|False|0.5|1.0|1.0|1.0|0.85|EXCELLENT
17684|22.0|29.0|17.5|22.0|False|True|False|False|0.7583333333333333|0.0|1.0|1.0|0.6275|FAIR
17685|3.0|23.0|15.0|3.0|False|True|False|False|0.8083333333333333|0.0|1.0|1.0|0.6425|FAIR
17686|5.0|39.0|20.8|5.0|False|True|False|False|0.675|0.0|1.0|1.0|0.6024999999999999|FAIR
17687|15.0|44.0|25.6|15.0|False|True|False|False|0.6333333333333333|0.0|1.0|1.0|0.59|FAIR
17688|3.0|22.0|19.33333333333333|3.0|False|True|False|False|0.8166666666666667|0.0|1.0|1.0|0.6449999999999999|FAIR
17689|7.0|40.0|22.714285714285715|1.0|False|True|False|False|0.6666666666666667|0.8571428571428572|1.0|1.0|0.8571428571428571|EXCELLENT
17690|10.0|70.0|21.3|10.0|False|True|False|False|0.41666666666666663|0.0|1.0|1.0|0.525|FAIR
17691|7.0|28.0|20.428571428571427|0.0|False|False|False|False|0.7666666666666666|1.0|1.0|1.0|0.93|EXCELLENT
17692|4.0|34.0|29.5|0.0|False|False|False|False|0.7166666666666667|1.0|1.0|1.0|0.9149999999999999|EXCELLENT
17693|5.0|67.0|37.4|0.0|False|False|False|False|0.44166666666666665|1.0|1.0|1.0|0.8324999999999999|GOOD
17694|4.0|53.0|35.75|0.0|False|False|False|False|0.5583333333333333|1.0|1.0|1.0|0.8675|EXCELLENT
17695|6.0|41.0|28.5|0.0|False|False|False|False|0.6583333333333333|1.0|1.0|1.0|0.8974999999999999|EXCELLENT
17697|3.0|79.0|53.333333333333336|0.0|False|False|False|False|0.3416666666666667|1.0|1.0|1.0|0.8024999999999999|GOOD
17698|6.0|50.0|32.333333333333336|1.0|False|True|False|False|0.5833333333333333|0.8333333333333334|1.0|1.0|0.8249999999999998|GOOD
17699|17.0|44.0|18.41176470588235|17.0|False|True|False|False|0.6333333333333333|0.0|1.0|1.0|0.59|FAIR
17700|7.0|28.0|23.285714285714285|0.0|False|False|False|False|0.7666666666666666|1.0|1.0|1.0|0.93|EXCELLENT
17701|9.0|31.0|21.22222222222222|0.0|False|False|False|False|0.7416666666666667|1.0|1.0|1.0|0.9225|EXCELLENT
17702|3.0|73.0|54.333333333333336|0.0|False|False|False|False|0.3916666666666667|1.0|1.0|1.0|0.8175|GOOD
17703|26.0|42.0|20.923076923076923|3.0|False|True|False|False|0.65|0.8846153846153846|1.0|1.0|0.8603846153846154|EXCELLENT
17704|2.0|71.0|65.5|0.0|False|False|False|False|0.4083333333333333|1.0|1.0|1.0|0.8224999999999999|GOOD
17705|7.0|63.0|27.142857142857142|0.0|False|False|False|False|0.475|1.0|1.0|1.0|0.8424999999999999|GOOD
17706|4.0|59.0|38.0|0.0|False|False|False|False|0.5083333333333333|1.0|1.0|1.0|0.8524999999999999|EXCELLENT
17707|12.0|44.0|21.58333333333333|12.0|False|True|False|False|0.6333333333333333|0.0|1.0|1.0|0.59|FAIR
17708|8.0|36.0|20.125|1.0|False|True|False|False|0.7|0.875|1.0|1.0|0.8724999999999999|EXCELLENT
17709|1.0|116.0|116.0|0.0|True|False|True|True|0.033333333333333326|1.0|0.3|0.4|0.44000000000000006|POOR
17711|11.0|72.0|17.727272727272727|1.0|False|True|False|False|0.4|0.9090909090909091|1.0|1.0|0.7927272727272726|GOOD
17713|6.0|35.0|24.166666666666668|0.0|False|False|False|False|0.7083333333333333|1.0|1.0|1.0|0.9125|EXCELLENT
17714|8.0|41.0|29.25|0.0|False|False|False|False|0.6583333333333333|1.0|1.0|1.0|0.8974999999999999|EXCELLENT
17715|17.0|52.0|19.88235294117647|2.0|False|True|False|False|0.5666666666666667|0.8823529411764706|1.0|1.0|0.8347058823529411|GOOD
17716|5.0|38.0|25.8|0.0|False|False|False|False|0.6833333333333333|1.0|1.0|1.0|0.9049999999999999|EXCELLENT
17717|5.0|48.0|36.6|0.0|False|False|False|False|0.6|1.0|1.0|1.0|0.88|EXCELLENT
17718|7.0|42.0|22.428571428571427|1.0|False|True|False|False|0.65|0.8571428571428572|1.0|1.0|0.8521428571428572|EXCELLENT
17719|5.0|41.0|32.6|0.0|False|False|False|False|0.6583333333333333|1.0|1.0|1.0|0.8974999999999999|EXCELLENT
17720|2.0|33.0|29.5|0.0|False|False|False|False|0.725|1.0|1.0|1.0|0.9174999999999999|EXCELLENT
17721|7.0|61.0|28.571428571428573|2.0|False|True|False|False|0.4916666666666667|0.7142857142857143|1.0|1.0|0.7617857142857142|GOOD
17722|10.0|28.0|16.2|3.0|False|True|False|False|0.7666666666666666|0.7|1.0|1.0|0.84|GOOD
17723|11.0|45.0|20.63636363636364|2.0|False|True|False|False|0.625|0.8181818181818181|1.0|1.0|0.8329545454545454|GOOD
17724|11.0|34.0|19.181818181818183|0.0|False|False|False|False|0.7166666666666667|1.0|1.0|1.0|0.9149999999999999|EXCELLENT
17725|9.0|51.0|20.55555555555556|0.0|False|False|False|False|0.575|1.0|1.0|1.0|0.8724999999999999|EXCELLENT
17726|12.0|31.0|20.166666666666668|1.0|False|True|False|False|0.7416666666666667|0.9166666666666666|1.0|1.0|0.8974999999999999|EXCELLENT
17727|9.0|91.0|35.333333333333336|0.0|True|False|False|False|0.2416666666666667|1.0|1.0|1.0|0.7725|GOOD
17728|7.0|36.0|21.285714285714285|1.0|False|True|False|False|0.7|0.8571428571428572|1.0|1.0|0.8671428571428571|EXCELLENT
17729|4.0|46.0|30.25|0.0|False|False|False|False|0.6166666666666667|1.0|1.0|1.0|0.8849999999999999|EXCELLENT
17730|2.0|118.0|67.5|0.0|True|False|False|False|0.01666666666666672|1.0|1.0|1.0|0.705|GOOD
17731|9.0|40.0|21.77777777777778|1.0|False|True|False|False|0.6666666666666667|0.8888888888888888|1.0|1.0|0.8666666666666666|EXCELLENT
17732|6.0|36.0|25.666666666666668|0.0|False|False|False|False|0.7|1.0|1.0|1.0|0.91|EXCELLENT
17733|12.0|34.0|20.916666666666668|0.0|False|False|False|False|0.7166666666666667|1.0|1.0|1.0|0.9149999999999999|EXCELLENT
17735|8.0|62.0|29.125|1.0|False|True|False|False|0.4833333333333333|0.875|1.0|1.0|0.8075|GOOD
17736|7.0|64.0|22.857142857142858|3.0|False|True|False|False|0.4666666666666667|0.5714285714285714|1.0|1.0|0.7114285714285714|GOOD
17737|9.0|23.0|16.22222222222222|1.0|False|True|False|False|0.8083333333333333|0.8888888888888888|1.0|1.0|0.9091666666666666|EXCELLENT
17740|25.0|30.0|14.68|6.0|False|True|False|False|0.75|0.76|1.0|1.0|0.8529999999999999|EXCELLENT
17742|8.0|56.0|25.75|1.0|False|True|False|False|0.5333333333333333|0.875|1.0|1.0|0.8224999999999999|GOOD
17743|12.0|95.0|33.583333333333336|1.0|True|True|False|False|0.20833333333333337|0.9166666666666666|1.0|1.0|0.7374999999999999|GOOD
17744|15.0|45.0|26.133333333333333|1.0|False|True|False|False|0.625|0.9333333333333333|1.0|1.0|0.8674999999999999|EXCELLENT
17745|10.0|51.0|17.2|1.0|False|True|False|False|0.575|0.9|1.0|1.0|0.8424999999999999|GOOD
17746|11.0|18.0|10.818181818181818|4.0|False|True|False|False|0.85|0.6363636363636364|1.0|1.0|0.8459090909090908|GOOD
17747|1.0|56.0|56.0|0.0|False|False|True|False|0.5333333333333333|1.0|1.0|1.0|0.86|EXCELLENT
17748|3.0|73.0|50.0|0.0|False|False|False|False|0.3916666666666667|1.0|1.0|1.0|0.8175|GOOD
17749|10.0|80.0|30.6|0.0|False|False|False|False|0.33333333333333337|1.0|1.0|1.0|0.7999999999999999|GOOD
17750|7.0|40.0|23.714285714285715|0.0|False|False|False|False|0.6666666666666667|1.0|1.0|1.0|0.9|EXCELLENT
17751|5.0|33.0|25.8|0.0|False|False|False|False|0.725|1.0|1.0|1.0|0.9174999999999999|EXCELLENT
17752|8.0|40.0|24.5|0.0|False|False|False|False|0.6666666666666667|1.0|1.0|1.0|0.9|EXCELLENT
17753|7.0|23.0|16.571428571428573|1.0|False|True|False|False|0.8083333333333333|0.8571428571428572|1.0|1.0|0.8996428571428571|EXCELLENT
17754|16.0|50.0|24.0625|0.0|False|False|False|False|0.5833333333333333|1.0|1.0|1.0|0.8749999999999999|EXCELLENT
17756|15.0|39.0|19.33333333333333|1.0|False|True|False|False|0.675|0.9333333333333333|1.0|1.0|0.8825|EXCELLENT
17757|12.0|37.0|22.75|0.0|False|False|False|False|0.6916666666666667|1.0|1.0|1.0|0.9074999999999999|EXCELLENT
17758|4.0|43.0|35.0|0.0|False|False|False|False|0.6416666666666666|1.0|1.0|1.0|0.8925|EXCELLENT
17759|9.0|37.0|23.444444444444443|0.0|False|False|False|False|0.6916666666666667|1.0|1.0|1.0|0.9074999999999999|EXCELLENT
17765|17.0|34.0|18.529411764705884|5.0|False|True|False|False|0.7166666666666667|0.7058823529411764|1.0|1.0|0.826764705882353|GOOD
17768|10.0|41.0|22.2|0.0|False|False|False|False|0.6583333333333333|1.0|1.0|1.0|0.8974999999999999|EXCELLENT
17769|29.0|44.0|23.06896551724138|6.0|False|True|False|False|0.6333333333333333|0.7931034482758621|1.0|1.0|0.8279310344827585|GOOD
17771|7.0|92.0|31.857142857142858|0.0|True|False|False|False|0.23333333333333328|1.0|1.0|1.0|0.7699999999999999|GOOD
17772|9.0|29.0|23.0|0.0|False|False|False|False|0.7583333333333333|1.0|1.0|1.0|0.9274999999999999|EXCELLENT
17774|7.0|76.0|28.857142857142858|0.0|False|False|False|False|0.3666666666666667|1.0|1.0|1.0|0.8099999999999999|GOOD
17775|9.0|42.0|20.22222222222222|1.0|False|True|False|False|0.65|0.8888888888888888|1.0|1.0|0.8616666666666667|EXCELLENT
17776|15.0|46.0|21.53333333333333|2.0|False|True|False|False|0.6166666666666667|0.8666666666666667|1.0|1.0|0.845|GOOD
17777|27.0|42.0|20.666666666666668|5.0|False|True|False|False|0.65|0.8148148148148149|1.0|1.0|0.8394444444444444|GOOD
17778|27.0|43.0|21.296296296296298|5.0|False|True|False|False|0.6416666666666666|0.8148148148148149|1.0|1.0|0.8369444444444444|GOOD
17779|30.0|91.0|22.466666666666665|8.0|True|True|False|False|0.2416666666666667|0.7333333333333334|1.0|1.0|0.6925|FAIR
17781|19.0|58.0|28.84210526315789|0.0|False|False|False|False|0.5166666666666666|1.0|1.0|1.0|0.8549999999999999|EXCELLENT
17782|20.0|36.0|17.75|3.0|False|True|False|False|0.7|0.85|1.0|1.0|0.8649999999999999|EXCELLENT
17783|23.0|40.0|22.17391304347826|2.0|False|True|False|False|0.6666666666666667|0.9130434782608696|1.0|1.0|0.8739130434782608|EXCELLENT
17785|7.0|38.0|25.428571428571427|1.0|False|True|False|False|0.6833333333333333|0.8571428571428572|1.0|1.0|0.8621428571428572|EXCELLENT
17786|8.0|71.0|31.125|0.0|False|False|False|False|0.4083333333333333|1.0|1.0|1.0|0.8224999999999999|GOOD
17787|9.0|32.0|21.22222222222222|0.0|False|False|False|False|0.7333333333333334|1.0|1.0|1.0|0.92|EXCELLENT
17788|10.0|73.0|23.8|0.0|False|False|False|False|0.3916666666666667|1.0|1.0|1.0|0.8175|GOOD
17791|9.0|46.0|24.77777777777778|0.0|False|False|False|False|0.6166666666666667|1.0|1.0|1.0|0.8849999999999999|EXCELLENT
17792|13.0|31.0|22.846153846153847|1.0|False|True|False|False|0.7416666666666667|0.9230769230769231|1.0|1.0|0.899423076923077|EXCELLENT
17794|14.0|34.0|20.214285714285715|1.0|False|True|False|False|0.7166666666666667|0.9285714285714286|1.0|1.0|0.8935714285714286|EXCELLENT
17795|43.0|57.0|20.348837209302324|7.0|False|True|False|False|0.525|0.8372093023255813|1.0|1.0|0.8086627906976743|GOOD
17796|6.0|44.0|28.5|0.0|False|False|False|False|0.6333333333333333|1.0|1.0|1.0|0.89|EXCELLENT
17797|26.0|48.0|23.53846153846154|3.0|False|True|False|False|0.6|0.8846153846153846|1.0|1.0|0.8453846153846153|GOOD
17798|11.0|33.0|22.09090909090909|0.0|False|False|False|False|0.725|1.0|1.0|1.0|0.9174999999999999|EXCELLENT
17802|9.0|22.0|15.22222222222222|1.0|False|True|False|False|0.8166666666666667|0.8888888888888888|1.0|1.0|0.9116666666666667|EXCELLENT
17803|12.0|41.0|20.0|1.0|False|True|False|False|0.6583333333333333|0.9166666666666666|1.0|1.0|0.8724999999999999|EXCELLENT
17804|10.0|52.0|26.1|1.0|False|True|False|False|0.5666666666666667|0.9|1.0|1.0|0.84|GOOD
17806|9.0|37.0|22.11111111111111|1.0|False|True|False|False|0.6916666666666667|0.8888888888888888|1.0|1.0|0.8741666666666666|EXCELLENT
17807|4.0|56.0|43.25|0.0|False|False|False|False|0.5333333333333333|1.0|1.0|1.0|0.86|EXCELLENT
17808|8.0|48.0|27.75|0.0|False|False|False|False|0.6|1.0|1.0|1.0|0.88|EXCELLENT
17809|9.0|47.0|23.88888888888889|1.0|False|True|False|False|0.6083333333333334|0.8888888888888888|1.0|1.0|0.8491666666666667|GOOD
17810|11.0|91.0|32.36363636363637|1.0|True|True|False|False|0.2416666666666667|0.9090909090909091|1.0|1.0|0.7452272727272727|GOOD
17815|9.0|73.0|29.77777777777778|0.0|False|False|False|False|0.3916666666666667|1.0|1.0|1.0|0.8175|GOOD
17816|12.0|27.0|18.916666666666668|0.0|False|False|False|False|0.775|1.0|1.0|1.0|0.9325|EXCELLENT
17817|5.0|54.0|29.6|0.0|False|False|False|False|0.55|1.0|1.0|1.0|0.8649999999999999|EXCELLENT
17818|8.0|32.0|19.0|0.0|False|False|False|False|0.7333333333333334|1.0|1.0|1.0|0.92|EXCELLENT
17820|12.0|86.0|20.25|1.0|True|True|False|False|0.2833333333333333|0.9166666666666666|1.0|1.0|0.7599999999999999|GOOD
17823|13.0|27.0|19.53846153846154|1.0|False|True|False|False|0.775|0.9230769230769231|1.0|1.0|0.909423076923077|EXCELLENT
17826|11.0|113.0|36.36363636363637|1.0|True|True|False|False|0.05833333333333335|0.9090909090909091|1.0|1.0|0.6902272727272727|FAIR
17829|8.0|34.0|21.375|0.0|False|False|False|False|0.7166666666666667|1.0|1.0|1.0|0.9149999999999999|EXCELLENT
17830|8.0|55.0|22.875|0.0|False|False|False|False|0.5416666666666667|1.0|1.0|1.0|0.8624999999999999|EXCELLENT
17831|8.0|39.0|18.625|0.0|False|False|False|False|0.675|1.0|1.0|1.0|0.9025|EXCELLENT
17834|7.0|31.0|22.857142857142858|0.0|False|False|False|False|0.7416666666666667|1.0|1.0|1.0|0.9225|EXCELLENT
17837|8.0|44.0|29.125|0.0|False|False|False|False|0.6333333333333333|1.0|1.0|1.0|0.89|EXCELLENT
17838|9.0|64.0|31.0|0.0|False|False|False|False|0.4666666666666667|1.0|1.0|1.0|0.84|GOOD
17839|6.0|38.0|25.166666666666668|0.0|False|False|False|False|0.6833333333333333|1.0|1.0|1.0|0.9049999999999999|EXCELLENT
17840|8.0|84.0|31.25|0.0|True|False|False|False|0.30000000000000004|1.0|1.0|1.0|0.7899999999999999|GOOD
17841|10.0|50.0|27.0|2.0|False|True|False|False|0.5833333333333333|0.8|1.0|1.0|0.8149999999999998|GOOD
17842|7.0|64.0|40.142857142857146|0.0|False|False|False|False|0.4666666666666667|1.0|1.0|1.0|0.84|GOOD
17843|11.0|54.0|26.272727272727277|0.0|False|False|False|False|0.55|1.0|1.0|1.0|0.8649999999999999|EXCELLENT
17844|15.0|49.0|23.666666666666668|0.0|False|False|False|False|0.5916666666666667|1.0|1.0|1.0|0.8775|EXCELLENT
17845|6.0|200.0|56.16666666666666|0.0|True|False|False|False|0.0|1.0|1.0|1.0|0.7|GOOD
17846|14.0|47.0|23.214285714285715|0.0|False|False|False|False|0.6083333333333334|1.0|1.0|1.0|0.8825|EXCELLENT
17847|18.0|34.0|20.05555555555556|0.0|False|False|False|False|0.7166666666666667|1.0|1.0|1.0|0.9149999999999999|EXCELLENT
17848|10.0|81.0|32.0|0.0|True|False|False|False|0.32499999999999996|1.0|1.0|1.0|0.7975|GOOD
17849|8.0|55.0|30.0|0.0|False|False|False|False|0.5416666666666667|1.0|1.0|1.0|0.8624999999999999|EXCELLENT
17850|6.0|34.0|27.83333333333333|0.0|False|False|False|False|0.7166666666666667|1.0|1.0|1.0|0.9149999999999999|EXCELLENT
17851|11.0|41.0|21.818181818181817|0.0|False|False|False|False|0.6583333333333333|1.0|1.0|1.0|0.8974999999999999|EXCELLENT
17852|13.0|35.0|20.307692307692307|0.0|False|False|False|False|0.7083333333333333|1.0|1.0|1.0|0.9125|EXCELLENT
17853|11.0|39.0|24.0|0.0|False|False|False|False|0.675|1.0|1.0|1.0|0.9025|EXCELLENT
17854|15.0|34.0|19.0|1.0|False|True|False|False|0.7166666666666667|0.9333333333333333|1.0|1.0|0.8949999999999999|EXCELLENT
17856|8.0|49.0|26.75|0.0|False|False|False|False|0.5916666666666667|1.0|1.0|1.0|0.8775|EXCELLENT
17857|9.0|31.0|20.22222222222222|0.0|False|False|False|False|0.7416666666666667|1.0|1.0|1.0|0.9225|EXCELLENT
17858|10.0|33.0|23.3|0.0|False|False|False|False|0.725|1.0|1.0|1.0|0.9174999999999999|EXCELLENT
17860|11.0|41.0|25.0|0.0|False|False|False|False|0.6583333333333333|1.0|1.0|1.0|0.8974999999999999|EXCELLENT
17861|17.0|68.0|22.529411764705884|1.0|False|True|False|False|0.43333333333333335|0.9411764705882353|1.0|1.0|0.8123529411764706|GOOD
17862|18.0|38.0|18.05555555555556|1.0|False|True|False|False|0.6833333333333333|0.9444444444444444|1.0|1.0|0.8883333333333333|EXCELLENT
17863|10.0|38.0|22.0|0.0|False|False|False|False|0.6833333333333333|1.0|1.0|1.0|0.9049999999999999|EXCELLENT
17864|11.0|45.0|15.909090909090908|1.0|False|True|False|False|0.625|0.9090909090909091|1.0|1.0|0.8602272727272727|EXCELLENT
17865|16.0|36.0|22.625|0.0|False|False|False|False|0.7|1.0|1.0|1.0|0.91|EXCELLENT
17866|17.0|67.0|23.58823529411765|1.0|False|True|False|False|0.44166666666666665|0.9411764705882353|1.0|1.0|0.8148529411764706|GOOD
17867|16.0|60.0|28.75|0.0|False|False|False|False|0.5|1.0|1.0|1.0|0.85|EXCELLENT
17868|7.0|70.0|28.571428571428573|1.0|False|True|False|False|0.41666666666666663|0.8571428571428572|1.0|1.0|0.7821428571428571|GOOD
17869|12.0|70.0|32.583333333333336|0.0|False|False|False|False|0.41666666666666663|1.0|1.0|1.0|0.825|GOOD
17870|12.0|30.0|16.5|3.0|False|True|False|False|0.75|0.75|1.0|1.0|0.85|EXCELLENT
17871|14.0|41.0|19.071428571428573|1.0|False|True|False|False|0.6583333333333333|0.9285714285714286|1.0|1.0|0.8760714285714285|EXCELLENT
17872|8.0|45.0|29.875|1.0|False|True|False|False|0.625|0.875|1.0|1.0|0.85|EXCELLENT
17873|16.0|52.0|23.875|1.0|False|True|False|False|0.5666666666666667|0.9375|1.0|1.0|0.85125|EXCELLENT
17874|13.0|65.0|31.153846153846157|1.0|False|True|False|False|0.45833333333333337|0.9230769230769231|1.0|1.0|0.8144230769230769|GOOD
17875|8.0|47.0|31.625|0.0|False|False|False|False|0.6083333333333334|1.0|1.0|1.0|0.8825|EXCELLENT
17876|12.0|43.0|25.5|0.0|False|False|False|False|0.6416666666666666|1.0|1.0|1.0|0.8925|EXCELLENT
17877|12.0|41.0|25.0|12.0|False|True|False|False|0.6583333333333333|0.0|1.0|1.0|0.5974999999999999|FAIR
17878|10.0|38.0|19.7|0.0|False|False|False|False|0.6833333333333333|1.0|1.0|1.0|0.9049999999999999|EXCELLENT
17879|8.0|44.0|25.375|8.0|False|True|False|False|0.6333333333333333|0.0|1.0|1.0|0.59|FAIR
17880|10.0|30.0|23.8|0.0|False|False|False|False|0.75|1.0|1.0|1.0|0.9249999999999999|EXCELLENT
17881|8.0|35.0|25.375|8.0|False|True|False|False|0.7083333333333333|0.0|1.0|1.0|0.6124999999999999|FAIR
17882|11.0|69.0|27.727272727272727|11.0|False|True|False|False|0.42500000000000004|0.0|1.0|1.0|0.5275|FAIR
17884|9.0|42.0|25.444444444444443|9.0|False|True|False|False|0.65|0.0|1.0|1.0|0.595|FAIR
17886|11.0|36.0|21.63636363636364|0.0|False|False|False|False|0.7|1.0|1.0|1.0|0.91|EXCELLENT
17887|11.0|41.0|27.454545454545453|11.0|False|True|False|False|0.6583333333333333|0.0|1.0|1.0|0.5974999999999999|FAIR
17888|5.0|55.0|42.0|5.0|False|True|False|False|0.5416666666666667|0.0|1.0|1.0|0.5625|FAIR
17889|10.0|43.0|31.1|0.0|False|False|False|False|0.6416666666666666|1.0|1.0|1.0|0.8925|EXCELLENT
17890|12.0|42.0|24.916666666666668|12.0|False|True|False|False|0.65|0.0|1.0|1.0|0.595|FAIR
17891|8.0|32.0|24.875|8.0|False|True|False|False|0.7333333333333334|0.0|1.0|1.0|0.62|FAIR
17892|14.0|33.0|20.5|3.0|False|True|False|False|0.725|0.7857142857142857|1.0|1.0|0.8532142857142856|EXCELLENT
17893|10.0|35.0|25.7|10.0|False|True|False|False|0.7083333333333333|0.0|1.0|1.0|0.6124999999999999|FAIR
17894|10.0|33.0|22.9|2.0|False|True|False|False|0.725|0.8|1.0|1.0|0.8575|EXCELLENT
17895|9.0|43.0|27.11111111111111|9.0|False|True|False|False|0.6416666666666666|0.0|1.0|1.0|0.5924999999999999|FAIR
17896|8.0|45.0|25.125|8.0|False|True|False|False|0.625|0.0|1.0|1.0|0.5875|FAIR
17898|6.0|65.0|25.83333333333333|0.0|False|False|False|False|0.45833333333333337|1.0|1.0|1.0|0.8375|GOOD
17899|8.0|44.0|29.125|0.0|False|False|False|False|0.6333333333333333|1.0|1.0|1.0|0.89|EXCELLENT
17900|8.0|55.0|23.625|0.0|False|False|False|False|0.5416666666666667|1.0|1.0|1.0|0.8624999999999999|EXCELLENT
17901|4.0|37.0|26.5|0.0|False|False|False|False|0.6916666666666667|1.0|1.0|1.0|0.9074999999999999|EXCELLENT
17902|7.0|42.0|24.714285714285715|0.0|False|False|False|False|0.65|1.0|1.0|1.0|0.8949999999999999|EXCELLENT
17903|11.0|44.0|21.454545454545453|0.0|False|False|False|False|0.6333333333333333|1.0|1.0|1.0|0.89|EXCELLENT
17904|8.0|70.0|27.5|0.0|False|False|False|False|0.41666666666666663|1.0|1.0|1.0|0.825|GOOD
17905|9.0|57.0|28.22222222222222|0.0|False|False|False|False|0.525|1.0|1.0|1.0|0.8575|EXCELLENT
17906|12.0|42.0|25.25|0.0|False|False|False|False|0.65|1.0|1.0|1.0|0.8949999999999999|EXCELLENT
17908|7.0|36.0|24.714285714285715|1.0|False|True|False|False|0.7|0.8571428571428572|1.0|1.0|0.8671428571428571|EXCELLENT
17909|10.0|37.0|20.6|0.0|False|False|False|False|0.6916666666666667|1.0|1.0|1.0|0.9074999999999999|EXCELLENT
17910|4.0|56.0|32.75|0.0|False|False|False|False|0.5333333333333333|1.0|1.0|1.0|0.86|EXCELLENT
17911|11.0|45.0|20.818181818181817|0.0|False|False|False|False|0.625|1.0|1.0|1.0|0.8875|EXCELLENT
17912|10.0|40.0|28.8|0.0|False|False|False|False|0.6666666666666667|1.0|1.0|1.0|0.9|EXCELLENT
17913|8.0|82.0|28.875|0.0|True|False|False|False|0.31666666666666665|1.0|1.0|1.0|0.7949999999999999|GOOD
17914|9.0|36.0|25.77777777777778|0.0|False|False|False|False|0.7|1.0|1.0|1.0|0.91|EXCELLENT
17915|9.0|52.0|30.11111111111111|0.0|False|False|False|False|0.5666666666666667|1.0|1.0|1.0|0.87|EXCELLENT
17916|11.0|42.0|21.818181818181817|0.0|False|False|False|False|0.65|1.0|1.0|1.0|0.8949999999999999|EXCELLENT
17917|11.0|42.0|20.90909090909091|2.0|False|True|False|False|0.65|0.8181818181818181|1.0|1.0|0.8404545454545455|GOOD
17918|4.0|28.0|20.5|4.0|False|True|False|False|0.7666666666666666|0.0|1.0|1.0|0.63|FAIR
17919|6.0|50.0|24.666666666666668|0.0|False|False|False|False|0.5833333333333333|1.0|1.0|1.0|0.8749999999999999|EXCELLENT
17920|9.0|58.0|19.88888888888889|0.0|False|False|False|False|0.5166666666666666|1.0|1.0|1.0|0.8549999999999999|EXCELLENT
17921|6.0|41.0|30.166666666666668|1.0|False|True|False|False|0.6583333333333333|0.8333333333333334|1.0|1.0|0.8475|GOOD
17922|14.0|50.0|21.714285714285715|14.0|False|True|False|False|0.5833333333333333|0.0|1.0|1.0|0.575|FAIR
17923|10.0|44.0|19.5|3.0|False|True|False|False|0.6333333333333333|0.7|1.0|1.0|0.7999999999999999|GOOD
17924|10.0|36.0|21.3|2.0|False|True|False|False|0.7|0.8|1.0|1.0|0.85|EXCELLENT
17925|9.0|43.0|25.11111111111111|1.0|False|True|False|False|0.6416666666666666|0.8888888888888888|1.0|1.0|0.8591666666666665|EXCELLENT
17926|9.0|52.0|24.11111111111111|0.0|False|False|False|False|0.5666666666666667|1.0|1.0|1.0|0.87|EXCELLENT
17927|12.0|41.0|21.33333333333333|1.0|False|True|False|False|0.6583333333333333|0.9166666666666666|1.0|1.0|0.8724999999999999|EXCELLENT
17928|11.0|42.0|23.90909090909091|1.0|False|True|False|False|0.65|0.9090909090909091|1.0|1.0|0.8677272727272727|EXCELLENT
17929|13.0|31.0|18.923076923076923|2.0|False|True|False|False|0.7416666666666667|0.8461538461538461|1.0|1.0|0.8763461538461538|EXCELLENT
17930|13.0|26.0|18.923076923076923|0.0|False|False|False|False|0.7833333333333333|1.0|1.0|1.0|0.9349999999999999|EXCELLENT
17933|14.0|61.0|22.142857142857142|2.0|False|True|False|False|0.4916666666666667|0.8571428571428572|1.0|1.0|0.8046428571428571|GOOD
17934|10.0|37.0|23.8|2.0|False|True|False|False|0.6916666666666667|0.8|1.0|1.0|0.8475|GOOD
17935|15.0|33.0|21.0|0.0|False|False|False|False|0.725|1.0|1.0|1.0|0.9174999999999999|EXCELLENT
17936|10.0|36.0|18.7|1.0|False|True|False|False|0.7|0.9|1.0|1.0|0.88|EXCELLENT
17937|11.0|31.0|18.727272727272727|0.0|False|False|False|False|0.7416666666666667|1.0|1.0|1.0|0.9225|EXCELLENT
17938|6.0|77.0|30.33333333333333|0.0|False|False|False|False|0.3583333333333333|1.0|1.0|1.0|0.8075|GOOD
17939|14.0|32.0|20.642857142857142|2.0|False|True|False|False|0.7333333333333334|0.8571428571428572|1.0|1.0|0.8771428571428571|EXCELLENT
17941|14.0|91.0|25.571428571428573|1.0|True|True|False|False|0.2416666666666667|0.9285714285714286|1.0|1.0|0.7510714285714285|GOOD
17942|12.0|49.0|21.166666666666668|2.0|False|True|False|False|0.5916666666666667|0.8333333333333334|1.0|1.0|0.8275|GOOD
17943|17.0|26.0|16.058823529411764|2.0|False|True|False|False|0.7833333333333333|0.8823529411764706|1.0|1.0|0.8997058823529411|EXCELLENT
17944|9.0|24.0|12.0|3.0|False|True|False|False|0.8|0.6666666666666667|1.0|1.0|0.84|GOOD
17945|13.0|48.0|19.53846153846154|0.0|False|False|False|False|0.6|1.0|1.0|1.0|0.88|EXCELLENT
17946|15.0|32.0|19.066666666666663|3.0|False|True|False|False|0.7333333333333334|0.8|1.0|1.0|0.86|EXCELLENT
17947|10.0|58.0|30.2|0.0|False|False|False|False|0.5166666666666666|1.0|1.0|1.0|0.8549999999999999|EXCELLENT
17948|17.0|75.0|27.294117647058822|1.0|False|True|False|False|0.375|0.9411764705882353|1.0|1.0|0.7948529411764705|GOOD
17949|20.0|75.0|27.25|0.0|False|False|False|False|0.375|1.0|1.0|1.0|0.8124999999999999|GOOD
17950|12.0|41.0|19.83333333333333|1.0|False|True|False|False|0.6583333333333333|0.9166666666666666|1.0|1.0|0.8724999999999999|EXCELLENT
17951|13.0|26.0|18.615384615384617|0.0|False|False|False|False|0.7833333333333333|1.0|1.0|1.0|0.9349999999999999|EXCELLENT
17952|6.0|37.0|26.666666666666668|0.0|False|False|False|False|0.6916666666666667|1.0|1.0|1.0|0.9074999999999999|EXCELLENT
17954|8.0|32.0|24.375|0.0|False|False|False|False|0.7333333333333334|1.0|1.0|1.0|0.92|EXCELLENT
17955|10.0|90.0|25.5|0.0|True|False|False|False|0.25|1.0|1.0|1.0|0.775|GOOD
17956|12.0|71.0|27.916666666666668|0.0|False|False|False|False|0.4083333333333333|1.0|1.0|1.0|0.8224999999999999|GOOD
17957|13.0|57.0|25.07692307692308|0.0|False|False|False|False|0.525|1.0|1.0|1.0|0.8575|EXCELLENT
17958|11.0|73.0|35.09090909090909|0.0|False|False|False|False|0.3916666666666667|1.0|1.0|1.0|0.8175|GOOD
17959|11.0|47.0|25.363636363636363|0.0|False|False|False|False|0.6083333333333334|1.0|1.0|1.0|0.8825|EXCELLENT
17960|9.0|50.0|23.77777777777778|0.0|False|False|False|False|0.5833333333333333|1.0|1.0|1.0|0.8749999999999999|EXCELLENT
17961|8.0|57.0|30.625|0.0|False|False|False|False|0.525|1.0|1.0|1.0|0.8575|EXCELLENT
17962|9.0|84.0|24.666666666666668|1.0|True|True|False|False|0.30000000000000004|0.8888888888888888|1.0|1.0|0.7566666666666667|GOOD
17963|14.0|58.0|23.142857142857142|1.0|False|True|False|False|0.5166666666666666|0.9285714285714286|1.0|1.0|0.8335714285714285|GOOD
17964|7.0|110.0|39.71428571428572|0.0|True|False|False|False|0.08333333333333337|1.0|1.0|1.0|0.725|GOOD
17965|9.0|66.0|25.22222222222222|0.0|False|False|False|False|0.44999999999999996|1.0|1.0|1.0|0.8349999999999999|GOOD
17966|13.0|52.0|22.384615384615383|0.0|False|False|False|False|0.5666666666666667|1.0|1.0|1.0|0.87|EXCELLENT
17967|12.0|54.0|27.75|0.0|False|False|False|False|0.55|1.0|1.0|1.0|0.8649999999999999|EXCELLENT
17968|13.0|52.0|27.153846153846157|0.0|False|False|False|False|0.5666666666666667|1.0|1.0|1.0|0.87|EXCELLENT
17969|15.0|49.0|20.266666666666666|1.0|False|True|False|False|0.5916666666666667|0.9333333333333333|1.0|1.0|0.8574999999999999|EXCELLENT
17970|13.0|42.0|25.923076923076923|1.0|False|True|False|False|0.65|0.9230769230769231|1.0|1.0|0.8719230769230769|EXCELLENT
17972|16.0|55.0|24.125|0.0|False|False|False|False|0.5416666666666667|1.0|1.0|1.0|0.8624999999999999|EXCELLENT
17973|17.0|63.0|27.235294117647054|17.0|False|True|False|False|0.475|0.0|1.0|1.0|0.5425|FAIR
17974|19.0|35.0|23.42105263157895|19.0|False|True|False|False|0.7083333333333333|0.0|1.0|1.0|0.6124999999999999|FAIR
17975|12.0|49.0|22.08333333333333|1.0|False|True|False|False|0.5916666666666667|0.9166666666666666|1.0|1.0|0.8524999999999999|EXCELLENT
17976|18.0|49.0|24.944444444444443|18.0|False|True|False|False|0.5916666666666667|0.0|1.0|1.0|0.5775|FAIR
17978|12.0|47.0|26.25|12.0|False|True|False|False|0.6083333333333334|0.0|1.0|1.0|0.5825|FAIR
17979|9.0|76.0|34.888888888888886|9.0|False|True|False|False|0.3666666666666667|0.0|1.0|1.0|0.51|FAIR
17980|13.0|38.0|23.846153846153847|13.0|False|True|False|False|0.6833333333333333|0.0|1.0|1.0|0.605|FAIR
17981|14.0|33.0|15.285714285714286|14.0|False|True|False|False|0.725|0.0|1.0|1.0|0.6174999999999999|FAIR
17982|11.0|45.0|24.727272727272727|11.0|False|True|False|False|0.625|0.0|1.0|1.0|0.5875|FAIR
17983|8.0|56.0|24.75|8.0|False|True|False|False|0.5333333333333333|0.0|1.0|1.0|0.5599999999999999|FAIR
17984|14.0|38.0|19.857142857142858|14.0|False|True|False|False|0.6833333333333333|0.0|1.0|1.0|0.605|FAIR
17985|11.0|42.0|21.727272727272727|1.0|False|True|False|False|0.65|0.9090909090909091|1.0|1.0|0.8677272727272727|EXCELLENT
17986|7.0|57.0|33.142857142857146|0.0|False|False|False|False|0.525|1.0|1.0|1.0|0.8575|EXCELLENT
17987|12.0|51.0|27.166666666666668|12.0|False|True|False|False|0.575|0.0|1.0|1.0|0.5725|FAIR
17988|16.0|49.0|24.0625|16.0|False|True|False|False|0.5916666666666667|0.0|1.0|1.0|0.5775|FAIR
17989|16.0|42.0|23.1875|16.0|False|True|False|False|0.65|0.0|1.0|1.0|0.595|FAIR
17990|6.0|41.0|36.333333333333336|0.0|False|False|False|False|0.6583333333333333|1.0|1.0|1.0|0.8974999999999999|EXCELLENT
17991|7.0|53.0|30.428571428571427|0.0|False|False|False|False|0.5583333333333333|1.0|1.0|1.0|0.8675|EXCELLENT
17992|8.0|40.0|20.625|0.0|False|False|False|False|0.6666666666666667|1.0|1.0|1.0|0.9|EXCELLENT
17993|5.0|25.0|21.4|0.0|False|False|False|False|0.7916666666666666|1.0|1.0|1.0|0.9374999999999999|EXCELLENT
17994|9.0|53.0|26.11111111111111|0.0|False|False|False|False|0.5583333333333333|1.0|1.0|1.0|0.8675|EXCELLENT
17995|8.0|51.0|21.875|0.0|False|False|False|False|0.575|1.0|1.0|1.0|0.8724999999999999|EXCELLENT
17996|7.0|59.0|34.0|0.0|False|False|False|False|0.5083333333333333|1.0|1.0|1.0|0.8524999999999999|EXCELLENT
17997|13.0|62.0|27.53846153846154|0.0|False|False|False|False|0.4833333333333333|1.0|1.0|1.0|0.8449999999999999|GOOD
17998|14.0|37.0|21.5|1.0|False|True|False|False|0.6916666666666667|0.9285714285714286|1.0|1.0|0.8860714285714285|EXCELLENT
17999|10.0|44.0|25.6|0.0|False|False|False|False|0.6333333333333333|1.0|1.0|1.0|0.89|EXCELLENT
18000|10.0|47.0|26.9|3.0|False|True|False|False|0.6083333333333334|0.7|1.0|1.0|0.7925|GOOD
18001|3.0|22.0|19.33333333333333|0.0|False|False|False|False|0.8166666666666667|1.0|1.0|1.0|0.945|EXCELLENT
18003|12.0|58.0|24.5|12.0|False|True|False|False|0.5166666666666666|0.0|1.0|1.0|0.5549999999999999|FAIR
18004|3.0|39.0|27.0|1.0|False|True|False|False|0.675|0.6666666666666667|1.0|1.0|0.8025|GOOD
18006|12.0|47.0|16.833333333333332|0.0|False|False|False|False|0.6083333333333334|1.0|1.0|1.0|0.8825|EXCELLENT
18008|14.0|94.0|27.428571428571427|0.0|True|False|False|False|0.21666666666666667|1.0|1.0|1.0|0.765|GOOD
18013|3.0|48.0|30.666666666666668|0.0|False|False|False|False|0.6|1.0|1.0|1.0|0.88|EXCELLENT
18016|19.0|34.0|20.894736842105264|0.0|False|False|False|False|0.7166666666666667|1.0|1.0|1.0|0.9149999999999999|EXCELLENT
18017|5.0|29.0|22.0|0.0|False|False|False|False|0.7583333333333333|1.0|1.0|1.0|0.9274999999999999|EXCELLENT
18018|5.0|44.0|29.4|5.0|False|True|False|False|0.6333333333333333|0.0|1.0|1.0|0.59|FAIR
18019|19.0|35.0|24.210526315789476|19.0|False|True|False|False|0.7083333333333333|0.0|1.0|1.0|0.6124999999999999|FAIR
18020|21.0|26.0|14.904761904761903|1.0|False|True|False|False|0.7833333333333333|0.9523809523809523|1.0|1.0|0.9207142857142857|EXCELLENT
18022|19.0|35.0|18.157894736842103|19.0|False|True|False|False|0.7083333333333333|0.0|1.0|1.0|0.6124999999999999|FAIR
18023|11.0|61.0|25.272727272727277|11.0|False|True|False|False|0.4916666666666667|0.0|1.0|1.0|0.5475|FAIR
18024|17.0|39.0|23.647058823529413|17.0|False|True|False|False|0.675|0.0|1.0|1.0|0.6024999999999999|FAIR
18025|19.0|32.0|19.526315789473685|19.0|False|True|False|False|0.7333333333333334|0.0|1.0|1.0|0.62|FAIR
18026|6.0|48.0|29.5|1.0|False|True|False|False|0.6|0.8333333333333334|1.0|1.0|0.83|GOOD
18027|7.0|83.0|29.142857142857142|1.0|True|True|False|False|0.30833333333333335|0.8571428571428572|1.0|1.0|0.7496428571428572|GOOD
18028|10.0|36.0|19.6|0.0|False|False|False|False|0.7|1.0|1.0|1.0|0.91|EXCELLENT
18029|8.0|43.0|23.75|0.0|False|False|False|False|0.6416666666666666|1.0|1.0|1.0|0.8925|EXCELLENT
18031|9.0|36.0|23.33333333333333|0.0|False|False|False|False|0.7|1.0|1.0|1.0|0.91|EXCELLENT
18032|11.0|53.0|25.90909090909091|0.0|False|False|False|False|0.5583333333333333|1.0|1.0|1.0|0.8675|EXCELLENT
18033|14.0|28.0|18.285714285714285|2.0|False|True|False|False|0.7666666666666666|0.8571428571428572|1.0|1.0|0.8871428571428571|EXCELLENT
18034|8.0|40.0|25.875|0.0|False|False|False|False|0.6666666666666667|1.0|1.0|1.0|0.9|EXCELLENT
18035|16.0|35.0|21.0|1.0|False|True|False|False|0.7083333333333333|0.9375|1.0|1.0|0.8937499999999999|EXCELLENT
18036|8.0|66.0|37.75|0.0|False|False|False|False|0.44999999999999996|1.0|1.0|1.0|0.8349999999999999|GOOD
18037|13.0|47.0|26.0|0.0|False|False|False|False|0.6083333333333334|1.0|1.0|1.0|0.8825|EXCELLENT
18038|14.0|49.0|24.428571428571427|14.0|False|True|False|False|0.5916666666666667|0.0|1.0|1.0|0.5775|FAIR
18039|9.0|89.0|29.88888888888889|0.0|True|False|False|False|0.2583333333333333|1.0|1.0|1.0|0.7775|GOOD
18040|13.0|38.0|19.615384615384617|5.0|False|True|False|False|0.6833333333333333|0.6153846153846154|1.0|1.0|0.7896153846153845|GOOD
18041|8.0|66.0|33.125|0.0|False|False|False|False|0.44999999999999996|1.0|1.0|1.0|0.8349999999999999|GOOD
18042|7.0|50.0|28.285714285714285|0.0|False|False|False|False|0.5833333333333333|1.0|1.0|1.0|0.8749999999999999|EXCELLENT
18043|12.0|34.0|22.416666666666668|0.0|False|False|False|False|0.7166666666666667|1.0|1.0|1.0|0.9149999999999999|EXCELLENT
18044|5.0|61.0|33.8|0.0|False|False|False|False|0.4916666666666667|1.0|1.0|1.0|0.8475|GOOD
18045|9.0|54.0|21.444444444444443|0.0|False|False|False|False|0.55|1.0|1.0|1.0|0.8649999999999999|EXCELLENT
18046|5.0|34.0|29.0|0.0|False|False|False|False|0.7166666666666667|1.0|1.0|1.0|0.9149999999999999|EXCELLENT
18047|10.0|46.0|22.0|0.0|False|False|False|False|0.6166666666666667|1.0|1.0|1.0|0.8849999999999999|EXCELLENT
18048|8.0|49.0|24.125|1.0|False|True|False|False|0.5916666666666667|0.875|1.0|1.0|0.84|GOOD
18049|7.0|59.0|31.857142857142858|0.0|False|False|False|False|0.5083333333333333|1.0|1.0|1.0|0.8524999999999999|EXCELLENT
18050|9.0|58.0|25.666666666666668|0.0|False|False|False|False|0.5166666666666666|1.0|1.0|1.0|0.8549999999999999|EXCELLENT
18051|6.0|47.0|24.83333333333333|0.0|False|False|False|False|0.6083333333333334|1.0|1.0|1.0|0.8825|EXCELLENT
18052|7.0|60.0|25.142857142857142|0.0|False|False|False|False|0.5|1.0|1.0|1.0|0.85|EXCELLENT
18053|14.0|101.0|24.142857142857142|0.0|True|False|False|False|0.15833333333333333|1.0|1.0|1.0|0.7474999999999999|GOOD
18054|19.0|29.0|17.894736842105264|19.0|False|True|False|False|0.7583333333333333|0.0|1.0|1.0|0.6275|FAIR
18055|13.0|39.0|25.53846153846154|13.0|False|True|False|False|0.675|0.0|1.0|1.0|0.6024999999999999|FAIR
18056|8.0|46.0|30.125|0.0|False|False|False|False|0.6166666666666667|1.0|1.0|1.0|0.8849999999999999|EXCELLENT
18057|10.0|34.0|19.3|0.0|False|False|False|False|0.7166666666666667|1.0|1.0|1.0|0.9149999999999999|EXCELLENT
18058|17.0|34.0|20.176470588235293|1.0|False|True|False|False|0.7166666666666667|0.9411764705882353|1.0|1.0|0.8973529411764706|EXCELLENT
18059|9.0|64.0|29.33333333333333|2.0|False|True|False|False|0.4666666666666667|0.7777777777777778|1.0|1.0|0.7733333333333333|GOOD
18060|7.0|33.0|23.571428571428573|1.0|False|True|False|False|0.725|0.8571428571428572|1.0|1.0|0.8746428571428572|EXCELLENT
18061|19.0|37.0|22.157894736842103|1.0|False|True|False|False|0.6916666666666667|0.9473684210526316|1.0|1.0|0.8917105263157895|EXCELLENT
18062|7.0|41.0|26.0|1.0|False|True|False|False|0.6583333333333333|0.8571428571428572|1.0|1.0|0.8546428571428571|EXCELLENT
18063|11.0|35.0|21.181818181818183|0.0|False|False|False|False|0.7083333333333333|1.0|1.0|1.0|0.9125|EXCELLENT
18064|9.0|51.0|21.33333333333333|0.0|False|False|False|False|0.575|1.0|1.0|1.0|0.8724999999999999|EXCELLENT
18065|8.0|58.0|28.875|0.0|False|False|False|False|0.5166666666666666|1.0|1.0|1.0|0.8549999999999999|EXCELLENT
18066|8.0|39.0|21.0|0.0|False|False|False|False|0.675|1.0|1.0|1.0|0.9025|EXCELLENT
18067|7.0|87.0|35.857142857142854|1.0|True|True|False|False|0.275|0.8571428571428572|1.0|1.0|0.7396428571428572|GOOD
18068|4.0|124.0|61.75|0.0|True|False|False|False|0.0|1.0|1.0|1.0|0.7|GOOD
18070|11.0|38.0|24.545454545454547|0.0|False|False|False|False|0.6833333333333333|1.0|1.0|1.0|0.9049999999999999|EXCELLENT
18071|11.0|67.0|30.90909090909091|1.0|False|True|False|False|0.44166666666666665|0.9090909090909091|1.0|1.0|0.8052272727272726|GOOD
18072|6.0|47.0|28.5|0.0|False|False|False|False|0.6083333333333334|1.0|1.0|1.0|0.8825|EXCELLENT
18073|9.0|54.0|24.77777777777778|0.0|False|False|False|False|0.55|1.0|1.0|1.0|0.8649999999999999|EXCELLENT
18074|7.0|67.0|25.428571428571427|0.0|False|False|False|False|0.44166666666666665|1.0|1.0|1.0|0.8324999999999999|GOOD
18075|11.0|34.0|20.272727272727277|2.0|False|True|False|False|0.7166666666666667|0.8181818181818181|1.0|1.0|0.8604545454545455|EXCELLENT
18076|7.0|59.0|30.714285714285715|0.0|False|False|False|False|0.5083333333333333|1.0|1.0|1.0|0.8524999999999999|EXCELLENT
18078|6.0|51.0|35.166666666666664|0.0|False|False|False|False|0.575|1.0|1.0|1.0|0.8724999999999999|EXCELLENT
18080|11.0|44.0|20.63636363636364|2.0|False|True|False|False|0.6333333333333333|0.8181818181818181|1.0|1.0|0.8354545454545453|GOOD
18081|8.0|46.0|26.125|0.0|False|False|False|False|0.6166666666666667|1.0|1.0|1.0|0.8849999999999999|EXCELLENT
18082|9.0|29.0|24.11111111111111|0.0|False|False|False|False|0.7583333333333333|1.0|1.0|1.0|0.9274999999999999|EXCELLENT
18083|6.0|50.0|25.166666666666668|0.0|False|False|False|False|0.5833333333333333|1.0|1.0|1.0|0.8749999999999999|EXCELLENT
18084|11.0|36.0|21.545454545454547|1.0|False|True|False|False|0.7|0.9090909090909091|1.0|1.0|0.8827272727272727|EXCELLENT
18085|8.0|55.0|25.0|0.0|False|False|False|False|0.5416666666666667|1.0|1.0|1.0|0.8624999999999999|EXCELLENT
18095|8.0|43.0|27.125|0.0|False|False|False|False|0.6416666666666666|1.0|1.0|1.0|0.8925|EXCELLENT
18097|11.0|38.0|23.63636363636364|1.0|False|True|False|False|0.6833333333333333|0.9090909090909091|1.0|1.0|0.8777272727272726|EXCELLENT
18098|9.0|30.0|24.0|0.0|False|False|False|False|0.75|1.0|1.0|1.0|0.9249999999999999|EXCELLENT
18099|9.0|38.0|20.666666666666668|2.0|False|True|False|False|0.6833333333333333|0.7777777777777778|1.0|1.0|0.8383333333333333|GOOD
18100|7.0|50.0|30.142857142857142|1.0|False|True|False|False|0.5833333333333333|0.8571428571428572|1.0|1.0|0.8321428571428572|GOOD
18103|14.0|22.0|16.142857142857142|0.0|False|False|False|False|0.8166666666666667|1.0|1.0|1.0|0.945|EXCELLENT
18104|8.0|37.0|25.375|0.0|False|False|False|False|0.6916666666666667|1.0|1.0|1.0|0.9074999999999999|EXCELLENT
18106|8.0|34.0|25.875|1.0|False|True|False|False|0.7166666666666667|0.875|1.0|1.0|0.8775000000000001|EXCELLENT
18107|8.0|43.0|27.25|0.0|False|False|False|False|0.6416666666666666|1.0|1.0|1.0|0.8925|EXCELLENT
18108|11.0|28.0|18.545454545454547|0.0|False|False|False|False|0.7666666666666666|1.0|1.0|1.0|0.93|EXCELLENT
18109|9.0|34.0|25.0|1.0|False|True|False|False|0.7166666666666667|0.8888888888888888|1.0|1.0|0.8816666666666667|EXCELLENT
18110|9.0|39.0|22.88888888888889|1.0|False|True|False|False|0.675|0.8888888888888888|1.0|1.0|0.8691666666666666|EXCELLENT
18112|11.0|37.0|22.181818181818183|0.0|False|False|False|False|0.6916666666666667|1.0|1.0|1.0|0.9074999999999999|EXCELLENT
18113|13.0|30.0|21.07692307692308|1.0|False|True|False|False|0.75|0.9230769230769231|1.0|1.0|0.9019230769230769|EXCELLENT
18114|7.0|66.0|31.0|0.0|False|False|False|False|0.44999999999999996|1.0|1.0|1.0|0.8349999999999999|GOOD
18116|9.0|39.0|23.77777777777778|0.0|False|False|False|False|0.675|1.0|1.0|1.0|0.9025|EXCELLENT
18118|10.0|60.0|26.9|0.0|False|False|False|False|0.5|1.0|1.0|1.0|0.85|EXCELLENT
18119|5.0|36.0|21.4|0.0|False|False|False|False|0.7|1.0|1.0|1.0|0.91|EXCELLENT
18120|10.0|39.0|17.9|0.0|False|False|False|False|0.675|1.0|1.0|1.0|0.9025|EXCELLENT
18121|8.0|48.0|23.75|0.0|False|False|False|False|0.6|1.0|1.0|1.0|0.88|EXCELLENT
18122|13.0|36.0|19.0|1.0|False|True|False|False|0.7|0.9230769230769231|1.0|1.0|0.8869230769230768|EXCELLENT
18123|12.0|50.0|26.25|2.0|False|True|False|False|0.5833333333333333|0.8333333333333334|1.0|1.0|0.8249999999999998|GOOD
18124|7.0|42.0|23.714285714285715|0.0|False|False|False|False|0.65|1.0|1.0|1.0|0.8949999999999999|EXCELLENT
18125|10.0|49.0|28.1|0.0|False|False|False|False|0.5916666666666667|1.0|1.0|1.0|0.8775|EXCELLENT
18127|10.0|46.0|25.5|0.0|False|False|False|False|0.6166666666666667|1.0|1.0|1.0|0.8849999999999999|EXCELLENT
18129|10.0|46.0|27.5|0.0|False|False|False|False|0.6166666666666667|1.0|1.0|1.0|0.8849999999999999|EXCELLENT
18130|9.0|33.0|24.33333333333333|0.0|False|False|False|False|0.725|1.0|1.0|1.0|0.9174999999999999|EXCELLENT
18131|13.0|44.0|22.0|13.0|False|True|False|False|0.6333333333333333|0.0|1.0|1.0|0.59|FAIR
18133|17.0|43.0|24.529411764705884|17.0|False|True|False|False|0.6416666666666666|0.0|1.0|1.0|0.5924999999999999|FAIR
18135|12.0|44.0|23.416666666666668|0.0|False|False|False|False|0.6333333333333333|1.0|1.0|1.0|0.89|EXCELLENT
18136|14.0|35.0|21.214285714285715|1.0|False|True|False|False|0.7083333333333333|0.9285714285714286|1.0|1.0|0.8910714285714285|EXCELLENT
18138|12.0|42.0|23.08333333333333|0.0|False|False|False|False|0.65|1.0|1.0|1.0|0.8949999999999999|EXCELLENT
18139|11.0|37.0|23.90909090909091|0.0|False|False|False|False|0.6916666666666667|1.0|1.0|1.0|0.9074999999999999|EXCELLENT
18140|7.0|53.0|33.714285714285715|0.0|False|False|False|False|0.5583333333333333|1.0|1.0|1.0|0.8675|EXCELLENT
18141|11.0|65.0|25.63636363636364|2.0|False|True|False|False|0.45833333333333337|0.8181818181818181|1.0|1.0|0.7829545454545453|GOOD
18142|16.0|46.0|24.0|16.0|False|True|False|False|0.6166666666666667|0.0|1.0|1.0|0.585|FAIR
18143|5.0|43.0|27.6|0.0|False|False|False|False|0.6416666666666666|1.0|1.0|1.0|0.8925|EXCELLENT
18144|7.0|41.0|21.714285714285715|0.0|False|False|False|False|0.6583333333333333|1.0|1.0|1.0|0.8974999999999999|EXCELLENT
18145|6.0|19.0|15.833333333333334|0.0|False|False|False|False|0.8416666666666667|1.0|1.0|1.0|0.9525|EXCELLENT
18146|9.0|42.0|23.33333333333333|0.0|False|False|False|False|0.65|1.0|1.0|1.0|0.8949999999999999|EXCELLENT
18147|15.0|43.0|20.4|0.0|False|False|False|False|0.6416666666666666|1.0|1.0|1.0|0.8925|EXCELLENT
18148|5.0|28.0|23.0|0.0|False|False|False|False|0.7666666666666666|1.0|1.0|1.0|0.93|EXCELLENT
18149|11.0|50.0|24.818181818181817|1.0|False|True|False|False|0.5833333333333333|0.9090909090909091|1.0|1.0|0.8477272727272726|GOOD
18150|20.0|71.0|23.65|1.0|False|True|False|False|0.4083333333333333|0.95|1.0|1.0|0.8075|GOOD
18151|11.0|27.0|18.272727272727277|0.0|False|False|False|False|0.775|1.0|1.0|1.0|0.9325|EXCELLENT
18152|16.0|72.0|25.875|1.0|False|True|False|False|0.4|0.9375|1.0|1.0|0.8012499999999999|GOOD
18153|9.0|57.0|25.77777777777778|0.0|False|False|False|False|0.525|1.0|1.0|1.0|0.8575|EXCELLENT
18157|11.0|30.0|20.90909090909091|0.0|False|False|False|False|0.75|1.0|1.0|1.0|0.9249999999999999|EXCELLENT
18158|7.0|47.0|32.42857142857143|0.0|False|False|False|False|0.6083333333333334|1.0|1.0|1.0|0.8825|EXCELLENT
18159|11.0|85.0|27.363636363636363|0.0|True|False|False|False|0.29166666666666663|1.0|1.0|1.0|0.7875|GOOD
18161|9.0|80.0|29.666666666666668|0.0|False|False|False|False|0.33333333333333337|1.0|1.0|1.0|0.7999999999999999|GOOD
18162|10.0|55.0|25.1|1.0|False|True|False|False|0.5416666666666667|0.9|1.0|1.0|0.8324999999999999|GOOD
18163|9.0|61.0|20.22222222222222|1.0|False|True|False|False|0.4916666666666667|0.8888888888888888|1.0|1.0|0.8141666666666666|GOOD
18164|15.0|36.0|21.8|15.0|False|True|False|False|0.7|0.0|1.0|1.0|0.61|FAIR
18165|8.0|43.0|24.125|0.0|False|False|False|False|0.6416666666666666|1.0|1.0|1.0|0.8925|EXCELLENT
18166|10.0|31.0|19.1|0.0|False|False|False|False|0.7416666666666667|1.0|1.0|1.0|0.9225|EXCELLENT
18167|10.0|55.0|20.9|0.0|False|False|False|False|0.5416666666666667|1.0|1.0|1.0|0.8624999999999999|EXCELLENT
18168|9.0|55.0|28.22222222222222|0.0|False|False|False|False|0.5416666666666667|1.0|1.0|1.0|0.8624999999999999|EXCELLENT
18169|9.0|34.0|22.22222222222222|0.0|False|False|False|False|0.7166666666666667|1.0|1.0|1.0|0.9149999999999999|EXCELLENT
18170|8.0|55.0|30.25|0.0|False|False|False|False|0.5416666666666667|1.0|1.0|1.0|0.8624999999999999|EXCELLENT
18171|9.0|66.0|28.444444444444443|0.0|False|False|False|False|0.44999999999999996|1.0|1.0|1.0|0.8349999999999999|GOOD
18172|15.0|47.0|20.0|0.0|False|False|False|False|0.6083333333333334|1.0|1.0|1.0|0.8825|EXCELLENT
18173|10.0|45.0|24.7|1.0|False|True|False|False|0.625|0.9|1.0|1.0|0.8575|EXCELLENT
18174|10.0|36.0|21.9|0.0|False|False|False|False|0.7|1.0|1.0|1.0|0.91|EXCELLENT
18175|11.0|31.0|23.272727272727277|0.0|False|False|False|False|0.7416666666666667|1.0|1.0|1.0|0.9225|EXCELLENT
18176|13.0|51.0|26.0|13.0|False|True|False|False|0.575|0.0|1.0|1.0|0.5725|FAIR
18177|13.0|80.0|28.46153846153846|13.0|False|True|False|False|0.33333333333333337|0.0|1.0|1.0|0.5|FAIR
18178|8.0|76.0|30.875|0.0|False|False|False|False|0.3666666666666667|1.0|1.0|1.0|0.8099999999999999|GOOD
18180|15.0|30.0|19.0|0.0|False|False|False|False|0.75|1.0|1.0|1.0|0.9249999999999999|EXCELLENT
18181|14.0|50.0|27.142857142857142|14.0|False|True|False|False|0.5833333333333333|0.0|1.0|1.0|0.575|FAIR
18182|17.0|103.0|28.235294117647054|0.0|True|False|False|False|0.14166666666666672|1.0|1.0|1.0|0.7425|GOOD
18183|14.0|39.0|22.571428571428573|0.0|False|False|False|False|0.675|1.0|1.0|1.0|0.9025|EXCELLENT
18184|16.0|38.0|19.3125|0.0|False|False|False|False|0.6833333333333333|1.0|1.0|1.0|0.9049999999999999|EXCELLENT
18185|8.0|85.0|37.75|1.0|True|True|False|False|0.29166666666666663|0.875|1.0|1.0|0.7499999999999999|GOOD
18186|7.0|92.0|29.428571428571427|1.0|True|True|False|False|0.23333333333333328|0.8571428571428572|1.0|1.0|0.7271428571428572|GOOD
18190|6.0|27.0|19.33333333333333|1.0|False|True|False|False|0.775|0.8333333333333334|1.0|1.0|0.8825|EXCELLENT
18191|12.0|30.0|20.08333333333333|4.0|False|True|False|False|0.75|0.6666666666666667|1.0|1.0|0.825|GOOD
18193|8.0|75.0|27.5|0.0|False|False|False|False|0.375|1.0|1.0|1.0|0.8124999999999999|GOOD
18194|7.0|54.0|27.714285714285715|1.0|False|True|False|False|0.55|0.8571428571428572|1.0|1.0|0.8221428571428572|GOOD
18195|8.0|48.0|21.125|0.0|False|False|False|False|0.6|1.0|1.0|1.0|0.88|EXCELLENT
18196|9.0|35.0|21.444444444444443|0.0|False|False|False|False|0.7083333333333333|1.0|1.0|1.0|0.9125|EXCELLENT
18197|6.0|106.0|37.5|0.0|True|False|False|False|0.1166666666666667|1.0|1.0|1.0|0.735|GOOD
18199|10.0|48.0|24.3|0.0|False|False|False|False|0.6|1.0|1.0|1.0|0.88|EXCELLENT
18200|9.0|78.0|37.44444444444444|3.0|False|True|False|False|0.35|0.6666666666666667|1.0|1.0|0.705|GOOD
18201|7.0|28.0|15.571428571428571|2.0|False|True|False|False|0.7666666666666666|0.7142857142857143|1.0|1.0|0.8442857142857142|GOOD
18202|10.0|26.0|20.1|2.0|False|True|False|False|0.7833333333333333|0.8|1.0|1.0|0.8749999999999999|EXCELLENT
18203|8.0|88.0|28.125|1.0|True|True|False|False|0.2666666666666667|0.875|1.0|1.0|0.7425|GOOD
18204|9.0|37.0|20.77777777777778|1.0|False|True|False|False|0.6916666666666667|0.8888888888888888|1.0|1.0|0.8741666666666666|EXCELLENT
18205|11.0|79.0|36.45454545454545|0.0|False|False|False|False|0.3416666666666667|1.0|1.0|1.0|0.8024999999999999|GOOD
18206|19.0|39.0|20.473684210526315|19.0|False|True|False|False|0.675|0.0|1.0|1.0|0.6024999999999999|FAIR
18207|9.0|68.0|25.88888888888889|0.0|False|False|False|False|0.43333333333333335|1.0|1.0|1.0|0.83|GOOD
18208|6.0|55.0|28.666666666666668|0.0|False|False|False|False|0.5416666666666667|1.0|1.0|1.0|0.8624999999999999|EXCELLENT
18209|8.0|58.0|31.125|0.0|False|False|False|False|0.5166666666666666|1.0|1.0|1.0|0.8549999999999999|EXCELLENT
18210|16.0|50.0|22.875|0.0|False|False|False|False|0.5833333333333333|1.0|1.0|1.0|0.8749999999999999|EXCELLENT
18211|7.0|62.0|31.571428571428573|0.0|False|False|False|False|0.4833333333333333|1.0|1.0|1.0|0.8449999999999999|GOOD
18212|15.0|36.0|21.0|1.0|False|True|False|False|0.7|0.9333333333333333|1.0|1.0|0.89|EXCELLENT
18213|26.0|51.0|20.692307692307693|4.0|False|True|False|False|0.575|0.8461538461538461|1.0|1.0|0.8263461538461537|GOOD
18215|8.0|96.0|35.75|0.0|True|False|False|False|0.19999999999999996|1.0|1.0|1.0|0.7599999999999999|GOOD
18216|9.0|43.0|32.0|9.0|False|True|False|False|0.6416666666666666|0.0|1.0|1.0|0.5924999999999999|FAIR
18217|12.0|35.0|18.666666666666668|12.0|False|True|False|False|0.7083333333333333|0.0|1.0|1.0|0.6124999999999999|FAIR
18218|7.0|89.0|30.571428571428573|0.0|True|False|False|False|0.2583333333333333|1.0|1.0|1.0|0.7775|GOOD
18219|8.0|26.0|16.5|1.0|False|True|False|False|0.7833333333333333|0.875|1.0|1.0|0.8975|EXCELLENT
18220|11.0|56.0|24.09090909090909|0.0|False|False|False|False|0.5333333333333333|1.0|1.0|1.0|0.86|EXCELLENT
18221|10.0|23.0|16.6|1.0|False|True|False|False|0.8083333333333333|0.9|1.0|1.0|0.9125|EXCELLENT
18222|12.0|47.0|21.666666666666668|0.0|False|False|False|False|0.6083333333333334|1.0|1.0|1.0|0.8825|EXCELLENT
18223|6.0|33.0|24.83333333333333|6.0|False|True|False|False|0.725|0.0|1.0|1.0|0.6174999999999999|FAIR
18225|14.0|33.0|20.357142857142858|14.0|False|True|False|False|0.725|0.0|1.0|1.0|0.6174999999999999|FAIR
18226|10.0|52.0|29.0|10.0|False|True|False|False|0.5666666666666667|0.0|1.0|1.0|0.57|FAIR
18227|8.0|32.0|20.125|1.0|False|True|False|False|0.7333333333333334|0.875|1.0|1.0|0.8825|EXCELLENT
18228|10.0|33.0|24.8|10.0|False|True|False|False|0.725|0.0|1.0|1.0|0.6174999999999999|FAIR
18229|14.0|40.0|24.785714285714285|1.0|False|True|False|False|0.6666666666666667|0.9285714285714286|1.0|1.0|0.8785714285714286|EXCELLENT
18231|13.0|41.0|21.0|2.0|False|True|False|False|0.6583333333333333|0.8461538461538461|1.0|1.0|0.8513461538461539|EXCELLENT
18233|10.0|43.0|26.9|0.0|False|False|False|False|0.6416666666666666|1.0|1.0|1.0|0.8925|EXCELLENT
18234|8.0|42.0|24.25|0.0|False|False|False|False|0.65|1.0|1.0|1.0|0.8949999999999999|EXCELLENT
18235|17.0|57.0|25.823529411764707|0.0|False|False|False|False|0.525|1.0|1.0|1.0|0.8575|EXCELLENT
18237|10.0|90.0|35.7|0.0|True|False|False|False|0.25|1.0|1.0|1.0|0.775|GOOD
18238|14.0|35.0|23.642857142857142|0.0|False|False|False|False|0.7083333333333333|1.0|1.0|1.0|0.9125|EXCELLENT
18239|7.0|74.0|43.142857142857146|0.0|False|False|False|False|0.3833333333333333|1.0|1.0|1.0|0.815|GOOD
18240|10.0|57.0|25.4|0.0|False|False|False|False|0.525|1.0|1.0|1.0|0.8575|EXCELLENT
18241|12.0|37.0|21.666666666666668|3.0|False|True|False|False|0.6916666666666667|0.75|1.0|1.0|0.8324999999999999|GOOD
18242|8.0|73.0|38.375|0.0|False|False|False|False|0.3916666666666667|1.0|1.0|1.0|0.8175|GOOD
18243|8.0|48.0|33.75|0.0|False|False|False|False|0.6|1.0|1.0|1.0|0.88|EXCELLENT
18244|9.0|73.0|31.666666666666668|1.0|False|True|False|False|0.3916666666666667|0.8888888888888888|1.0|1.0|0.7841666666666666|GOOD
18245|9.0|66.0|25.0|0.0|False|False|False|False|0.44999999999999996|1.0|1.0|1.0|0.8349999999999999|GOOD
18246|9.0|28.0|24.0|0.0|False|False|False|False|0.7666666666666666|1.0|1.0|1.0|0.93|EXCELLENT
18247|7.0|50.0|26.285714285714285|0.0|False|False|False|False|0.5833333333333333|1.0|1.0|1.0|0.8749999999999999|EXCELLENT
18248|12.0|39.0|21.58333333333333|0.0|False|False|False|False|0.675|1.0|1.0|1.0|0.9025|EXCELLENT
18249|14.0|32.0|20.928571428571427|14.0|False|True|False|False|0.7333333333333334|0.0|1.0|1.0|0.62|FAIR
18250|12.0|32.0|20.416666666666668|12.0|False|True|False|False|0.7333333333333334|0.0|1.0|1.0|0.62|FAIR
18252|7.0|47.0|32.857142857142854|0.0|False|False|False|False|0.6083333333333334|1.0|1.0|1.0|0.8825|EXCELLENT
18253|15.0|42.0|23.4|0.0|False|False|False|False|0.65|1.0|1.0|1.0|0.8949999999999999|EXCELLENT
18254|11.0|37.0|20.272727272727277|11.0|False|True|False|False|0.6916666666666667|0.0|1.0|1.0|0.6074999999999999|FAIR
18255|7.0|44.0|21.0|0.0|False|False|False|False|0.6333333333333333|1.0|1.0|1.0|0.89|EXCELLENT
18256|9.0|70.0|28.77777777777778|0.0|False|False|False|False|0.41666666666666663|1.0|1.0|1.0|0.825|GOOD
18257|5.0|45.0|23.4|0.0|False|False|False|False|0.625|1.0|1.0|1.0|0.8875|EXCELLENT
18258|8.0|22.0|16.625|0.0|False|False|False|False|0.8166666666666667|1.0|1.0|1.0|0.945|EXCELLENT
18259|9.0|93.0|32.666666666666664|0.0|True|False|False|False|0.22499999999999998|1.0|1.0|1.0|0.7675|GOOD
18260|11.0|49.0|23.90909090909091|1.0|False|True|False|False|0.5916666666666667|0.9090909090909091|1.0|1.0|0.8502272727272727|EXCELLENT
18261|4.0|64.0|55.75|0.0|False|False|False|False|0.4666666666666667|1.0|1.0|1.0|0.84|GOOD
18262|6.0|43.0|30.166666666666668|0.0|False|False|False|False|0.6416666666666666|1.0|1.0|1.0|0.8925|EXCELLENT
18263|3.0|15.0|9.666666666666666|1.0|False|True|False|False|0.875|0.6666666666666667|1.0|1.0|0.8624999999999999|EXCELLENT
18264|4.0|76.0|38.25|0.0|False|False|False|False|0.3666666666666667|1.0|1.0|1.0|0.8099999999999999|GOOD
18265|12.0|37.0|23.416666666666668|12.0|False|True|False|False|0.6916666666666667|0.0|1.0|1.0|0.6074999999999999|FAIR
18266|10.0|46.0|19.0|1.0|False|True|False|False|0.6166666666666667|0.9|1.0|1.0|0.855|EXCELLENT
18267|8.0|45.0|25.625|1.0|False|True|False|False|0.625|0.875|1.0|1.0|0.85|EXCELLENT
18268|10.0|39.0|26.6|0.0|False|False|False|False|0.675|1.0|1.0|1.0|0.9025|EXCELLENT
18269|10.0|55.0|24.0|1.0|False|True|False|False|0.5416666666666667|0.9|1.0|1.0|0.8324999999999999|GOOD
18270|10.0|50.0|26.4|0.0|False|False|False|False|0.5833333333333333|1.0|1.0|1.0|0.8749999999999999|EXCELLENT
18271|7.0|96.0|37.42857142857143|1.0|True|True|False|False|0.19999999999999996|0.8571428571428572|1.0|1.0|0.7171428571428572|GOOD
18272|9.0|79.0|31.666666666666668|0.0|False|False|False|False|0.3416666666666667|1.0|1.0|1.0|0.8024999999999999|GOOD
18273|9.0|60.0|48.66666666666666|0.0|False|False|False|False|0.5|1.0|1.0|1.0|0.85|EXCELLENT
18274|7.0|49.0|32.57142857142857|0.0|False|False|False|False|0.5916666666666667|1.0|1.0|1.0|0.8775|EXCELLENT
18275|5.0|118.0|60.0|0.0|True|False|False|False|0.01666666666666672|1.0|1.0|1.0|0.705|GOOD
18276|8.0|42.0|25.875|0.0|False|False|False|False|0.65|1.0|1.0|1.0|0.8949999999999999|EXCELLENT
18277|5.0|67.0|35.0|0.0|False|False|False|False|0.44166666666666665|1.0|1.0|1.0|0.8324999999999999|GOOD
18278|13.0|28.0|18.53846153846154|1.0|False|True|False|False|0.7666666666666666|0.9230769230769231|1.0|1.0|0.9069230769230768|EXCELLENT
18279|9.0|37.0|20.11111111111111|1.0|False|True|False|False|0.6916666666666667|0.8888888888888888|1.0|1.0|0.8741666666666666|EXCELLENT
18280|7.0|57.0|29.142857142857142|0.0|False|False|False|False|0.525|1.0|1.0|1.0|0.8575|EXCELLENT
18281|8.0|43.0|27.875|0.0|False|False|False|False|0.6416666666666666|1.0|1.0|1.0|0.8925|EXCELLENT
18282|9.0|32.0|20.77777777777778|1.0|False|True|False|False|0.7333333333333334|0.8888888888888888|1.0|1.0|0.8866666666666666|EXCELLENT
18283|8.0|47.0|25.0|0.0|False|False|False|False|0.6083333333333334|1.0|1.0|1.0|0.8825|EXCELLENT
18284|11.0|40.0|20.90909090909091|1.0|False|True|False|False|0.6666666666666667|0.9090909090909091|1.0|1.0|0.8727272727272727|EXCELLENT
18285|12.0|48.0|28.416666666666668|1.0|False|True|False|False|0.6|0.9166666666666666|1.0|1.0|0.8549999999999999|EXCELLENT
18286|13.0|30.0|19.923076923076923|0.0|False|False|False|False|0.75|1.0|1.0|1.0|0.9249999999999999|EXCELLENT
18288|11.0|62.0|24.818181818181817|0.0|False|False|False|False|0.4833333333333333|1.0|1.0|1.0|0.8449999999999999|GOOD
18289|7.0|31.0|22.714285714285715|0.0|False|False|False|False|0.7416666666666667|1.0|1.0|1.0|0.9225|EXCELLENT
18290|10.0|41.0|27.7|0.0|False|False|False|False|0.6583333333333333|1.0|1.0|1.0|0.8974999999999999|EXCELLENT
18293|6.0|43.0|30.5|0.0|False|False|False|False|0.6416666666666666|1.0|1.0|1.0|0.8925|EXCELLENT
18294|11.0|65.0|23.454545454545453|0.0|False|False|False|False|0.45833333333333337|1.0|1.0|1.0|0.8375|GOOD
18295|22.0|57.0|22.545454545454547|22.0|False|True|False|False|0.525|0.0|1.0|1.0|0.5575|FAIR
18297|16.0|49.0|18.125|2.0|False|True|False|False|0.5916666666666667|0.875|1.0|1.0|0.84|GOOD
18299|15.0|52.0|17.8|15.0|False|True|False|False|0.5666666666666667|0.0|1.0|1.0|0.57|FAIR
18300|11.0|65.0|34.63636363636363|11.0|False|True|False|False|0.45833333333333337|0.0|1.0|1.0|0.5375|FAIR
18305|21.0|36.0|20.428571428571427|21.0|False|True|False|False|0.7|0.0|1.0|1.0|0.61|FAIR
18306|19.0|62.0|19.210526315789476|19.0|False|True|False|False|0.4833333333333333|0.0|1.0|1.0|0.5449999999999999|FAIR
18307|18.0|35.0|19.55555555555556|1.0|False|True|False|False|0.7083333333333333|0.9444444444444444|1.0|1.0|0.8958333333333333|EXCELLENT
18308|15.0|37.0|21.133333333333333|1.0|False|True|False|False|0.6916666666666667|0.9333333333333333|1.0|1.0|0.8874999999999998|EXCELLENT
18309|14.0|38.0|20.928571428571427|2.0|False|True|False|False|0.6833333333333333|0.8571428571428572|1.0|1.0|0.8621428571428572|EXCELLENT
18310|14.0|56.0|23.571428571428573|2.0|False|True|False|False|0.5333333333333333|0.8571428571428572|1.0|1.0|0.8171428571428571|GOOD
18311|16.0|34.0|20.5625|0.0|False|False|False|False|0.7166666666666667|1.0|1.0|1.0|0.9149999999999999|EXCELLENT
18312|10.0|36.0|24.6|0.0|False|False|False|False|0.7|1.0|1.0|1.0|0.91|EXCELLENT
18313|13.0|38.0|25.692307692307693|0.0|False|False|False|False|0.6833333333333333|1.0|1.0|1.0|0.9049999999999999|EXCELLENT
18314|14.0|49.0|24.785714285714285|0.0|False|False|False|False|0.5916666666666667|1.0|1.0|1.0|0.8775|EXCELLENT
18315|12.0|65.0|28.0|0.0|False|False|False|False|0.45833333333333337|1.0|1.0|1.0|0.8375|GOOD
18317|11.0|38.0|28.0|0.0|False|False|False|False|0.6833333333333333|1.0|1.0|1.0|0.9049999999999999|EXCELLENT
18318|5.0|26.0|20.8|0.0|False|False|False|False|0.7833333333333333|1.0|1.0|1.0|0.9349999999999999|EXCELLENT
18319|12.0|60.0|23.5|1.0|False|True|False|False|0.5|0.9166666666666666|1.0|1.0|0.8249999999999998|GOOD
18320|12.0|65.0|31.666666666666668|0.0|False|False|False|False|0.45833333333333337|1.0|1.0|1.0|0.8375|GOOD
18321|2.0|22.0|18.5|0.0|False|False|False|False|0.8166666666666667|1.0|1.0|1.0|0.945|EXCELLENT
18322|11.0|35.0|23.09090909090909|0.0|False|False|False|False|0.7083333333333333|1.0|1.0|1.0|0.9125|EXCELLENT
18323|15.0|106.0|27.933333333333334|1.0|True|True|False|False|0.1166666666666667|0.9333333333333333|1.0|1.0|0.715|GOOD
18324|8.0|37.0|22.0|0.0|False|False|False|False|0.6916666666666667|1.0|1.0|1.0|0.9074999999999999|EXCELLENT
18325|9.0|35.0|24.33333333333333|0.0|False|False|False|False|0.7083333333333333|1.0|1.0|1.0|0.9125|EXCELLENT
18327|5.0|81.0|42.8|0.0|True|False|False|False|0.32499999999999996|1.0|1.0|1.0|0.7975|GOOD
18328|2.0|19.0|17.5|0.0|False|False|False|False|0.8416666666666667|1.0|1.0|1.0|0.9525|EXCELLENT
18329|7.0|99.0|36.85714285714285|0.0|True|False|False|False|0.17500000000000004|1.0|1.0|1.0|0.7525|GOOD
18330|12.0|42.0|23.166666666666668|0.0|False|False|False|False|0.65|1.0|1.0|1.0|0.8949999999999999|EXCELLENT
18331|12.0|40.0|20.25|0.0|False|False|False|False|0.6666666666666667|1.0|1.0|1.0|0.9|EXCELLENT
18332|12.0|32.0|21.08333333333333|1.0|False|True|False|False|0.7333333333333334|0.9166666666666666|1.0|1.0|0.8949999999999999|EXCELLENT
18333|12.0|35.0|17.416666666666668|1.0|False|True|False|False|0.7083333333333333|0.9166666666666666|1.0|1.0|0.8874999999999998|EXCELLENT
18334|5.0|43.0|26.2|0.0|False|False|False|False|0.6416666666666666|1.0|1.0|1.0|0.8925|EXCELLENT
18335|12.0|35.0|20.166666666666668|0.0|False|False|False|False|0.7083333333333333|1.0|1.0|1.0|0.9125|EXCELLENT
18336|11.0|68.0|26.818181818181817|0.0|False|False|False|False|0.43333333333333335|1.0|1.0|1.0|0.83|GOOD
18337|14.0|40.0|22.285714285714285|0.0|False|False|False|False|0.6666666666666667|1.0|1.0|1.0|0.9|EXCELLENT
18338|7.0|59.0|35.0|0.0|False|False|False|False|0.5083333333333333|1.0|1.0|1.0|0.8524999999999999|EXCELLENT
18339|15.0|42.0|19.933333333333334|0.0|False|False|False|False|0.65|1.0|1.0|1.0|0.8949999999999999|EXCELLENT
18340|9.0|52.0|26.0|0.0|False|False|False|False|0.5666666666666667|1.0|1.0|1.0|0.87|EXCELLENT
18341|8.0|42.0|21.625|0.0|False|False|False|False|0.65|1.0|1.0|1.0|0.8949999999999999|EXCELLENT
18343|13.0|38.0|23.46153846153846|0.0|False|False|False|False|0.6833333333333333|1.0|1.0|1.0|0.9049999999999999|EXCELLENT
18344|9.0|73.0|32.77777777777778|0.0|False|False|False|False|0.3916666666666667|1.0|1.0|1.0|0.8175|GOOD
18345|15.0|59.0|22.4|0.0|False|False|False|False|0.5083333333333333|1.0|1.0|1.0|0.8524999999999999|EXCELLENT
18346|6.0|125.0|51.833333333333336|0.0|True|False|False|False|0.0|1.0|1.0|1.0|0.7|GOOD
18347|12.0|39.0|18.916666666666668|0.0|False|False|False|False|0.675|1.0|1.0|1.0|0.9025|EXCELLENT
18348|15.0|44.0|25.0|0.0|False|False|False|False|0.6333333333333333|1.0|1.0|1.0|0.89|EXCELLENT
18349|9.0|28.0|20.33333333333333|0.0|False|False|False|False|0.7666666666666666|1.0|1.0|1.0|0.93|EXCELLENT
18350|11.0|40.0|27.0|0.0|False|False|False|False|0.6666666666666667|1.0|1.0|1.0|0.9|EXCELLENT
18351|10.0|47.0|27.0|0.0|False|False|False|False|0.6083333333333334|1.0|1.0|1.0|0.8825|EXCELLENT
18352|10.0|34.0|24.5|1.0|False|True|False|False|0.7166666666666667|0.9|1.0|1.0|0.8849999999999999|EXCELLENT
18353|11.0|35.0|19.272727272727277|3.0|False|True|False|False|0.7083333333333333|0.7272727272727273|1.0|1.0|0.8306818181818182|GOOD
18354|7.0|75.0|25.428571428571427|0.0|False|False|False|False|0.375|1.0|1.0|1.0|0.8124999999999999|GOOD
18355|13.0|57.0|21.23076923076923|6.0|False|True|False|False|0.525|0.5384615384615384|1.0|1.0|0.7190384615384614|GOOD
18356|10.0|52.0|24.9|0.0|False|False|False|False|0.5666666666666667|1.0|1.0|1.0|0.87|EXCELLENT
18357|9.0|80.0|24.77777777777778|0.0|False|False|False|False|0.33333333333333337|1.0|1.0|1.0|0.7999999999999999|GOOD
18358|8.0|25.0|19.75|0.0|False|False|False|False|0.7916666666666666|1.0|1.0|1.0|0.9374999999999999|EXCELLENT
18359|12.0|34.0|17.833333333333332|2.0|False|True|False|False|0.7166666666666667|0.8333333333333334|1.0|1.0|0.8649999999999999|EXCELLENT
18360|8.0|200.0|44.75|0.0|True|False|False|False|0.0|1.0|1.0|1.0|0.7|GOOD
18361|8.0|30.0|20.125|0.0|False|False|False|False|0.75|1.0|1.0|1.0|0.9249999999999999|EXCELLENT
18362|12.0|35.0|24.33333333333333|0.0|False|False|False|False|0.7083333333333333|1.0|1.0|1.0|0.9125|EXCELLENT
18363|5.0|57.0|26.6|1.0|False|True|False|False|0.525|0.8|1.0|1.0|0.7975|GOOD
18365|12.0|34.0|23.25|0.0|False|False|False|False|0.7166666666666667|1.0|1.0|1.0|0.9149999999999999|EXCELLENT
18366|8.0|45.0|28.625|0.0|False|False|False|False|0.625|1.0|1.0|1.0|0.8875|EXCELLENT
18367|7.0|26.0|22.857142857142858|0.0|False|False|False|False|0.7833333333333333|1.0|1.0|1.0|0.9349999999999999|EXCELLENT
18368|11.0|50.0|22.727272727272727|0.0|False|False|False|False|0.5833333333333333|1.0|1.0|1.0|0.8749999999999999|EXCELLENT
18369|5.0|37.0|28.4|0.0|False|False|False|False|0.6916666666666667|1.0|1.0|1.0|0.9074999999999999|EXCELLENT
18371|7.0|36.0|26.571428571428573|0.0|False|False|False|False|0.7|1.0|1.0|1.0|0.91|EXCELLENT
18373|11.0|29.0|20.0|0.0|False|False|False|False|0.7583333333333333|1.0|1.0|1.0|0.9274999999999999|EXCELLENT
18375|10.0|33.0|21.5|0.0|False|False|False|False|0.725|1.0|1.0|1.0|0.9174999999999999|EXCELLENT
18376|12.0|48.0|18.83333333333333|1.0|False|True|False|False|0.6|0.9166666666666666|1.0|1.0|0.8549999999999999|EXCELLENT
18377|11.0|52.0|26.272727272727277|2.0|False|True|False|False|0.5666666666666667|0.8181818181818181|1.0|1.0|0.8154545454545453|GOOD
18378|12.0|45.0|20.58333333333333|0.0|False|False|False|False|0.625|1.0|1.0|1.0|0.8875|EXCELLENT
18379|10.0|43.0|22.8|0.0|False|False|False|False|0.6416666666666666|1.0|1.0|1.0|0.8925|EXCELLENT
18380|9.0|88.0|33.44444444444444|1.0|True|True|False|False|0.2666666666666667|0.8888888888888888|1.0|1.0|0.7466666666666667|GOOD
18381|5.0|73.0|38.8|0.0|False|False|False|False|0.3916666666666667|1.0|1.0|1.0|0.8175|GOOD
18382|8.0|79.0|29.0|2.0|False|True|False|False|0.3416666666666667|0.75|1.0|1.0|0.7274999999999999|GOOD
18384|12.0|26.0|19.75|1.0|False|True|False|False|0.7833333333333333|0.9166666666666666|1.0|1.0|0.91|EXCELLENT
18386|10.0|76.0|32.3|0.0|False|False|False|False|0.3666666666666667|1.0|1.0|1.0|0.8099999999999999|GOOD
18387|12.0|43.0|21.5|1.0|False|True|False|False|0.6416666666666666|0.9166666666666666|1.0|1.0|0.8674999999999998|EXCELLENT
18388|10.0|45.0|21.7|1.0|False|True|False|False|0.625|0.9|1.0|1.0|0.8575|EXCELLENT
18389|6.0|30.0|22.666666666666668|0.0|False|False|False|False|0.75|1.0|1.0|1.0|0.9249999999999999|EXCELLENT
18390|11.0|72.0|27.454545454545453|0.0|False|False|False|False|0.4|1.0|1.0|1.0|0.82|GOOD
18391|7.0|24.0|18.428571428571427|1.0|False|True|False|False|0.8|0.8571428571428572|1.0|1.0|0.8971428571428571|EXCELLENT
18392|12.0|34.0|22.83333333333333|0.0|False|False|False|False|0.7166666666666667|1.0|1.0|1.0|0.9149999999999999|EXCELLENT
18393|15.0|47.0|21.133333333333333|1.0|False|True|False|False|0.6083333333333334|0.9333333333333333|1.0|1.0|0.8624999999999999|EXCELLENT
18394|10.0|33.0|21.1|0.0|False|False|False|False|0.725|1.0|1.0|1.0|0.9174999999999999|EXCELLENT
18396|15.0|45.0|18.933333333333334|1.0|False|True|False|False|0.625|0.9333333333333333|1.0|1.0|0.8674999999999999|EXCELLENT
18397|12.0|25.0|19.416666666666668|0.0|False|False|False|False|0.7916666666666666|1.0|1.0|1.0|0.9374999999999999|EXCELLENT
18399|16.0|50.0|24.0|0.0|False|False|False|False|0.5833333333333333|1.0|1.0|1.0|0.8749999999999999|EXCELLENT
18400|12.0|53.0|25.416666666666668|2.0|False|True|False|False|0.5583333333333333|0.8333333333333334|1.0|1.0|0.8175|GOOD
18401|10.0|59.0|24.8|0.0|False|False|False|False|0.5083333333333333|1.0|1.0|1.0|0.8524999999999999|EXCELLENT
18402|16.0|39.0|22.875|1.0|False|True|False|False|0.675|0.9375|1.0|1.0|0.8837499999999999|EXCELLENT
18403|15.0|38.0|20.33333333333333|0.0|False|False|False|False|0.6833333333333333|1.0|1.0|1.0|0.9049999999999999|EXCELLENT
18404|13.0|36.0|25.76923076923077|0.0|False|False|False|False|0.7|1.0|1.0|1.0|0.91|EXCELLENT
18405|12.0|34.0|20.416666666666668|0.0|False|False|False|False|0.7166666666666667|1.0|1.0|1.0|0.9149999999999999|EXCELLENT
18406|18.0|45.0|25.11111111111111|1.0|False|True|False|False|0.625|0.9444444444444444|1.0|1.0|0.8708333333333332|EXCELLENT
18407|8.0|59.0|28.25|0.0|False|False|False|False|0.5083333333333333|1.0|1.0|1.0|0.8524999999999999|EXCELLENT
18408|11.0|91.0|29.545454545454547|0.0|True|False|False|False|0.2416666666666667|1.0|1.0|1.0|0.7725|GOOD
18410|10.0|45.0|25.8|0.0|False|False|False|False|0.625|1.0|1.0|1.0|0.8875|EXCELLENT
18411|13.0|39.0|22.923076923076923|1.0|False|True|False|False|0.675|0.9230769230769231|1.0|1.0|0.879423076923077|EXCELLENT
18412|7.0|65.0|30.571428571428573|0.0|False|False|False|False|0.45833333333333337|1.0|1.0|1.0|0.8375|GOOD
18413|11.0|33.0|22.363636363636363|0.0|False|False|False|False|0.725|1.0|1.0|1.0|0.9174999999999999|EXCELLENT
18414|4.0|23.0|21.0|0.0|False|False|False|False|0.8083333333333333|1.0|1.0|1.0|0.9425|EXCELLENT
18415|9.0|54.0|21.444444444444443|0.0|False|False|False|False|0.55|1.0|1.0|1.0|0.8649999999999999|EXCELLENT
18416|8.0|62.0|28.125|0.0|False|False|False|False|0.4833333333333333|1.0|1.0|1.0|0.8449999999999999|GOOD
18417|10.0|48.0|20.4|0.0|False|False|False|False|0.6|1.0|1.0|1.0|0.88|EXCELLENT
18418|10.0|29.0|22.3|10.0|False|True|False|False|0.7583333333333333|0.0|1.0|1.0|0.6275|FAIR
18419|9.0|28.0|19.666666666666668|9.0|False|True|False|False|0.7666666666666666|0.0|1.0|1.0|0.63|FAIR
18422|11.0|37.0|22.363636363636363|11.0|False|True|False|False|0.6916666666666667|0.0|1.0|1.0|0.6074999999999999|FAIR
18424|9.0|40.0|24.11111111111111|9.0|False|True|False|False|0.6666666666666667|0.0|1.0|1.0|0.6|FAIR
18425|17.0|31.0|23.11764705882353|17.0|False|True|False|False|0.7416666666666667|0.0|1.0|1.0|0.6224999999999999|FAIR
18426|11.0|68.0|39.81818181818182|11.0|False|True|False|False|0.43333333333333335|0.0|1.0|1.0|0.53|FAIR
18428|7.0|44.0|29.142857142857142|0.0|False|False|False|False|0.6333333333333333|1.0|1.0|1.0|0.89|EXCELLENT
18429|12.0|34.0|15.666666666666666|0.0|False|False|False|False|0.7166666666666667|1.0|1.0|1.0|0.9149999999999999|EXCELLENT
18430|8.0|55.0|26.625|1.0|False|True|False|False|0.5416666666666667|0.875|1.0|1.0|0.8250000000000001|GOOD
18431|8.0|46.0|23.5|0.0|False|False|False|False|0.6166666666666667|1.0|1.0|1.0|0.8849999999999999|EXCELLENT
18432|8.0|63.0|27.75|0.0|False|False|False|False|0.475|1.0|1.0|1.0|0.8424999999999999|GOOD
18433|11.0|52.0|23.727272727272727|0.0|False|False|False|False|0.5666666666666667|1.0|1.0|1.0|0.87|EXCELLENT
18434|8.0|48.0|22.625|1.0|False|True|False|False|0.6|0.875|1.0|1.0|0.8424999999999999|GOOD
18435|15.0|39.0|21.066666666666663|3.0|False|True|False|False|0.675|0.8|1.0|1.0|0.8424999999999999|GOOD
18436|20.0|115.0|32.0|4.0|True|True|False|False|0.04166666666666663|0.8|1.0|1.0|0.6525|FAIR
18437|10.0|51.0|32.8|1.0|False|True|False|False|0.575|0.9|1.0|1.0|0.8424999999999999|GOOD
18438|31.0|75.0|31.096774193548388|1.0|False|True|False|False|0.375|0.967741935483871|1.0|1.0|0.8028225806451613|GOOD
18440|19.0|40.0|22.210526315789476|0.0|False|False|False|False|0.6666666666666667|1.0|1.0|1.0|0.9|EXCELLENT
18441|33.0|84.0|25.60606060606061|4.0|True|True|False|False|0.30000000000000004|0.8787878787878788|1.0|1.0|0.7536363636363635|GOOD
18443|21.0|72.0|26.23809523809524|4.0|False|True|False|False|0.4|0.8095238095238095|1.0|1.0|0.7628571428571428|GOOD
18444|32.0|56.0|21.875|1.0|False|True|False|False|0.5333333333333333|0.96875|1.0|1.0|0.8506249999999999|EXCELLENT
18445|54.0|52.0|20.425925925925927|10.0|False|True|False|False|0.5666666666666667|0.8148148148148149|1.0|1.0|0.8144444444444444|GOOD
18447|17.0|40.0|24.11764705882353|0.0|False|False|False|False|0.6666666666666667|1.0|1.0|1.0|0.9|EXCELLENT
18448|14.0|54.0|20.142857142857142|3.0|False|True|False|False|0.55|0.7857142857142857|1.0|1.0|0.8007142857142856|GOOD
18449|37.0|40.0|17.45945945945946|4.0|False|True|False|False|0.6666666666666667|0.8918918918918919|1.0|1.0|0.8675675675675675|EXCELLENT
18451|24.0|28.0|13.125|8.0|False|True|False|False|0.7666666666666666|0.6666666666666667|1.0|1.0|0.83|GOOD
18452|28.0|58.0|17.357142857142858|4.0|False|True|False|False|0.5166666666666666|0.8571428571428572|1.0|1.0|0.8121428571428572|GOOD
18453|29.0|48.0|21.448275862068964|2.0|False|True|False|False|0.6|0.9310344827586207|1.0|1.0|0.8593103448275862|EXCELLENT
18454|27.0|44.0|21.40740740740741|2.0|False|True|False|False|0.6333333333333333|0.9259259259259259|1.0|1.0|0.8677777777777776|EXCELLENT
18455|25.0|52.0|23.72|2.0|False|True|False|False|0.5666666666666667|0.92|1.0|1.0|0.846|GOOD
18457|31.0|44.0|21.06451612903226|5.0|False|True|False|False|0.6333333333333333|0.8387096774193549|1.0|1.0|0.8416129032258063|GOOD
18458|17.0|57.0|35.35294117647059|0.0|False|False|False|False|0.525|1.0|1.0|1.0|0.8575|EXCELLENT
18459|17.0|48.0|20.058823529411764|2.0|False|True|False|False|0.6|0.8823529411764706|1.0|1.0|0.8447058823529411|GOOD
18463|8.0|52.0|30.875|1.0|False|True|False|False|0.5666666666666667|0.875|1.0|1.0|0.8324999999999999|GOOD
18464|6.0|68.0|30.166666666666668|0.0|False|False|False|False|0.43333333333333335|1.0|1.0|1.0|0.83|GOOD
18466|12.0|43.0|19.25|1.0|False|True|False|False|0.6416666666666666|0.9166666666666666|1.0|1.0|0.8674999999999998|EXCELLENT
18467|7.0|42.0|26.428571428571427|0.0|False|False|False|False|0.65|1.0|1.0|1.0|0.8949999999999999|EXCELLENT
18468|19.0|36.0|18.31578947368421|5.0|False|True|False|False|0.7|0.736842105263158|1.0|1.0|0.8310526315789474|GOOD
18469|15.0|44.0|21.133333333333333|1.0|False|True|False|False|0.6333333333333333|0.9333333333333333|1.0|1.0|0.87|EXCELLENT
18471|10.0|105.0|38.4|2.0|True|True|False|False|0.125|0.8|1.0|1.0|0.6774999999999999|FAIR
18472|27.0|64.0|23.85185185185185|0.0|False|False|False|False|0.4666666666666667|1.0|1.0|1.0|0.84|GOOD
18473|23.0|42.0|18.956521739130437|6.0|False|True|False|False|0.65|0.7391304347826086|1.0|1.0|0.8167391304347825|GOOD
18474|18.0|45.0|24.55555555555556|0.0|False|False|False|False|0.625|1.0|1.0|1.0|0.8875|EXCELLENT
18475|6.0|57.0|31.0|0.0|False|False|False|False|0.525|1.0|1.0|1.0|0.8575|EXCELLENT
18476|9.0|63.0|36.44444444444444|0.0|False|False|False|False|0.475|1.0|1.0|1.0|0.8424999999999999|GOOD
18477|18.0|34.0|20.83333333333333|1.0|False|True|False|False|0.7166666666666667|0.9444444444444444|1.0|1.0|0.8983333333333333|EXCELLENT
18478|5.0|123.0|62.6|0.0|True|False|False|False|0.0|1.0|1.0|1.0|0.7|GOOD
18479|10.0|35.0|20.0|0.0|False|False|False|False|0.7083333333333333|1.0|1.0|1.0|0.9125|EXCELLENT
18480|12.0|33.0|20.916666666666668|2.0|False|True|False|False|0.725|0.8333333333333334|1.0|1.0|0.8675|EXCELLENT
18481|27.0|40.0|20.37037037037037|0.0|False|False|False|False|0.6666666666666667|1.0|1.0|1.0|0.9|EXCELLENT
18482|21.0|44.0|15.761904761904765|3.0|False|True|False|False|0.6333333333333333|0.8571428571428572|1.0|1.0|0.8471428571428571|GOOD
18484|13.0|46.0|17.846153846153847|1.0|False|True|False|False|0.6166666666666667|0.9230769230769231|1.0|1.0|0.8619230769230769|EXCELLENT
18485|17.0|46.0|25.41176470588235|2.0|False|True|False|False|0.6166666666666667|0.8823529411764706|1.0|1.0|0.8497058823529412|GOOD
18486|11.0|130.0|33.27272727272727|0.0|True|False|False|False|0.0|1.0|1.0|1.0|0.7|GOOD
18488|18.0|43.0|20.05555555555556|2.0|False|True|False|False|0.6416666666666666|0.8888888888888888|1.0|1.0|0.8591666666666665|EXCELLENT
18489|7.0|72.0|29.428571428571427|0.0|False|False|False|False|0.4|1.0|1.0|1.0|0.82|GOOD
18490|15.0|51.0|23.866666666666667|4.0|False|True|False|False|0.575|0.7333333333333334|1.0|1.0|0.7924999999999999|GOOD
18491|8.0|52.0|20.5|1.0|False|True|False|False|0.5666666666666667|0.875|1.0|1.0|0.8324999999999999|GOOD
18492|12.0|46.0|18.08333333333333|1.0|False|True|False|False|0.6166666666666667|0.9166666666666666|1.0|1.0|0.86|EXCELLENT
18493|12.0|39.0|28.75|0.0|False|False|False|False|0.675|1.0|1.0|1.0|0.9025|EXCELLENT
18494|11.0|56.0|25.727272727272727|1.0|False|True|False|False|0.5333333333333333|0.9090909090909091|1.0|1.0|0.8327272727272726|GOOD
18495|10.0|51.0|25.0|0.0|False|False|False|False|0.575|1.0|1.0|1.0|0.8724999999999999|EXCELLENT
18496|9.0|78.0|38.44444444444444|0.0|False|False|False|False|0.35|1.0|1.0|1.0|0.8049999999999999|GOOD
18498|15.0|40.0|22.0|2.0|False|True|False|False|0.6666666666666667|0.8666666666666667|1.0|1.0|0.86|EXCELLENT
18499|11.0|35.0|17.09090909090909|2.0|False|True|False|False|0.7083333333333333|0.8181818181818181|1.0|1.0|0.8579545454545453|EXCELLENT
18500|14.0|44.0|23.714285714285715|1.0|False|True|False|False|0.6333333333333333|0.9285714285714286|1.0|1.0|0.8685714285714284|EXCELLENT
18501|15.0|28.0|13.733333333333333|7.0|False|True|False|False|0.7666666666666666|0.5333333333333333|1.0|1.0|0.7899999999999999|GOOD
18502|8.0|81.0|37.375|0.0|True|False|False|False|0.32499999999999996|1.0|1.0|1.0|0.7975|GOOD
18503|9.0|43.0|24.33333333333333|0.0|False|False|False|False|0.6416666666666666|1.0|1.0|1.0|0.8925|EXCELLENT
18504|12.0|53.0|22.08333333333333|1.0|False|True|False|False|0.5583333333333333|0.9166666666666666|1.0|1.0|0.8424999999999999|GOOD
18505|4.0|78.0|55.0|0.0|False|False|False|False|0.35|1.0|1.0|1.0|0.8049999999999999|GOOD
18506|11.0|58.0|39.09090909090909|0.0|False|False|False|False|0.5166666666666666|1.0|1.0|1.0|0.8549999999999999|EXCELLENT
18507|10.0|60.0|30.9|0.0|False|False|False|False|0.5|1.0|1.0|1.0|0.85|EXCELLENT
18508|30.0|94.0|22.5|8.0|True|True|False|False|0.21666666666666667|0.7333333333333334|1.0|1.0|0.6849999999999999|FAIR
18509|28.0|194.0|34.17857142857143|1.0|True|True|False|False|0.0|0.9642857142857143|1.0|1.0|0.6892857142857142|FAIR
18510|36.0|69.0|24.194444444444443|3.0|False|True|False|False|0.42500000000000004|0.9166666666666666|1.0|1.0|0.8024999999999999|GOOD
18511|24.0|50.0|22.375|2.0|False|True|False|False|0.5833333333333333|0.9166666666666666|1.0|1.0|0.85|EXCELLENT
18512|16.0|36.0|19.375|1.0|False|True|False|False|0.7|0.9375|1.0|1.0|0.89125|EXCELLENT
18513|21.0|42.0|19.761904761904763|3.0|False|True|False|False|0.65|0.8571428571428572|1.0|1.0|0.8521428571428572|EXCELLENT
18514|14.0|38.0|24.642857142857142|2.0|False|True|False|False|0.6833333333333333|0.8571428571428572|1.0|1.0|0.8621428571428572|EXCELLENT
18515|14.0|30.0|18.642857142857142|2.0|False|True|False|False|0.75|0.8571428571428572|1.0|1.0|0.8821428571428571|EXCELLENT
18516|10.0|51.0|29.4|0.0|False|False|False|False|0.575|1.0|1.0|1.0|0.8724999999999999|EXCELLENT
18517|10.0|80.0|21.1|4.0|False|True|False|False|0.33333333333333337|0.6|1.0|1.0|0.68|FAIR
18518|51.0|53.0|19.235294117647054|6.0|False|True|False|False|0.5583333333333333|0.8823529411764706|1.0|1.0|0.8322058823529411|GOOD
18519|19.0|55.0|21.526315789473685|1.0|False|True|False|False|0.5416666666666667|0.9473684210526316|1.0|1.0|0.8467105263157894|GOOD
18520|11.0|42.0|24.09090909090909|1.0|False|True|False|False|0.65|0.9090909090909091|1.0|1.0|0.8677272727272727|EXCELLENT
18522|12.0|64.0|24.33333333333333|2.0|False|True|False|False|0.4666666666666667|0.8333333333333334|1.0|1.0|0.7899999999999999|GOOD
18523|41.0|65.0|24.78048780487805|8.0|False|True|False|False|0.45833333333333337|0.8048780487804879|1.0|1.0|0.7789634146341463|GOOD
18526|9.0|56.0|22.0|1.0|False|True|False|False|0.5333333333333333|0.8888888888888888|1.0|1.0|0.8266666666666665|GOOD
18527|13.0|51.0|20.846153846153847|5.0|False|True|False|False|0.575|0.6153846153846154|1.0|1.0|0.7571153846153845|GOOD
18528|6.0|71.0|28.166666666666668|0.0|False|False|False|False|0.4083333333333333|1.0|1.0|1.0|0.8224999999999999|GOOD
18529|13.0|81.0|25.384615384615383|0.0|True|False|False|False|0.32499999999999996|1.0|1.0|1.0|0.7975|GOOD
18530|12.0|81.0|27.83333333333333|1.0|True|True|False|False|0.32499999999999996|0.9166666666666666|1.0|1.0|0.7724999999999999|GOOD
18531|9.0|33.0|23.444444444444443|0.0|False|False|False|False|0.725|1.0|1.0|1.0|0.9174999999999999|EXCELLENT
18533|26.0|50.0|25.57692307692308|3.0|False|True|False|False|0.5833333333333333|0.8846153846153846|1.0|1.0|0.8403846153846154|GOOD
18534|37.0|51.0|23.75675675675676|4.0|False|True|False|False|0.575|0.8918918918918919|1.0|1.0|0.8400675675675675|GOOD
18535|10.0|32.0|24.1|0.0|False|False|False|False|0.7333333333333334|1.0|1.0|1.0|0.92|EXCELLENT
18536|32.0|39.0|17.25|9.0|False|True|False|False|0.675|0.71875|1.0|1.0|0.8181249999999999|GOOD
18537|26.0|63.0|20.115384615384617|1.0|False|True|False|False|0.475|0.9615384615384616|1.0|1.0|0.8309615384615384|GOOD
18538|8.0|39.0|27.625|0.0|False|False|False|False|0.675|1.0|1.0|1.0|0.9025|EXCELLENT
18539|7.0|35.0|22.428571428571427|0.0|False|False|False|False|0.7083333333333333|1.0|1.0|1.0|0.9125|EXCELLENT
18540|11.0|35.0|21.454545454545453|2.0|False|True|False|False|0.7083333333333333|0.8181818181818181|1.0|1.0|0.8579545454545453|EXCELLENT
18541|12.0|28.0|16.833333333333332|4.0|False|True|False|False|0.7666666666666666|0.6666666666666667|1.0|1.0|0.83|GOOD
18542|12.0|45.0|21.25|2.0|False|True|False|False|0.625|0.8333333333333334|1.0|1.0|0.8375|GOOD
18544|20.0|106.0|38.5|2.0|True|True|False|False|0.1166666666666667|0.9|1.0|1.0|0.705|GOOD
18545|17.0|26.0|18.647058823529413|2.0|False|True|False|False|0.7833333333333333|0.8823529411764706|1.0|1.0|0.8997058823529411|EXCELLENT
18546|11.0|25.0|14.636363636363637|2.0|False|True|False|False|0.7916666666666666|0.8181818181818181|1.0|1.0|0.8829545454545454|EXCELLENT
18547|9.0|41.0|24.88888888888889|1.0|False|True|False|False|0.6583333333333333|0.8888888888888888|1.0|1.0|0.8641666666666666|EXCELLENT
18549|16.0|54.0|21.25|1.0|False|True|False|False|0.55|0.9375|1.0|1.0|0.8462500000000001|GOOD
18550|9.0|37.0|25.0|0.0|False|False|False|False|0.6916666666666667|1.0|1.0|1.0|0.9074999999999999|EXCELLENT
18551|32.0|46.0|23.46875|5.0|False|True|False|False|0.6166666666666667|0.84375|1.0|1.0|0.8381249999999999|GOOD
18552|11.0|28.0|18.0|1.0|False|True|False|False|0.7666666666666666|0.9090909090909091|1.0|1.0|0.9027272727272727|EXCELLENT
18554|8.0|47.0|29.125|0.0|False|False|False|False|0.6083333333333334|1.0|1.0|1.0|0.8825|EXCELLENT
18555|10.0|34.0|23.3|1.0|False|True|False|False|0.7166666666666667|0.9|1.0|1.0|0.8849999999999999|EXCELLENT
18556|8.0|33.0|23.375|0.0|False|False|False|False|0.725|1.0|1.0|1.0|0.9174999999999999|EXCELLENT
18557|13.0|40.0|24.46153846153846|0.0|False|False|False|False|0.6666666666666667|1.0|1.0|1.0|0.9|EXCELLENT
18558|25.0|39.0|20.04|1.0|False|True|False|False|0.675|0.96|1.0|1.0|0.8905|EXCELLENT
18559|12.0|46.0|30.5|0.0|False|False|False|False|0.6166666666666667|1.0|1.0|1.0|0.8849999999999999|EXCELLENT
18561|27.0|30.0|17.555555555555557|5.0|False|True|False|False|0.75|0.8148148148148149|1.0|1.0|0.8694444444444444|EXCELLENT
18562|11.0|25.0|14.0|2.0|False|True|False|False|0.7916666666666666|0.8181818181818181|1.0|1.0|0.8829545454545454|EXCELLENT
18564|14.0|42.0|20.714285714285715|1.0|False|True|False|False|0.65|0.9285714285714286|1.0|1.0|0.8735714285714286|EXCELLENT
18565|7.0|59.0|39.285714285714285|0.0|False|False|False|False|0.5083333333333333|1.0|1.0|1.0|0.8524999999999999|EXCELLENT
18566|12.0|30.0|18.916666666666668|2.0|False|True|False|False|0.75|0.8333333333333334|1.0|1.0|0.8749999999999999|EXCELLENT
18567|9.0|64.0|25.33333333333333|0.0|False|False|False|False|0.4666666666666667|1.0|1.0|1.0|0.84|GOOD
18569|13.0|41.0|21.692307692307693|0.0|False|False|False|False|0.6583333333333333|1.0|1.0|1.0|0.8974999999999999|EXCELLENT
18570|12.0|34.0|21.25|2.0|False|True|False|False|0.7166666666666667|0.8333333333333334|1.0|1.0|0.8649999999999999|EXCELLENT
18572|9.0|41.0|27.666666666666668|0.0|False|False|False|False|0.6583333333333333|1.0|1.0|1.0|0.8974999999999999|EXCELLENT
18573|15.0|42.0|18.6|1.0|False|True|False|False|0.65|0.9333333333333333|1.0|1.0|0.8749999999999999|EXCELLENT
18574|13.0|67.0|27.153846153846157|2.0|False|True|False|False|0.44166666666666665|0.8461538461538461|1.0|1.0|0.7863461538461537|GOOD
18575|19.0|55.0|21.42105263157895|1.0|False|True|False|False|0.5416666666666667|0.9473684210526316|1.0|1.0|0.8467105263157894|GOOD
18576|13.0|35.0|19.307692307692307|1.0|False|True|False|False|0.7083333333333333|0.9230769230769231|1.0|1.0|0.8894230769230769|EXCELLENT
18577|16.0|57.0|20.9375|5.0|False|True|False|False|0.525|0.6875|1.0|1.0|0.76375|GOOD
18578|12.0|49.0|28.33333333333333|1.0|False|True|False|False|0.5916666666666667|0.9166666666666666|1.0|1.0|0.8524999999999999|EXCELLENT
18579|13.0|33.0|16.153846153846153|2.0|False|True|False|False|0.725|0.8461538461538461|1.0|1.0|0.8713461538461539|EXCELLENT
18580|9.0|71.0|37.55555555555556|0.0|False|False|False|False|0.4083333333333333|1.0|1.0|1.0|0.8224999999999999|GOOD
18581|21.0|72.0|19.761904761904763|6.0|False|True|False|False|0.4|0.7142857142857143|1.0|1.0|0.7342857142857143|GOOD
18587|9.0|67.0|27.22222222222222|1.0|False|True|False|False|0.44166666666666665|0.8888888888888888|1.0|1.0|0.7991666666666667|GOOD
18589|8.0|48.0|28.875|0.0|False|False|False|False|0.6|1.0|1.0|1.0|0.88|EXCELLENT
18590|10.0|28.0|15.4|1.0|False|True|False|False|0.7666666666666666|0.9|1.0|1.0|0.9|EXCELLENT
18591|19.0|41.0|18.63157894736842|6.0|False|True|False|False|0.6583333333333333|0.6842105263157895|1.0|1.0|0.8027631578947368|GOOD
18592|19.0|44.0|19.84210526315789|2.0|False|True|False|False|0.6333333333333333|0.8947368421052632|1.0|1.0|0.8584210526315789|EXCELLENT
18593|12.0|36.0|18.916666666666668|0.0|False|False|False|False|0.7|1.0|1.0|1.0|0.91|EXCELLENT
18594|13.0|120.0|27.923076923076923|0.0|True|False|False|False|0.0|1.0|1.0|1.0|0.7|GOOD
18595|14.0|35.0|22.428571428571427|1.0|False|True|False|False|0.7083333333333333|0.9285714285714286|1.0|1.0|0.8910714285714285|EXCELLENT
18597|11.0|51.0|27.09090909090909|1.0|False|True|False|False|0.575|0.9090909090909091|1.0|1.0|0.8452272727272726|GOOD
18599|10.0|39.0|22.7|1.0|False|True|False|False|0.675|0.9|1.0|1.0|0.8724999999999999|EXCELLENT
18601|29.0|48.0|23.655172413793103|3.0|False|True|False|False|0.6|0.896551724137931|1.0|1.0|0.8489655172413793|GOOD
18602|10.0|37.0|19.3|0.0|False|False|False|False|0.6916666666666667|1.0|1.0|1.0|0.9074999999999999|EXCELLENT
18621|7.0|41.0|30.0|0.0|False|False|False|False|0.6583333333333333|1.0|1.0|1.0|0.8974999999999999|EXCELLENT
18624|25.0|45.0|25.48|3.0|False|True|False|False|0.625|0.88|1.0|1.0|0.8515|EXCELLENT
18625|6.0|64.0|29.33333333333333|0.0|False|False|False|False|0.4666666666666667|1.0|1.0|1.0|0.84|GOOD
18627|24.0|67.0|22.541666666666668|5.0|False|True|False|False|0.44166666666666665|0.7916666666666666|1.0|1.0|0.7699999999999999|GOOD
18630|5.0|42.0|26.6|0.0|False|False|False|False|0.65|1.0|1.0|1.0|0.8949999999999999|EXCELLENT
18632|6.0|53.0|29.5|0.0|False|False|False|False|0.5583333333333333|1.0|1.0|1.0|0.8675|EXCELLENT
18633|11.0|38.0|22.818181818181817|0.0|False|False|False|False|0.6833333333333333|1.0|1.0|1.0|0.9049999999999999|EXCELLENT
18634|7.0|35.0|19.142857142857142|1.0|False|True|False|False|0.7083333333333333|0.8571428571428572|1.0|1.0|0.869642857142857|EXCELLENT
18635|37.0|90.0|23.27027027027027|10.0|True|True|False|False|0.25|0.7297297297297297|1.0|1.0|0.6939189189189189|FAIR
18636|11.0|52.0|26.09090909090909|0.0|False|False|False|False|0.5666666666666667|1.0|1.0|1.0|0.87|EXCELLENT
18638|6.0|68.0|36.5|0.0|False|False|False|False|0.43333333333333335|1.0|1.0|1.0|0.83|GOOD
18641|27.0|38.0|19.74074074074074|4.0|False|True|False|False|0.6833333333333333|0.8518518518518519|1.0|1.0|0.8605555555555554|EXCELLENT
18642|28.0|56.0|25.571428571428573|5.0|False|True|False|False|0.5333333333333333|0.8214285714285714|1.0|1.0|0.8064285714285714|GOOD
18643|24.0|38.0|19.58333333333333|7.0|False|True|False|False|0.6833333333333333|0.7083333333333333|1.0|1.0|0.8175|GOOD
18644|19.0|46.0|20.157894736842103|2.0|False|True|False|False|0.6166666666666667|0.8947368421052632|1.0|1.0|0.853421052631579|EXCELLENT
18646|12.0|42.0|18.166666666666668|1.0|False|True|False|False|0.65|0.9166666666666666|1.0|1.0|0.87|EXCELLENT
18654|29.0|54.0|24.379310344827587|2.0|False|True|False|False|0.55|0.9310344827586207|1.0|1.0|0.8443103448275863|GOOD
18655|20.0|75.0|31.05|1.0|False|True|False|False|0.375|0.95|1.0|1.0|0.7975|GOOD
18660|48.0|73.0|22.25|3.0|False|True|False|False|0.3916666666666667|0.9375|1.0|1.0|0.79875|GOOD
18662|7.0|48.0|25.428571428571427|1.0|False|True|False|False|0.6|0.8571428571428572|1.0|1.0|0.8371428571428571|GOOD
18664|22.0|39.0|18.13636363636364|3.0|False|True|False|False|0.675|0.8636363636363636|1.0|1.0|0.8615909090909091|EXCELLENT
18666|23.0|48.0|19.043478260869566|4.0|False|True|False|False|0.6|0.8260869565217391|1.0|1.0|0.8278260869565216|GOOD
18669|29.0|56.0|19.620689655172413|9.0|False|True|False|False|0.5333333333333333|0.6896551724137931|1.0|1.0|0.7668965517241378|GOOD
18670|19.0|47.0|21.0|1.0|False|True|False|False|0.6083333333333334|0.9473684210526316|1.0|1.0|0.8667105263157894|EXCELLENT
18673|26.0|48.0|23.846153846153847|1.0|False|True|False|False|0.6|0.9615384615384616|1.0|1.0|0.8684615384615384|EXCELLENT
18676|12.0|54.0|29.08333333333333|2.0|False|True|False|False|0.55|0.8333333333333334|1.0|1.0|0.8150000000000001|GOOD
18677|17.0|28.0|19.294117647058822|3.0|False|True|False|False|0.7666666666666666|0.8235294117647058|1.0|1.0|0.8770588235294118|EXCELLENT
18680|28.0|85.0|25.821428571428573|4.0|True|True|False|False|0.29166666666666663|0.8571428571428572|1.0|1.0|0.744642857142857|GOOD
18681|5.0|51.0|42.2|0.0|False|False|False|False|0.575|1.0|1.0|1.0|0.8724999999999999|EXCELLENT
18685|13.0|62.0|24.153846153846157|1.0|False|True|False|False|0.4833333333333333|0.9230769230769231|1.0|1.0|0.8219230769230769|GOOD
18687|20.0|74.0|30.6|1.0|False|True|False|False|0.3833333333333333|0.95|1.0|1.0|0.7999999999999999|GOOD
18688|18.0|121.0|32.05555555555556|2.0|True|True|False|False|0.0|0.8888888888888888|1.0|1.0|0.6666666666666666|FAIR
18689|27.0|35.0|19.11111111111111|4.0|False|True|False|False|0.7083333333333333|0.8518518518518519|1.0|1.0|0.8680555555555555|EXCELLENT
18690|23.0|48.0|22.30434782608696|2.0|False|True|False|False|0.6|0.9130434782608696|1.0|1.0|0.8539130434782608|EXCELLENT
18691|17.0|58.0|26.58823529411765|0.0|False|False|False|False|0.5166666666666666|1.0|1.0|1.0|0.8549999999999999|EXCELLENT
18692|9.0|68.0|35.333333333333336|0.0|False|False|False|False|0.43333333333333335|1.0|1.0|1.0|0.83|GOOD
18693|21.0|35.0|22.0|1.0|False|True|False|False|0.7083333333333333|0.9523809523809523|1.0|1.0|0.8982142857142856|EXCELLENT
18694|8.0|48.0|37.625|0.0|False|False|False|False|0.6|1.0|1.0|1.0|0.88|EXCELLENT
18696|11.0|38.0|21.363636363636363|0.0|False|False|False|False|0.6833333333333333|1.0|1.0|1.0|0.9049999999999999|EXCELLENT
18701|10.0|33.0|18.0|0.0|False|False|False|False|0.725|1.0|1.0|1.0|0.9174999999999999|EXCELLENT
18702|10.0|82.0|28.5|1.0|True|True|False|False|0.31666666666666665|0.9|1.0|1.0|0.765|GOOD
18706|33.0|67.0|22.939393939393938|4.0|False|True|False|False|0.44166666666666665|0.8787878787878788|1.0|1.0|0.7961363636363635|GOOD
18709|6.0|69.0|44.833333333333336|1.0|False|True|False|False|0.42500000000000004|0.8333333333333334|1.0|1.0|0.7775|GOOD
18710|4.0|49.0|33.75|0.0|False|False|False|False|0.5916666666666667|1.0|1.0|1.0|0.8775|EXCELLENT
18713|25.0|53.0|19.12|3.0|False|True|False|False|0.5583333333333333|0.88|1.0|1.0|0.8315|GOOD
18714|12.0|98.0|40.25|1.0|True|True|False|False|0.18333333333333335|0.9166666666666666|1.0|1.0|0.7299999999999999|GOOD
18718|9.0|34.0|18.666666666666668|1.0|False|True|False|False|0.7166666666666667|0.8888888888888888|1.0|1.0|0.8816666666666667|EXCELLENT
18719|25.0|51.0|20.88|4.0|False|True|False|False|0.575|0.84|1.0|1.0|0.8244999999999999|GOOD
18720|37.0|74.0|21.83783783783784|8.0|False|True|False|False|0.3833333333333333|0.7837837837837838|1.0|1.0|0.7501351351351351|GOOD
18721|30.0|32.0|15.2|9.0|False|True|False|False|0.7333333333333334|0.7|1.0|1.0|0.83|GOOD
18722|24.0|45.0|16.416666666666668|5.0|False|True|False|False|0.625|0.7916666666666666|1.0|1.0|0.825|GOOD
18723|47.0|82.0|20.425531914893615|4.0|True|True|False|False|0.31666666666666665|0.9148936170212766|1.0|1.0|0.769468085106383|GOOD
18724|11.0|40.0|25.727272727272727|0.0|False|False|False|False|0.6666666666666667|1.0|1.0|1.0|0.9|EXCELLENT
18725|18.0|68.0|22.77777777777778|4.0|False|True|False|False|0.43333333333333335|0.7777777777777778|1.0|1.0|0.7633333333333333|GOOD
18726|9.0|54.0|23.88888888888889|0.0|False|False|False|False|0.55|1.0|1.0|1.0|0.8649999999999999|EXCELLENT
18727|29.0|41.0|21.48275862068965|3.0|False|True|False|False|0.6583333333333333|0.896551724137931|1.0|1.0|0.8664655172413792|EXCELLENT
18728|13.0|40.0|21.53846153846154|0.0|False|False|False|False|0.6666666666666667|1.0|1.0|1.0|0.9|EXCELLENT
18729|4.0|110.0|42.75|0.0|True|False|False|False|0.08333333333333337|1.0|1.0|1.0|0.725|GOOD
18730|4.0|49.0|28.25|0.0|False|False|False|False|0.5916666666666667|1.0|1.0|1.0|0.8775|EXCELLENT
18731|21.0|31.0|17.666666666666668|1.0|False|True|False|False|0.7416666666666667|0.9523809523809523|1.0|1.0|0.9082142857142858|EXCELLENT
18732|19.0|51.0|20.789473684210527|3.0|False|True|False|False|0.575|0.8421052631578947|1.0|1.0|0.8251315789473683|GOOD
18733|6.0|47.0|29.83333333333333|0.0|False|False|False|False|0.6083333333333334|1.0|1.0|1.0|0.8825|EXCELLENT
18735|15.0|37.0|19.933333333333334|3.0|False|True|False|False|0.6916666666666667|0.8|1.0|1.0|0.8475|GOOD
18737|3.0|42.0|36.66666666666666|0.0|False|False|False|False|0.65|1.0|1.0|1.0|0.8949999999999999|EXCELLENT
18738|17.0|44.0|20.0|3.0|False|True|False|False|0.6333333333333333|0.8235294117647058|1.0|1.0|0.8370588235294117|GOOD
18739|8.0|34.0|22.0|0.0|False|False|False|False|0.7166666666666667|1.0|1.0|1.0|0.9149999999999999|EXCELLENT
18740|5.0|49.0|34.4|0.0|False|False|False|False|0.5916666666666667|1.0|1.0|1.0|0.8775|EXCELLENT
18741|8.0|31.0|19.625|0.0|False|False|False|False|0.7416666666666667|1.0|1.0|1.0|0.9225|EXCELLENT
18742|9.0|53.0|25.11111111111111|1.0|False|True|False|False|0.5583333333333333|0.8888888888888888|1.0|1.0|0.8341666666666666|GOOD
18744|13.0|53.0|24.153846153846157|1.0|False|True|False|False|0.5583333333333333|0.9230769230769231|1.0|1.0|0.8444230769230768|GOOD
18745|19.0|39.0|19.57894736842105|0.0|False|False|False|False|0.675|1.0|1.0|1.0|0.9025|EXCELLENT
18746|20.0|43.0|25.7|3.0|False|True|False|False|0.6416666666666666|0.85|1.0|1.0|0.8475|GOOD
18748|15.0|36.0|19.666666666666668|0.0|False|False|False|False|0.7|1.0|1.0|1.0|0.91|EXCELLENT
18749|18.0|38.0|22.83333333333333|2.0|False|True|False|False|0.6833333333333333|0.8888888888888888|1.0|1.0|0.8716666666666667|EXCELLENT
18752|21.0|28.0|19.142857142857142|1.0|False|True|False|False|0.7666666666666666|0.9523809523809523|1.0|1.0|0.9157142857142856|EXCELLENT
18753|13.0|71.0|26.76923076923077|1.0|False|True|False|False|0.4083333333333333|0.9230769230769231|1.0|1.0|0.7994230769230769|GOOD
18754|16.0|64.0|21.375|6.0|False|True|False|False|0.4666666666666667|0.625|1.0|1.0|0.7274999999999999|GOOD
18757|13.0|60.0|25.846153846153847|0.0|False|False|False|False|0.5|1.0|1.0|1.0|0.85|EXCELLENT
18758|16.0|45.0|26.125|3.0|False|True|False|False|0.625|0.8125|1.0|1.0|0.8312499999999999|GOOD
18759|11.0|65.0|27.363636363636363|2.0|False|True|False|False|0.45833333333333337|0.8181818181818181|1.0|1.0|0.7829545454545453|GOOD
18761|20.0|36.0|18.7|3.0|False|True|False|False|0.7|0.85|1.0|1.0|0.8649999999999999|EXCELLENT
18762|11.0|48.0|24.272727272727277|3.0|False|True|False|False|0.6|0.7272727272727273|1.0|1.0|0.7981818181818182|GOOD
18764|5.0|30.0|21.0|0.0|False|False|False|False|0.75|1.0|1.0|1.0|0.9249999999999999|EXCELLENT
18765|6.0|53.0|36.66666666666666|0.0|False|False|False|False|0.5583333333333333|1.0|1.0|1.0|0.8675|EXCELLENT
18766|12.0|30.0|17.666666666666668|2.0|False|True|False|False|0.75|0.8333333333333334|1.0|1.0|0.8749999999999999|EXCELLENT
18767|22.0|39.0|20.90909090909091|3.0|False|True|False|False|0.675|0.8636363636363636|1.0|1.0|0.8615909090909091|EXCELLENT
18768|14.0|49.0|19.142857142857142|4.0|False|True|False|False|0.5916666666666667|0.7142857142857143|1.0|1.0|0.7917857142857142|GOOD
18771|14.0|45.0|22.642857142857142|1.0|False|True|False|False|0.625|0.9285714285714286|1.0|1.0|0.8660714285714285|EXCELLENT
18772|12.0|30.0|20.08333333333333|0.0|False|False|False|False|0.75|1.0|1.0|1.0|0.9249999999999999|EXCELLENT
18773|18.0|55.0|18.72222222222222|4.0|False|True|False|False|0.5416666666666667|0.7777777777777778|1.0|1.0|0.7958333333333333|GOOD
18775|12.0|38.0|23.166666666666668|1.0|False|True|False|False|0.6833333333333333|0.9166666666666666|1.0|1.0|0.88|EXCELLENT
18777|38.0|40.0|15.078947368421051|4.0|False|True|False|False|0.6666666666666667|0.8947368421052632|1.0|1.0|0.8684210526315789|EXCELLENT
18779|10.0|31.0|18.5|0.0|False|False|False|False|0.7416666666666667|1.0|1.0|1.0|0.9225|EXCELLENT
18781|17.0|76.0|30.47058823529412|0.0|False|False|False|False|0.3666666666666667|1.0|1.0|1.0|0.8099999999999999|GOOD
18782|15.0|53.0|24.0|3.0|False|True|False|False|0.5583333333333333|0.8|1.0|1.0|0.8075|GOOD
18783|23.0|37.0|15.478260869565217|5.0|False|True|False|False|0.6916666666666667|0.782608695652174|1.0|1.0|0.8422826086956522|GOOD
18787|9.0|79.0|28.33333333333333|1.0|False|True|False|False|0.3416666666666667|0.8888888888888888|1.0|1.0|0.7691666666666667|GOOD
18788|7.0|49.0|27.428571428571427|0.0|False|False|False|False|0.5916666666666667|1.0|1.0|1.0|0.8775|EXCELLENT
18789|11.0|32.0|14.090909090909092|2.0|False|True|False|False|0.7333333333333334|0.8181818181818181|1.0|1.0|0.8654545454545454|EXCELLENT
18790|12.0|49.0|21.0|3.0|False|True|False|False|0.5916666666666667|0.75|1.0|1.0|0.8024999999999999|GOOD
18791|13.0|60.0|26.46153846153846|0.0|False|False|False|False|0.5|1.0|1.0|1.0|0.85|EXCELLENT
18792|26.0|68.0|22.07692307692308|3.0|False|True|False|False|0.43333333333333335|0.8846153846153846|1.0|1.0|0.7953846153846154|GOOD
18793|17.0|43.0|25.0|2.0|False|True|False|False|0.6416666666666666|0.8823529411764706|1.0|1.0|0.857205882352941|EXCELLENT
18794|12.0|24.0|13.916666666666666|1.0|False|True|False|False|0.8|0.9166666666666666|1.0|1.0|0.9149999999999999|EXCELLENT
18795|8.0|33.0|26.25|0.0|False|False|False|False|0.725|1.0|1.0|1.0|0.9174999999999999|EXCELLENT
18797|11.0|38.0|25.90909090909091|11.0|False|True|False|False|0.6833333333333333|0.0|1.0|1.0|0.605|FAIR
18798|11.0|37.0|24.0|2.0|False|True|False|False|0.6916666666666667|0.8181818181818181|1.0|1.0|0.8529545454545454|EXCELLENT
18799|12.0|32.0|13.166666666666666|1.0|False|True|False|False|0.7333333333333334|0.9166666666666666|1.0|1.0|0.8949999999999999|EXCELLENT
18800|14.0|61.0|22.428571428571427|3.0|False|True|False|False|0.4916666666666667|0.7857142857142857|1.0|1.0|0.7832142857142858|GOOD
18801|13.0|48.0|31.615384615384617|2.0|False|True|False|False|0.6|0.8461538461538461|1.0|1.0|0.8338461538461538|GOOD
18803|8.0|37.0|20.25|0.0|False|False|False|False|0.6916666666666667|1.0|1.0|1.0|0.9074999999999999|EXCELLENT
18804|15.0|53.0|21.066666666666663|3.0|False|True|False|False|0.5583333333333333|0.8|1.0|1.0|0.8075|GOOD
18805|12.0|43.0|17.5|2.0|False|True|False|False|0.6416666666666666|0.8333333333333334|1.0|1.0|0.8424999999999999|GOOD
18806|7.0|32.0|18.714285714285715|0.0|False|False|False|False|0.7333333333333334|1.0|1.0|1.0|0.92|EXCELLENT
18808|1.0|44.0|44.0|0.0|False|False|True|False|0.6333333333333333|1.0|1.0|1.0|0.89|EXCELLENT
18809|17.0|41.0|22.529411764705884|1.0|False|True|False|False|0.6583333333333333|0.9411764705882353|1.0|1.0|0.8798529411764705|EXCELLENT
18811|12.0|26.0|16.5|2.0|False|True|False|False|0.7833333333333333|0.8333333333333334|1.0|1.0|0.8849999999999999|EXCELLENT
18813|10.0|19.0|14.0|3.0|False|True|False|False|0.8416666666666667|0.7|1.0|1.0|0.8624999999999999|EXCELLENT
18815|18.0|32.0|16.11111111111111|2.0|False|True|False|False|0.7333333333333334|0.8888888888888888|1.0|1.0|0.8866666666666666|EXCELLENT
18818|14.0|53.0|17.5|3.0|False|True|False|False|0.5583333333333333|0.7857142857142857|1.0|1.0|0.8032142857142858|GOOD
18819|13.0|65.0|25.615384615384617|1.0|False|True|False|False|0.45833333333333337|0.9230769230769231|1.0|1.0|0.8144230769230769|GOOD
18820|13.0|57.0|25.307692307692307|2.0|False|True|False|False|0.525|0.8461538461538461|1.0|1.0|0.8113461538461538|GOOD
18822|11.0|54.0|21.09090909090909|0.0|False|False|False|False|0.55|1.0|1.0|1.0|0.8649999999999999|EXCELLENT
18823|21.0|51.0|21.285714285714285|4.0|False|True|False|False|0.575|0.8095238095238095|1.0|1.0|0.8153571428571428|GOOD
18824|12.0|38.0|23.5|0.0|False|False|False|False|0.6833333333333333|1.0|1.0|1.0|0.9049999999999999|EXCELLENT
18825|12.0|70.0|25.75|1.0|False|True|False|False|0.41666666666666663|0.9166666666666666|1.0|1.0|0.7999999999999999|GOOD
18826|13.0|51.0|25.53846153846154|1.0|False|True|False|False|0.575|0.9230769230769231|1.0|1.0|0.849423076923077|GOOD
18827|13.0|30.0|19.76923076923077|0.0|False|False|False|False|0.75|1.0|1.0|1.0|0.9249999999999999|EXCELLENT
18828|10.0|51.0|32.6|1.0|False|True|False|False|0.575|0.9|1.0|1.0|0.8424999999999999|GOOD
18829|16.0|47.0|19.125|3.0|False|True|False|False|0.6083333333333334|0.8125|1.0|1.0|0.82625|GOOD
18830|35.0|41.0|19.77142857142857|2.0|False|True|False|False|0.6583333333333333|0.9428571428571428|1.0|1.0|0.8803571428571427|EXCELLENT
18832|21.0|61.0|28.904761904761905|4.0|False|True|False|False|0.4916666666666667|0.8095238095238095|1.0|1.0|0.7903571428571429|GOOD
18833|21.0|55.0|25.761904761904763|1.0|False|True|False|False|0.5416666666666667|0.9523809523809523|1.0|1.0|0.8482142857142857|GOOD
18834|29.0|48.0|21.55172413793104|2.0|False|True|False|False|0.6|0.9310344827586207|1.0|1.0|0.8593103448275862|EXCELLENT
18835|12.0|31.0|19.416666666666668|1.0|False|True|False|False|0.7416666666666667|0.9166666666666666|1.0|1.0|0.8974999999999999|EXCELLENT
18836|27.0|30.0|16.703703703703702|6.0|False|True|False|False|0.75|0.7777777777777778|1.0|1.0|0.8583333333333333|EXCELLENT
18839|18.0|44.0|26.5|3.0|False|True|False|False|0.6333333333333333|0.8333333333333334|1.0|1.0|0.84|GOOD
18841|7.0|101.0|37.71428571428572|0.0|True|False|False|False|0.15833333333333333|1.0|1.0|1.0|0.7474999999999999|GOOD
18842|19.0|58.0|26.157894736842103|1.0|False|True|False|False|0.5166666666666666|0.9473684210526316|1.0|1.0|0.8392105263157894|GOOD
18843|10.0|31.0|22.6|0.0|False|False|False|False|0.7416666666666667|1.0|1.0|1.0|0.9225|EXCELLENT
18844|7.0|81.0|43.42857142857143|0.0|True|False|False|False|0.32499999999999996|1.0|1.0|1.0|0.7975|GOOD
18846|21.0|40.0|23.714285714285715|1.0|False|True|False|False|0.6666666666666667|0.9523809523809523|1.0|1.0|0.8857142857142857|EXCELLENT
18847|8.0|36.0|22.125|1.0|False|True|False|False|0.7|0.875|1.0|1.0|0.8724999999999999|EXCELLENT
18849|6.0|40.0|28.33333333333333|6.0|False|True|False|False|0.6666666666666667|0.0|1.0|1.0|0.6|FAIR
18852|11.0|44.0|32.45454545454545|1.0|False|True|False|False|0.6333333333333333|0.9090909090909091|1.0|1.0|0.8627272727272727|EXCELLENT
18853|5.0|92.0|38.0|0.0|True|False|False|False|0.23333333333333328|1.0|1.0|1.0|0.7699999999999999|GOOD
18854|12.0|44.0|22.33333333333333|1.0|False|True|False|False|0.6333333333333333|0.9166666666666666|1.0|1.0|0.8649999999999999|EXCELLENT
18855|9.0|38.0|21.77777777777778|1.0|False|True|False|False|0.6833333333333333|0.8888888888888888|1.0|1.0|0.8716666666666667|EXCELLENT
18857|5.0|52.0|38.8|0.0|False|False|False|False|0.5666666666666667|1.0|1.0|1.0|0.87|EXCELLENT
18858|18.0|32.0|15.61111111111111|2.0|False|True|False|False|0.7333333333333334|0.8888888888888888|1.0|1.0|0.8866666666666666|EXCELLENT
18859|7.0|42.0|27.0|1.0|False|True|False|False|0.65|0.8571428571428572|1.0|1.0|0.8521428571428572|EXCELLENT
18860|17.0|62.0|23.11764705882353|2.0|False|True|False|False|0.4833333333333333|0.8823529411764706|1.0|1.0|0.8097058823529412|GOOD
18861|13.0|38.0|23.692307692307693|2.0|False|True|False|False|0.6833333333333333|0.8461538461538461|1.0|1.0|0.8588461538461537|EXCELLENT
18862|10.0|43.0|24.8|2.0|False|True|False|False|0.6416666666666666|0.8|1.0|1.0|0.8324999999999999|GOOD
18863|13.0|57.0|24.692307692307693|0.0|False|False|False|False|0.525|1.0|1.0|1.0|0.8575|EXCELLENT
18864|14.0|31.0|19.428571428571427|2.0|False|True|False|False|0.7416666666666667|0.8571428571428572|1.0|1.0|0.8796428571428571|EXCELLENT
18865|23.0|33.0|17.82608695652174|1.0|False|True|False|False|0.725|0.9565217391304348|1.0|1.0|0.9044565217391304|EXCELLENT
18866|19.0|57.0|18.73684210526316|19.0|False|True|False|False|0.525|0.0|1.0|1.0|0.5575|FAIR
18869|12.0|56.0|19.58333333333333|12.0|False|True|False|False|0.5333333333333333|0.0|1.0|1.0|0.5599999999999999|FAIR
18870|13.0|44.0|28.07692307692308|13.0|False|True|False|False|0.6333333333333333|0.0|1.0|1.0|0.59|FAIR
18871|23.0|56.0|22.695652173913043|7.0|False|True|False|False|0.5333333333333333|0.6956521739130435|1.0|1.0|0.768695652173913|GOOD
18872|11.0|51.0|27.181818181818183|11.0|False|True|False|False|0.575|0.0|1.0|1.0|0.5725|FAIR
18873|22.0|48.0|22.818181818181817|1.0|False|True|False|False|0.6|0.9545454545454546|1.0|1.0|0.8663636363636363|EXCELLENT
18874|11.0|30.0|18.0|2.0|False|True|False|False|0.75|0.8181818181818181|1.0|1.0|0.8704545454545454|EXCELLENT
18875|14.0|40.0|19.071428571428573|3.0|False|True|False|False|0.6666666666666667|0.7857142857142857|1.0|1.0|0.8357142857142857|GOOD
18876|19.0|45.0|16.68421052631579|4.0|False|True|False|False|0.625|0.7894736842105263|1.0|1.0|0.8243421052631578|GOOD
18877|5.0|41.0|24.2|0.0|False|False|False|False|0.6583333333333333|1.0|1.0|1.0|0.8974999999999999|EXCELLENT
18878|8.0|56.0|25.75|0.0|False|False|False|False|0.5333333333333333|1.0|1.0|1.0|0.86|EXCELLENT
18879|6.0|65.0|40.333333333333336|0.0|False|False|False|False|0.45833333333333337|1.0|1.0|1.0|0.8375|GOOD
18880|10.0|60.0|27.0|0.0|False|False|False|False|0.5|1.0|1.0|1.0|0.85|EXCELLENT
18881|4.0|76.0|54.5|0.0|False|False|False|False|0.3666666666666667|1.0|1.0|1.0|0.8099999999999999|GOOD
18882|7.0|28.0|17.571428571428573|0.0|False|False|False|False|0.7666666666666666|1.0|1.0|1.0|0.93|EXCELLENT
18884|6.0|43.0|25.83333333333333|0.0|False|False|False|False|0.6416666666666666|1.0|1.0|1.0|0.8925|EXCELLENT
18885|6.0|48.0|26.166666666666668|2.0|False|True|False|False|0.6|0.6666666666666667|1.0|1.0|0.7799999999999999|GOOD
18886|8.0|39.0|24.875|0.0|False|False|False|False|0.675|1.0|1.0|1.0|0.9025|EXCELLENT
18887|6.0|49.0|32.5|0.0|False|False|False|False|0.5916666666666667|1.0|1.0|1.0|0.8775|EXCELLENT
18888|22.0|39.0|19.40909090909091|3.0|False|True|False|False|0.675|0.8636363636363636|1.0|1.0|0.8615909090909091|EXCELLENT
18889|5.0|33.0|21.0|1.0|False|True|False|False|0.725|0.8|1.0|1.0|0.8575|EXCELLENT
18890|4.0|37.0|28.5|0.0|False|False|False|False|0.6916666666666667|1.0|1.0|1.0|0.9074999999999999|EXCELLENT
18891|4.0|62.0|28.75|1.0|False|True|False|False|0.4833333333333333|0.75|1.0|1.0|0.7699999999999999|GOOD
18892|12.0|53.0|16.083333333333332|3.0|False|True|False|False|0.5583333333333333|0.75|1.0|1.0|0.7924999999999999|GOOD
18893|4.0|61.0|34.75|0.0|False|False|False|False|0.4916666666666667|1.0|1.0|1.0|0.8475|GOOD
18894|12.0|45.0|18.416666666666668|2.0|False|True|False|False|0.625|0.8333333333333334|1.0|1.0|0.8375|GOOD
18895|20.0|30.0|17.8|2.0|False|True|False|False|0.75|0.9|1.0|1.0|0.8949999999999999|EXCELLENT
18896|27.0|54.0|19.444444444444443|5.0|False|True|False|False|0.55|0.8148148148148149|1.0|1.0|0.8094444444444445|GOOD
18897|13.0|49.0|19.384615384615383|3.0|False|True|False|False|0.5916666666666667|0.7692307692307692|1.0|1.0|0.8082692307692306|GOOD
18898|8.0|33.0|15.25|1.0|False|True|False|False|0.725|0.875|1.0|1.0|0.88|EXCELLENT
18899|11.0|59.0|23.0|1.0|False|True|False|False|0.5083333333333333|0.9090909090909091|1.0|1.0|0.8252272727272726|GOOD
18900|18.0|51.0|22.444444444444443|2.0|False|True|False|False|0.575|0.8888888888888888|1.0|1.0|0.8391666666666666|GOOD
18901|13.0|52.0|20.46153846153846|2.0|False|True|False|False|0.5666666666666667|0.8461538461538461|1.0|1.0|0.8238461538461538|GOOD
18902|14.0|34.0|16.928571428571427|2.0|False|True|False|False|0.7166666666666667|0.8571428571428572|1.0|1.0|0.8721428571428572|EXCELLENT
18903|22.0|44.0|20.40909090909091|3.0|False|True|False|False|0.6333333333333333|0.8636363636363636|1.0|1.0|0.849090909090909|GOOD
18904|18.0|34.0|18.27777777777778|0.0|False|False|False|False|0.7166666666666667|1.0|1.0|1.0|0.9149999999999999|EXCELLENT
18905|5.0|49.0|34.0|0.0|False|False|False|False|0.5916666666666667|1.0|1.0|1.0|0.8775|EXCELLENT
18907|13.0|61.0|28.923076923076923|0.0|False|False|False|False|0.4916666666666667|1.0|1.0|1.0|0.8475|GOOD
18909|16.0|33.0|18.1875|3.0|False|True|False|False|0.725|0.8125|1.0|1.0|0.86125|EXCELLENT
18910|19.0|39.0|18.63157894736842|2.0|False|True|False|False|0.675|0.8947368421052632|1.0|1.0|0.8709210526315789|EXCELLENT
18914|19.0|29.0|17.263157894736842|2.0|False|True|False|False|0.7583333333333333|0.8947368421052632|1.0|1.0|0.895921052631579|EXCELLENT
18915|17.0|42.0|17.176470588235293|6.0|False|True|False|False|0.65|0.6470588235294117|1.0|1.0|0.7891176470588235|GOOD
18917|12.0|68.0|27.75|1.0|False|True|False|False|0.43333333333333335|0.9166666666666666|1.0|1.0|0.8049999999999999|GOOD
18918|16.0|38.0|21.0|0.0|False|False|False|False|0.6833333333333333|1.0|1.0|1.0|0.9049999999999999|EXCELLENT
18919|21.0|38.0|22.761904761904763|1.0|False|True|False|False|0.6833333333333333|0.9523809523809523|1.0|1.0|0.8907142857142857|EXCELLENT
18920|23.0|33.0|18.08695652173913|0.0|False|False|False|False|0.725|1.0|1.0|1.0|0.9174999999999999|EXCELLENT
18921|20.0|37.0|18.7|2.0|False|True|False|False|0.6916666666666667|0.9|1.0|1.0|0.8775000000000001|EXCELLENT
18922|43.0|57.0|20.53488372093023|5.0|False|True|False|False|0.525|0.8837209302325582|1.0|1.0|0.8226162790697674|GOOD
18923|7.0|43.0|25.857142857142858|0.0|False|False|False|False|0.6416666666666666|1.0|1.0|1.0|0.8925|EXCELLENT
18924|23.0|34.0|19.17391304347826|1.0|False|True|False|False|0.7166666666666667|0.9565217391304348|1.0|1.0|0.9019565217391304|EXCELLENT
18925|31.0|60.0|18.0|4.0|False|True|False|False|0.5|0.8709677419354839|1.0|1.0|0.811290322580645|GOOD
18927|9.0|43.0|27.0|0.0|False|False|False|False|0.6416666666666666|1.0|1.0|1.0|0.8925|EXCELLENT
18928|36.0|67.0|23.05555555555556|3.0|False|True|False|False|0.44166666666666665|0.9166666666666666|1.0|1.0|0.8075|GOOD
18929|31.0|47.0|19.548387096774192|4.0|False|True|False|False|0.6083333333333334|0.8709677419354839|1.0|1.0|0.8437903225806452|GOOD
18930|34.0|41.0|21.823529411764707|6.0|False|True|False|False|0.6583333333333333|0.8235294117647058|1.0|1.0|0.8445588235294117|GOOD
18931|22.0|35.0|19.272727272727277|4.0|False|True|False|False|0.7083333333333333|0.8181818181818181|1.0|1.0|0.8579545454545453|EXCELLENT
18932|6.0|34.0|19.666666666666668|2.0|False|True|False|False|0.7166666666666667|0.6666666666666667|1.0|1.0|0.8150000000000001|GOOD
18933|30.0|43.0|19.7|1.0|False|True|False|False|0.6416666666666666|0.9666666666666667|1.0|1.0|0.8825|EXCELLENT
18934|7.0|55.0|24.714285714285715|0.0|False|False|False|False|0.5416666666666667|1.0|1.0|1.0|0.8624999999999999|EXCELLENT
18935|5.0|69.0|33.6|0.0|False|False|False|False|0.42500000000000004|1.0|1.0|1.0|0.8275|GOOD
18936|16.0|40.0|20.9375|1.0|False|True|False|False|0.6666666666666667|0.9375|1.0|1.0|0.88125|EXCELLENT
18938|13.0|76.0|26.76923076923077|0.0|False|False|False|False|0.3666666666666667|1.0|1.0|1.0|0.8099999999999999|GOOD
18939|10.0|69.0|36.6|1.0|False|True|False|False|0.42500000000000004|0.9|1.0|1.0|0.7975|GOOD
18943|27.0|44.0|20.25925925925926|1.0|False|True|False|False|0.6333333333333333|0.962962962962963|1.0|1.0|0.8788888888888889|EXCELLENT
18944|37.0|71.0|24.0|8.0|False|True|False|False|0.4083333333333333|0.7837837837837838|1.0|1.0|0.757635135135135|GOOD
18945|9.0|56.0|28.11111111111111|0.0|False|False|False|False|0.5333333333333333|1.0|1.0|1.0|0.86|EXCELLENT
18946|11.0|35.0|19.90909090909091|2.0|False|True|False|False|0.7083333333333333|0.8181818181818181|1.0|1.0|0.8579545454545453|EXCELLENT
18947|35.0|37.0|14.428571428571429|5.0|False|True|False|False|0.6916666666666667|0.8571428571428572|1.0|1.0|0.8646428571428572|EXCELLENT
18948|8.0|34.0|17.125|2.0|False|True|False|False|0.7166666666666667|0.75|1.0|1.0|0.84|GOOD
18949|18.0|64.0|24.22222222222222|2.0|False|True|False|False|0.4666666666666667|0.8888888888888888|1.0|1.0|0.8066666666666665|GOOD
18950|2.0|115.0|75.5|0.0|True|False|False|False|0.04166666666666663|1.0|1.0|1.0|0.7125|GOOD
18951|15.0|56.0|23.53333333333333|1.0|False|True|False|False|0.5333333333333333|0.9333333333333333|1.0|1.0|0.84|GOOD
18952|9.0|36.0|16.666666666666668|0.0|False|False|False|False|0.7|1.0|1.0|1.0|0.91|EXCELLENT
18953|12.0|56.0|22.58333333333333|3.0|False|True|False|False|0.5333333333333333|0.75|1.0|1.0|0.785|GOOD
18954|11.0|42.0|21.63636363636364|2.0|False|True|False|False|0.65|0.8181818181818181|1.0|1.0|0.8404545454545455|GOOD
18956|5.0|65.0|32.2|0.0|False|False|False|False|0.45833333333333337|1.0|1.0|1.0|0.8375|GOOD
18957|9.0|44.0|27.88888888888889|1.0|False|True|False|False|0.6333333333333333|0.8888888888888888|1.0|1.0|0.8566666666666666|EXCELLENT
18958|21.0|54.0|24.666666666666668|2.0|False|True|False|False|0.55|0.9047619047619048|1.0|1.0|0.8364285714285714|GOOD
18959|4.0|39.0|27.0|0.0|False|False|False|False|0.675|1.0|1.0|1.0|0.9025|EXCELLENT
18960|7.0|82.0|31.0|0.0|True|False|False|False|0.31666666666666665|1.0|1.0|1.0|0.7949999999999999|GOOD
18962|10.0|45.0|24.8|0.0|False|False|False|False|0.625|1.0|1.0|1.0|0.8875|EXCELLENT
18963|12.0|34.0|18.83333333333333|2.0|False|True|False|False|0.7166666666666667|0.8333333333333334|1.0|1.0|0.8649999999999999|EXCELLENT
18965|9.0|129.0|37.55555555555556|1.0|True|True|False|False|0.0|0.8888888888888888|1.0|1.0|0.6666666666666666|FAIR
18966|7.0|41.0|28.857142857142858|0.0|False|False|False|False|0.6583333333333333|1.0|1.0|1.0|0.8974999999999999|EXCELLENT
18967|6.0|46.0|30.33333333333333|1.0|False|True|False|False|0.6166666666666667|0.8333333333333334|1.0|1.0|0.835|GOOD
18969|17.0|32.0|14.0|3.0|False|True|False|False|0.7333333333333334|0.8235294117647058|1.0|1.0|0.8670588235294118|EXCELLENT
18970|20.0|43.0|20.35|1.0|False|True|False|False|0.6416666666666666|0.95|1.0|1.0|0.8774999999999998|EXCELLENT
18971|9.0|31.0|20.11111111111111|0.0|False|False|False|False|0.7416666666666667|1.0|1.0|1.0|0.9225|EXCELLENT
18972|17.0|47.0|21.47058823529412|1.0|False|True|False|False|0.6083333333333334|0.9411764705882353|1.0|1.0|0.8648529411764706|EXCELLENT
18973|12.0|65.0|23.5|0.0|False|False|False|False|0.45833333333333337|1.0|1.0|1.0|0.8375|GOOD
18975|8.0|45.0|24.375|1.0|False|True|False|False|0.625|0.875|1.0|1.0|0.85|EXCELLENT
18976|13.0|41.0|20.76923076923077|1.0|False|True|False|False|0.6583333333333333|0.9230769230769231|1.0|1.0|0.8744230769230769|EXCELLENT
18977|7.0|61.0|25.285714285714285|0.0|False|False|False|False|0.4916666666666667|1.0|1.0|1.0|0.8475|GOOD
18978|20.0|61.0|30.3|0.0|False|False|False|False|0.4916666666666667|1.0|1.0|1.0|0.8475|GOOD
18980|15.0|62.0|24.2|1.0|False|True|False|False|0.4833333333333333|0.9333333333333333|1.0|1.0|0.8249999999999998|GOOD
18981|19.0|44.0|17.526315789473685|3.0|False|True|False|False|0.6333333333333333|0.8421052631578947|1.0|1.0|0.8426315789473683|GOOD
18982|13.0|61.0|28.307692307692307|1.0|False|True|False|False|0.4916666666666667|0.9230769230769231|1.0|1.0|0.8244230769230768|GOOD
18983|21.0|59.0|25.428571428571427|1.0|False|True|False|False|0.5083333333333333|0.9523809523809523|1.0|1.0|0.8382142857142857|GOOD
18986|14.0|44.0|18.357142857142858|6.0|False|True|False|False|0.6333333333333333|0.5714285714285714|1.0|1.0|0.7614285714285713|GOOD
18987|13.0|46.0|20.384615384615383|2.0|False|True|False|False|0.6166666666666667|0.8461538461538461|1.0|1.0|0.8388461538461538|GOOD
18988|11.0|44.0|23.90909090909091|0.0|False|False|False|False|0.6333333333333333|1.0|1.0|1.0|0.89|EXCELLENT
18989|14.0|35.0|15.214285714285714|2.0|False|True|False|False|0.7083333333333333|0.8571428571428572|1.0|1.0|0.869642857142857|EXCELLENT
18990|22.0|43.0|19.40909090909091|2.0|False|True|False|False|0.6416666666666666|0.9090909090909091|1.0|1.0|0.8652272727272726|EXCELLENT
18993|16.0|43.0|19.75|3.0|False|True|False|False|0.6416666666666666|0.8125|1.0|1.0|0.8362499999999999|GOOD
18994|10.0|73.0|30.3|0.0|False|False|False|False|0.3916666666666667|1.0|1.0|1.0|0.8175|GOOD
18995|12.0|57.0|22.916666666666668|2.0|False|True|False|False|0.525|0.8333333333333334|1.0|1.0|0.8075|GOOD
18996|17.0|51.0|19.529411764705884|3.0|False|True|False|False|0.575|0.8235294117647058|1.0|1.0|0.8195588235294117|GOOD
18997|9.0|126.0|29.0|0.0|True|False|False|False|0.0|1.0|1.0|1.0|0.7|GOOD
18998|7.0|61.0|22.571428571428573|0.0|False|False|False|False|0.4916666666666667|1.0|1.0|1.0|0.8475|GOOD
18999|24.0|47.0|21.875|4.0|False|True|False|False|0.6083333333333334|0.8333333333333334|1.0|1.0|0.8324999999999999|GOOD
19000|15.0|43.0|16.866666666666667|1.0|False|True|False|False|0.6416666666666666|0.9333333333333333|1.0|1.0|0.8724999999999999|EXCELLENT
19001|6.0|72.0|32.5|0.0|False|False|False|False|0.4|1.0|1.0|1.0|0.82|GOOD
19002|9.0|39.0|24.666666666666668|1.0|False|True|False|False|0.675|0.8888888888888888|1.0|1.0|0.8691666666666666|EXCELLENT
19003|10.0|67.0|27.4|0.0|False|False|False|False|0.44166666666666665|1.0|1.0|1.0|0.8324999999999999|GOOD
19004|22.0|48.0|21.318181818181817|2.0|False|True|False|False|0.6|0.9090909090909091|1.0|1.0|0.8527272727272727|EXCELLENT
19005|24.0|30.0|15.625|3.0|False|True|False|False|0.75|0.875|1.0|1.0|0.8875|EXCELLENT
19006|17.0|54.0|20.47058823529412|2.0|False|True|False|False|0.55|0.8823529411764706|1.0|1.0|0.8297058823529412|GOOD
19007|17.0|45.0|21.58823529411765|1.0|False|True|False|False|0.625|0.9411764705882353|1.0|1.0|0.8698529411764705|EXCELLENT
19008|11.0|40.0|18.818181818181817|2.0|False|True|False|False|0.6666666666666667|0.8181818181818181|1.0|1.0|0.8454545454545453|GOOD
19009|13.0|62.0|27.07692307692308|1.0|False|True|False|False|0.4833333333333333|0.9230769230769231|1.0|1.0|0.8219230769230769|GOOD
19010|20.0|136.0|31.4|4.0|True|True|False|False|0.0|0.8|1.0|1.0|0.64|FAIR
19011|17.0|50.0|25.47058823529412|1.0|False|True|False|False|0.5833333333333333|0.9411764705882353|1.0|1.0|0.8573529411764705|EXCELLENT
19012|19.0|64.0|24.157894736842103|0.0|False|False|False|False|0.4666666666666667|1.0|1.0|1.0|0.84|GOOD
19013|17.0|52.0|21.94117647058824|3.0|False|True|False|False|0.5666666666666667|0.8235294117647058|1.0|1.0|0.8170588235294117|GOOD
19015|7.0|65.0|39.71428571428572|2.0|False|True|False|False|0.45833333333333337|0.7142857142857143|1.0|1.0|0.7517857142857142|GOOD
19016|14.0|36.0|22.0|0.0|False|False|False|False|0.7|1.0|1.0|1.0|0.91|EXCELLENT
19017|9.0|43.0|22.0|0.0|False|False|False|False|0.6416666666666666|1.0|1.0|1.0|0.8925|EXCELLENT
19018|5.0|107.0|41.0|0.0|True|False|False|False|0.10833333333333328|1.0|1.0|1.0|0.7324999999999999|GOOD
19019|3.0|76.0|44.0|0.0|False|False|False|False|0.3666666666666667|1.0|1.0|1.0|0.8099999999999999|GOOD
19020|9.0|71.0|33.22222222222222|1.0|False|True|False|False|0.4083333333333333|0.8888888888888888|1.0|1.0|0.7891666666666667|GOOD
19021|20.0|45.0|23.25|0.0|False|False|False|False|0.625|1.0|1.0|1.0|0.8875|EXCELLENT
19022|19.0|94.0|24.05263157894737|1.0|True|True|False|False|0.21666666666666667|0.9473684210526316|1.0|1.0|0.7492105263157894|GOOD
19026|17.0|61.0|26.41176470588235|2.0|False|True|False|False|0.4916666666666667|0.8823529411764706|1.0|1.0|0.8122058823529411|GOOD
19027|18.0|33.0|19.38888888888889|2.0|False|True|False|False|0.725|0.8888888888888888|1.0|1.0|0.8841666666666667|EXCELLENT
19028|14.0|25.0|17.428571428571427|3.0|False|True|False|False|0.7916666666666666|0.7857142857142857|1.0|1.0|0.8732142857142856|EXCELLENT
19029|24.0|44.0|24.45833333333333|5.0|False|True|False|False|0.6333333333333333|0.7916666666666666|1.0|1.0|0.8275|GOOD
19030|24.0|65.0|21.041666666666668|3.0|False|True|False|False|0.45833333333333337|0.875|1.0|1.0|0.7999999999999999|GOOD
19031|7.0|128.0|40.142857142857146|1.0|True|True|False|False|0.0|0.8571428571428572|1.0|1.0|0.6571428571428571|FAIR
19034|9.0|50.0|29.444444444444443|0.0|False|False|False|False|0.5833333333333333|1.0|1.0|1.0|0.8749999999999999|EXCELLENT
19036|3.0|39.0|21.666666666666668|0.0|False|False|False|False|0.675|1.0|1.0|1.0|0.9025|EXCELLENT
19037|15.0|30.0|14.533333333333331|1.0|False|True|False|False|0.75|0.9333333333333333|1.0|1.0|0.9049999999999999|EXCELLENT
19038|30.0|42.0|21.03333333333333|4.0|False|True|False|False|0.65|0.8666666666666667|1.0|1.0|0.855|EXCELLENT
19040|28.0|45.0|19.892857142857142|7.0|False|True|False|False|0.625|0.75|1.0|1.0|0.8124999999999999|GOOD
19041|8.0|29.0|21.25|1.0|False|True|False|False|0.7583333333333333|0.875|1.0|1.0|0.89|EXCELLENT
19042|8.0|71.0|31.75|0.0|False|False|False|False|0.4083333333333333|1.0|1.0|1.0|0.8224999999999999|GOOD
19043|13.0|58.0|26.153846153846157|0.0|False|False|False|False|0.5166666666666666|1.0|1.0|1.0|0.8549999999999999|EXCELLENT
19044|10.0|33.0|25.7|0.0|False|False|False|False|0.725|1.0|1.0|1.0|0.9174999999999999|EXCELLENT
19045|13.0|28.0|18.0|0.0|False|False|False|False|0.7666666666666666|1.0|1.0|1.0|0.93|EXCELLENT
19046|15.0|44.0|21.933333333333334|1.0|False|True|False|False|0.6333333333333333|0.9333333333333333|1.0|1.0|0.87|EXCELLENT
19047|12.0|31.0|19.83333333333333|0.0|False|False|False|False|0.7416666666666667|1.0|1.0|1.0|0.9225|EXCELLENT
19048|9.0|31.0|18.55555555555556|0.0|False|False|False|False|0.7416666666666667|1.0|1.0|1.0|0.9225|EXCELLENT
19049|13.0|38.0|21.76923076923077|1.0|False|True|False|False|0.6833333333333333|0.9230769230769231|1.0|1.0|0.8819230769230769|EXCELLENT
19050|13.0|68.0|31.307692307692307|0.0|False|False|False|False|0.43333333333333335|1.0|1.0|1.0|0.83|GOOD
19051|12.0|36.0|20.416666666666668|1.0|False|True|False|False|0.7|0.9166666666666666|1.0|1.0|0.8849999999999999|EXCELLENT
19052|12.0|72.0|28.916666666666668|12.0|False|True|False|False|0.4|0.0|1.0|1.0|0.52|FAIR
19053|9.0|67.0|25.0|1.0|False|True|False|False|0.44166666666666665|0.8888888888888888|1.0|1.0|0.7991666666666667|GOOD
19054|8.0|113.0|32.5|0.0|True|False|False|False|0.05833333333333335|1.0|1.0|1.0|0.7174999999999999|GOOD
19055|14.0|30.0|17.285714285714285|0.0|False|False|False|False|0.75|1.0|1.0|1.0|0.9249999999999999|EXCELLENT
19056|12.0|37.0|23.08333333333333|1.0|False|True|False|False|0.6916666666666667|0.9166666666666666|1.0|1.0|0.8825|EXCELLENT
19057|8.0|56.0|27.875|0.0|False|False|False|False|0.5333333333333333|1.0|1.0|1.0|0.86|EXCELLENT
19058|6.0|60.0|35.166666666666664|0.0|False|False|False|False|0.5|1.0|1.0|1.0|0.85|EXCELLENT
19059|10.0|32.0|21.9|0.0|False|False|False|False|0.7333333333333334|1.0|1.0|1.0|0.92|EXCELLENT
19060|9.0|31.0|19.88888888888889|0.0|False|False|False|False|0.7416666666666667|1.0|1.0|1.0|0.9225|EXCELLENT
19063|11.0|41.0|22.818181818181817|0.0|False|False|False|False|0.6583333333333333|1.0|1.0|1.0|0.8974999999999999|EXCELLENT
19064|12.0|37.0|17.666666666666668|2.0|False|True|False|False|0.6916666666666667|0.8333333333333334|1.0|1.0|0.8575|EXCELLENT
19065|11.0|41.0|21.0|0.0|False|False|False|False|0.6583333333333333|1.0|1.0|1.0|0.8974999999999999|EXCELLENT
19066|7.0|61.0|30.857142857142858|0.0|False|False|False|False|0.4916666666666667|1.0|1.0|1.0|0.8475|GOOD
19067|11.0|44.0|22.545454545454547|1.0|False|True|False|False|0.6333333333333333|0.9090909090909091|1.0|1.0|0.8627272727272727|EXCELLENT
19069|6.0|30.0|19.33333333333333|1.0|False|True|False|False|0.75|0.8333333333333334|1.0|1.0|0.8749999999999999|EXCELLENT
19071|7.0|39.0|24.142857142857142|0.0|False|False|False|False|0.675|1.0|1.0|1.0|0.9025|EXCELLENT
19072|15.0|46.0|25.133333333333333|3.0|False|True|False|False|0.6166666666666667|0.8|1.0|1.0|0.825|GOOD
19073|8.0|33.0|25.0|0.0|False|False|False|False|0.725|1.0|1.0|1.0|0.9174999999999999|EXCELLENT
19075|7.0|49.0|21.285714285714285|1.0|False|True|False|False|0.5916666666666667|0.8571428571428572|1.0|1.0|0.8346428571428571|GOOD
19077|19.0|83.0|24.05263157894737|1.0|True|True|False|False|0.30833333333333335|0.9473684210526316|1.0|1.0|0.7767105263157895|GOOD
19078|5.0|52.0|24.4|0.0|False|False|False|False|0.5666666666666667|1.0|1.0|1.0|0.87|EXCELLENT
19079|9.0|38.0|27.55555555555556|0.0|False|False|False|False|0.6833333333333333|1.0|1.0|1.0|0.9049999999999999|EXCELLENT
19080|13.0|72.0|23.692307692307693|3.0|False|True|False|False|0.4|0.7692307692307692|1.0|1.0|0.7507692307692307|GOOD
19081|7.0|64.0|33.57142857142857|0.0|False|False|False|False|0.4666666666666667|1.0|1.0|1.0|0.84|GOOD
19082|16.0|30.0|20.9375|2.0|False|True|False|False|0.75|0.875|1.0|1.0|0.8875|EXCELLENT
19084|6.0|50.0|23.5|1.0|False|True|False|False|0.5833333333333333|0.8333333333333334|1.0|1.0|0.8249999999999998|GOOD
19085|9.0|36.0|24.88888888888889|9.0|False|True|False|False|0.7|0.0|1.0|1.0|0.61|FAIR
19087|9.0|32.0|21.22222222222222|0.0|False|False|False|False|0.7333333333333334|1.0|1.0|1.0|0.92|EXCELLENT
19088|11.0|52.0|25.90909090909091|0.0|False|False|False|False|0.5666666666666667|1.0|1.0|1.0|0.87|EXCELLENT
19092|11.0|41.0|21.818181818181817|0.0|False|False|False|False|0.6583333333333333|1.0|1.0|1.0|0.8974999999999999|EXCELLENT
19093|10.0|119.0|26.3|2.0|True|True|False|False|0.008333333333333304|0.8|1.0|1.0|0.6425|FAIR
19094|8.0|47.0|28.75|1.0|False|True|False|False|0.6083333333333334|0.875|1.0|1.0|0.8450000000000001|GOOD
19095|7.0|31.0|20.714285714285715|1.0|False|True|False|False|0.7416666666666667|0.8571428571428572|1.0|1.0|0.8796428571428571|EXCELLENT
19096|8.0|38.0|22.75|0.0|False|False|False|False|0.6833333333333333|1.0|1.0|1.0|0.9049999999999999|EXCELLENT
19097|8.0|85.0|29.125|0.0|True|False|False|False|0.29166666666666663|1.0|1.0|1.0|0.7875|GOOD
19098|7.0|41.0|27.857142857142858|0.0|False|False|False|False|0.6583333333333333|1.0|1.0|1.0|0.8974999999999999|EXCELLENT
19099|11.0|76.0|27.181818181818183|0.0|False|False|False|False|0.3666666666666667|1.0|1.0|1.0|0.8099999999999999|GOOD
19100|8.0|36.0|27.125|0.0|False|False|False|False|0.7|1.0|1.0|1.0|0.91|EXCELLENT
19101|8.0|48.0|25.75|0.0|False|False|False|False|0.6|1.0|1.0|1.0|0.88|EXCELLENT
19102|12.0|48.0|22.416666666666668|0.0|False|False|False|False|0.6|1.0|1.0|1.0|0.88|EXCELLENT
19104|9.0|27.0|21.33333333333333|0.0|False|False|False|False|0.775|1.0|1.0|1.0|0.9325|EXCELLENT
19107|9.0|64.0|25.88888888888889|1.0|False|True|False|False|0.4666666666666667|0.8888888888888888|1.0|1.0|0.8066666666666665|GOOD
19108|8.0|40.0|28.0|0.0|False|False|False|False|0.6666666666666667|1.0|1.0|1.0|0.9|EXCELLENT
19110|7.0|37.0|21.857142857142858|0.0|False|False|False|False|0.6916666666666667|1.0|1.0|1.0|0.9074999999999999|EXCELLENT
19111|10.0|42.0|23.5|0.0|False|False|False|False|0.65|1.0|1.0|1.0|0.8949999999999999|EXCELLENT
19112|9.0|53.0|29.55555555555556|0.0|False|False|False|False|0.5583333333333333|1.0|1.0|1.0|0.8675|EXCELLENT
19113|8.0|41.0|27.25|0.0|False|False|False|False|0.6583333333333333|1.0|1.0|1.0|0.8974999999999999|EXCELLENT
19114|6.0|54.0|32.833333333333336|0.0|False|False|False|False|0.55|1.0|1.0|1.0|0.8649999999999999|EXCELLENT
19115|7.0|53.0|28.142857142857142|0.0|False|False|False|False|0.5583333333333333|1.0|1.0|1.0|0.8675|EXCELLENT
19116|6.0|65.0|28.5|0.0|False|False|False|False|0.45833333333333337|1.0|1.0|1.0|0.8375|GOOD
19117|7.0|39.0|27.142857142857142|0.0|False|False|False|False|0.675|1.0|1.0|1.0|0.9025|EXCELLENT
19118|8.0|56.0|31.625|0.0|False|False|False|False|0.5333333333333333|1.0|1.0|1.0|0.86|EXCELLENT
19119|5.0|72.0|38.2|0.0|False|False|False|False|0.4|1.0|1.0|1.0|0.82|GOOD
19120|14.0|145.0|26.571428571428573|1.0|True|True|False|False|0.0|0.9285714285714286|1.0|1.0|0.6785714285714285|FAIR
19121|11.0|30.0|20.363636363636363|1.0|False|True|False|False|0.75|0.9090909090909091|1.0|1.0|0.8977272727272726|EXCELLENT
19122|13.0|34.0|23.46153846153846|0.0|False|False|False|False|0.7166666666666667|1.0|1.0|1.0|0.9149999999999999|EXCELLENT
19123|7.0|46.0|25.571428571428573|0.0|False|False|False|False|0.6166666666666667|1.0|1.0|1.0|0.8849999999999999|EXCELLENT
19124|10.0|42.0|23.9|0.0|False|False|False|False|0.65|1.0|1.0|1.0|0.8949999999999999|EXCELLENT
19125|11.0|42.0|24.454545454545453|0.0|False|False|False|False|0.65|1.0|1.0|1.0|0.8949999999999999|EXCELLENT
19126|11.0|33.0|19.545454545454547|0.0|False|False|False|False|0.725|1.0|1.0|1.0|0.9174999999999999|EXCELLENT
19127|6.0|39.0|27.666666666666668|0.0|False|False|False|False|0.675|1.0|1.0|1.0|0.9025|EXCELLENT
19128|8.0|30.0|22.625|0.0|False|False|False|False|0.75|1.0|1.0|1.0|0.9249999999999999|EXCELLENT
19129|10.0|40.0|20.3|2.0|False|True|False|False|0.6666666666666667|0.8|1.0|1.0|0.84|GOOD
19130|7.0|55.0|35.142857142857146|0.0|False|False|False|False|0.5416666666666667|1.0|1.0|1.0|0.8624999999999999|EXCELLENT
19131|8.0|48.0|24.5|1.0|False|True|False|False|0.6|0.875|1.0|1.0|0.8424999999999999|GOOD
19132|7.0|49.0|22.714285714285715|0.0|False|False|False|False|0.5916666666666667|1.0|1.0|1.0|0.8775|EXCELLENT
19133|7.0|36.0|24.0|1.0|False|True|False|False|0.7|0.8571428571428572|1.0|1.0|0.8671428571428571|EXCELLENT
19134|12.0|45.0|25.666666666666668|12.0|False|True|False|False|0.625|0.0|1.0|1.0|0.5875|FAIR
19136|19.0|40.0|15.63157894736842|19.0|False|True|False|False|0.6666666666666667|0.0|1.0|1.0|0.6|FAIR
19137|14.0|54.0|25.642857142857142|14.0|False|True|False|False|0.55|0.0|1.0|1.0|0.565|FAIR
19139|21.0|58.0|23.61904761904762|21.0|False|True|False|False|0.5166666666666666|0.0|1.0|1.0|0.5549999999999999|FAIR
19140|15.0|61.0|25.466666666666665|15.0|False|True|False|False|0.4916666666666667|0.0|1.0|1.0|0.5475|FAIR
19141|13.0|67.0|25.384615384615383|13.0|False|True|False|False|0.44166666666666665|0.0|1.0|1.0|0.5325|FAIR
19142|11.0|28.0|17.727272727272727|11.0|False|True|False|False|0.7666666666666666|0.0|1.0|1.0|0.63|FAIR
19143|13.0|49.0|27.46153846153846|13.0|False|True|False|False|0.5916666666666667|0.0|1.0|1.0|0.5775|FAIR
19144|15.0|42.0|21.73333333333333|15.0|False|True|False|False|0.65|0.0|1.0|1.0|0.595|FAIR
19145|16.0|38.0|19.375|1.0|False|True|False|False|0.6833333333333333|0.9375|1.0|1.0|0.8862499999999999|EXCELLENT
19146|7.0|27.0|17.428571428571427|0.0|False|False|False|False|0.775|1.0|1.0|1.0|0.9325|EXCELLENT
19147|7.0|46.0|25.571428571428573|0.0|False|False|False|False|0.6166666666666667|1.0|1.0|1.0|0.8849999999999999|EXCELLENT
19148|9.0|34.0|21.77777777777778|1.0|False|True|False|False|0.7166666666666667|0.8888888888888888|1.0|1.0|0.8816666666666667|EXCELLENT
19149|5.0|30.0|21.4|0.0|False|False|False|False|0.75|1.0|1.0|1.0|0.9249999999999999|EXCELLENT
19150|8.0|48.0|18.375|1.0|False|True|False|False|0.6|0.875|1.0|1.0|0.8424999999999999|GOOD
19151|5.0|84.0|38.8|0.0|True|False|False|False|0.30000000000000004|1.0|1.0|1.0|0.7899999999999999|GOOD
19152|5.0|56.0|29.2|0.0|False|False|False|False|0.5333333333333333|1.0|1.0|1.0|0.86|EXCELLENT
19153|7.0|40.0|23.428571428571427|1.0|False|True|False|False|0.6666666666666667|0.8571428571428572|1.0|1.0|0.8571428571428571|EXCELLENT
19154|7.0|32.0|19.0|1.0|False|True|False|False|0.7333333333333334|0.8571428571428572|1.0|1.0|0.8771428571428571|EXCELLENT
19155|5.0|49.0|28.8|0.0|False|False|False|False|0.5916666666666667|1.0|1.0|1.0|0.8775|EXCELLENT
19158|17.0|60.0|17.823529411764707|3.0|False|True|False|False|0.5|0.8235294117647058|1.0|1.0|0.7970588235294117|GOOD
19160|21.0|74.0|32.333333333333336|3.0|False|True|False|False|0.3833333333333333|0.8571428571428572|1.0|1.0|0.7721428571428571|GOOD
19161|18.0|52.0|27.11111111111111|2.0|False|True|False|False|0.5666666666666667|0.8888888888888888|1.0|1.0|0.8366666666666666|GOOD
19162|6.0|41.0|20.5|0.0|False|False|False|False|0.6583333333333333|1.0|1.0|1.0|0.8974999999999999|EXCELLENT
19163|7.0|45.0|25.714285714285715|0.0|False|False|False|False|0.625|1.0|1.0|1.0|0.8875|EXCELLENT
19164|8.0|56.0|23.0|0.0|False|False|False|False|0.5333333333333333|1.0|1.0|1.0|0.86|EXCELLENT
19165|6.0|135.0|37.5|2.0|True|True|False|False|0.0|0.6666666666666667|1.0|1.0|0.6|FAIR
19166|7.0|40.0|20.0|0.0|False|False|False|False|0.6666666666666667|1.0|1.0|1.0|0.9|EXCELLENT
19167|8.0|67.0|28.25|0.0|False|False|False|False|0.44166666666666665|1.0|1.0|1.0|0.8324999999999999|GOOD
19168|9.0|30.0|20.33333333333333|0.0|False|False|False|False|0.75|1.0|1.0|1.0|0.9249999999999999|EXCELLENT
19169|7.0|38.0|22.857142857142858|0.0|False|False|False|False|0.6833333333333333|1.0|1.0|1.0|0.9049999999999999|EXCELLENT
19170|6.0|55.0|32.833333333333336|0.0|False|False|False|False|0.5416666666666667|1.0|1.0|1.0|0.8624999999999999|EXCELLENT
19172|10.0|90.0|34.7|0.0|True|False|False|False|0.25|1.0|1.0|1.0|0.775|GOOD
19173|8.0|38.0|26.375|1.0|False|True|False|False|0.6833333333333333|0.875|1.0|1.0|0.8675|EXCELLENT
19174|12.0|32.0|24.0|1.0|False|True|False|False|0.7333333333333334|0.9166666666666666|1.0|1.0|0.8949999999999999|EXCELLENT
19175|9.0|40.0|25.77777777777778|0.0|False|False|False|False|0.6666666666666667|1.0|1.0|1.0|0.9|EXCELLENT
19176|7.0|46.0|24.857142857142858|0.0|False|False|False|False|0.6166666666666667|1.0|1.0|1.0|0.8849999999999999|EXCELLENT
19177|23.0|44.0|21.347826086956523|2.0|False|True|False|False|0.6333333333333333|0.9130434782608696|1.0|1.0|0.8639130434782608|EXCELLENT
19178|13.0|42.0|24.923076923076923|0.0|False|False|False|False|0.65|1.0|1.0|1.0|0.8949999999999999|EXCELLENT
19180|14.0|55.0|24.142857142857142|0.0|False|False|False|False|0.5416666666666667|1.0|1.0|1.0|0.8624999999999999|EXCELLENT
19182|33.0|41.0|19.60606060606061|6.0|False|True|False|False|0.6583333333333333|0.8181818181818181|1.0|1.0|0.8429545454545454|GOOD
19183|14.0|34.0|21.857142857142858|1.0|False|True|False|False|0.7166666666666667|0.9285714285714286|1.0|1.0|0.8935714285714286|EXCELLENT
19184|15.0|41.0|21.933333333333334|0.0|False|False|False|False|0.6583333333333333|1.0|1.0|1.0|0.8974999999999999|EXCELLENT
19185|14.0|35.0|21.142857142857142|0.0|False|False|False|False|0.7083333333333333|1.0|1.0|1.0|0.9125|EXCELLENT
19188|14.0|52.0|23.285714285714285|0.0|False|False|False|False|0.5666666666666667|1.0|1.0|1.0|0.87|EXCELLENT
19190|12.0|57.0|18.58333333333333|1.0|False|True|False|False|0.525|0.9166666666666666|1.0|1.0|0.8324999999999999|GOOD
19192|5.0|24.0|16.8|0.0|False|False|False|False|0.8|1.0|1.0|1.0|0.9400000000000001|EXCELLENT
19194|5.0|26.0|23.2|0.0|False|False|False|False|0.7833333333333333|1.0|1.0|1.0|0.9349999999999999|EXCELLENT
19196|9.0|37.0|18.88888888888889|0.0|False|False|False|False|0.6916666666666667|1.0|1.0|1.0|0.9074999999999999|EXCELLENT
19197|13.0|75.0|31.53846153846154|0.0|False|False|False|False|0.375|1.0|1.0|1.0|0.8124999999999999|GOOD
19198|8.0|42.0|18.625|0.0|False|False|False|False|0.65|1.0|1.0|1.0|0.8949999999999999|EXCELLENT
19200|8.0|67.0|31.375|1.0|False|True|False|False|0.44166666666666665|0.875|1.0|1.0|0.795|GOOD
19202|7.0|44.0|24.142857142857142|0.0|False|False|False|False|0.6333333333333333|1.0|1.0|1.0|0.89|EXCELLENT
19204|6.0|63.0|33.5|0.0|False|False|False|False|0.475|1.0|1.0|1.0|0.8424999999999999|GOOD
19205|9.0|47.0|27.666666666666668|0.0|False|False|False|False|0.6083333333333334|1.0|1.0|1.0|0.8825|EXCELLENT
19206|7.0|61.0|29.857142857142858|0.0|False|False|False|False|0.4916666666666667|1.0|1.0|1.0|0.8475|GOOD
19207|6.0|37.0|24.33333333333333|0.0|False|False|False|False|0.6916666666666667|1.0|1.0|1.0|0.9074999999999999|EXCELLENT
19208|4.0|49.0|25.5|0.0|False|False|False|False|0.5916666666666667|1.0|1.0|1.0|0.8775|EXCELLENT
19209|6.0|95.0|32.5|0.0|True|False|False|False|0.20833333333333337|1.0|1.0|1.0|0.7625|GOOD
19210|7.0|65.0|28.571428571428573|1.0|False|True|False|False|0.45833333333333337|0.8571428571428572|1.0|1.0|0.7946428571428571|GOOD
19211|10.0|34.0|21.9|0.0|False|False|False|False|0.7166666666666667|1.0|1.0|1.0|0.9149999999999999|EXCELLENT
19212|9.0|110.0|28.11111111111111|0.0|True|False|False|False|0.08333333333333337|1.0|1.0|1.0|0.725|GOOD
19213|6.0|55.0|34.333333333333336|0.0|False|False|False|False|0.5416666666666667|1.0|1.0|1.0|0.8624999999999999|EXCELLENT
19215|7.0|34.0|23.571428571428573|0.0|False|False|False|False|0.7166666666666667|1.0|1.0|1.0|0.9149999999999999|EXCELLENT
19216|10.0|46.0|25.1|3.0|False|True|False|False|0.6166666666666667|0.7|1.0|1.0|0.795|GOOD
19217|12.0|33.0|21.58333333333333|0.0|False|False|False|False|0.725|1.0|1.0|1.0|0.9174999999999999|EXCELLENT
19218|8.0|77.0|32.75|0.0|False|False|False|False|0.3583333333333333|1.0|1.0|1.0|0.8075|GOOD
19219|6.0|101.0|37.16666666666666|0.0|True|False|False|False|0.15833333333333333|1.0|1.0|1.0|0.7474999999999999|GOOD
19221|14.0|29.0|18.071428571428573|2.0|False|True|False|False|0.7583333333333333|0.8571428571428572|1.0|1.0|0.8846428571428572|EXCELLENT
19222|9.0|42.0|22.444444444444443|0.0|False|False|False|False|0.65|1.0|1.0|1.0|0.8949999999999999|EXCELLENT
19223|9.0|36.0|19.11111111111111|1.0|False|True|False|False|0.7|0.8888888888888888|1.0|1.0|0.8766666666666666|EXCELLENT
19225|10.0|32.0|23.0|0.0|False|False|False|False|0.7333333333333334|1.0|1.0|1.0|0.92|EXCELLENT
19226|10.0|37.0|20.3|0.0|False|False|False|False|0.6916666666666667|1.0|1.0|1.0|0.9074999999999999|EXCELLENT
19227|16.0|52.0|21.9375|1.0|False|True|False|False|0.5666666666666667|0.9375|1.0|1.0|0.85125|EXCELLENT
19228|9.0|44.0|28.22222222222222|1.0|False|True|False|False|0.6333333333333333|0.8888888888888888|1.0|1.0|0.8566666666666666|EXCELLENT
19230|8.0|71.0|29.875|0.0|False|False|False|False|0.4083333333333333|1.0|1.0|1.0|0.8224999999999999|GOOD
19231|10.0|39.0|27.2|0.0|False|False|False|False|0.675|1.0|1.0|1.0|0.9025|EXCELLENT
19232|10.0|48.0|25.5|0.0|False|False|False|False|0.6|1.0|1.0|1.0|0.88|EXCELLENT
19233|13.0|40.0|19.692307692307693|0.0|False|False|False|False|0.6666666666666667|1.0|1.0|1.0|0.9|EXCELLENT
19234|9.0|75.0|25.33333333333333|0.0|False|False|False|False|0.375|1.0|1.0|1.0|0.8124999999999999|GOOD
19235|10.0|25.0|16.1|0.0|False|False|False|False|0.7916666666666666|1.0|1.0|1.0|0.9374999999999999|EXCELLENT
19236|12.0|35.0|20.58333333333333|0.0|False|False|False|False|0.7083333333333333|1.0|1.0|1.0|0.9125|EXCELLENT
19237|10.0|93.0|33.0|1.0|True|True|False|False|0.22499999999999998|0.9|1.0|1.0|0.7374999999999999|GOOD
19238|7.0|46.0|23.714285714285715|1.0|False|True|False|False|0.6166666666666667|0.8571428571428572|1.0|1.0|0.8421428571428572|GOOD
19239|10.0|41.0|22.4|0.0|False|False|False|False|0.6583333333333333|1.0|1.0|1.0|0.8974999999999999|EXCELLENT
19240|9.0|25.0|17.11111111111111|0.0|False|False|False|False|0.7916666666666666|1.0|1.0|1.0|0.9374999999999999|EXCELLENT
19241|9.0|33.0|22.77777777777778|0.0|False|False|False|False|0.725|1.0|1.0|1.0|0.9174999999999999|EXCELLENT
19242|7.0|45.0|27.714285714285715|0.0|False|False|False|False|0.625|1.0|1.0|1.0|0.8875|EXCELLENT
19243|7.0|36.0|22.142857142857142|0.0|False|False|False|False|0.7|1.0|1.0|1.0|0.91|EXCELLENT
19244|7.0|32.0|25.285714285714285|0.0|False|False|False|False|0.7333333333333334|1.0|1.0|1.0|0.92|EXCELLENT
19245|10.0|79.0|33.0|0.0|False|False|False|False|0.3416666666666667|1.0|1.0|1.0|0.8024999999999999|GOOD
19246|12.0|33.0|19.666666666666668|0.0|False|False|False|False|0.725|1.0|1.0|1.0|0.9174999999999999|EXCELLENT
19247|8.0|36.0|23.875|1.0|False|True|False|False|0.7|0.875|1.0|1.0|0.8724999999999999|EXCELLENT
19248|8.0|35.0|27.375|0.0|False|False|False|False|0.7083333333333333|1.0|1.0|1.0|0.9125|EXCELLENT
19249|6.0|86.0|31.0|0.0|True|False|False|False|0.2833333333333333|1.0|1.0|1.0|0.785|GOOD
19251|7.0|29.0|22.428571428571427|1.0|False|True|False|False|0.7583333333333333|0.8571428571428572|1.0|1.0|0.8846428571428572|EXCELLENT
19252|8.0|33.0|18.625|0.0|False|False|False|False|0.725|1.0|1.0|1.0|0.9174999999999999|EXCELLENT
19253|5.0|37.0|27.0|0.0|False|False|False|False|0.6916666666666667|1.0|1.0|1.0|0.9074999999999999|EXCELLENT
19254|6.0|59.0|31.33333333333333|0.0|False|False|False|False|0.5083333333333333|1.0|1.0|1.0|0.8524999999999999|EXCELLENT
19255|9.0|26.0|15.0|0.0|False|False|False|False|0.7833333333333333|1.0|1.0|1.0|0.9349999999999999|EXCELLENT
19256|4.0|91.0|40.5|0.0|True|False|False|False|0.2416666666666667|1.0|1.0|1.0|0.7725|GOOD
19257|6.0|36.0|25.5|0.0|False|False|False|False|0.7|1.0|1.0|1.0|0.91|EXCELLENT
19258|11.0|63.0|23.272727272727277|0.0|False|False|False|False|0.475|1.0|1.0|1.0|0.8424999999999999|GOOD
19259|8.0|42.0|28.625|0.0|False|False|False|False|0.65|1.0|1.0|1.0|0.8949999999999999|EXCELLENT
19260|9.0|34.0|25.0|1.0|False|True|False|False|0.7166666666666667|0.8888888888888888|1.0|1.0|0.8816666666666667|EXCELLENT
19261|12.0|37.0|21.75|0.0|False|False|False|False|0.6916666666666667|1.0|1.0|1.0|0.9074999999999999|EXCELLENT
19262|14.0|34.0|20.5|0.0|False|False|False|False|0.7166666666666667|1.0|1.0|1.0|0.9149999999999999|EXCELLENT
19263|11.0|33.0|20.363636363636363|0.0|False|False|False|False|0.725|1.0|1.0|1.0|0.9174999999999999|EXCELLENT
19264|9.0|43.0|23.444444444444443|0.0|False|False|False|False|0.6416666666666666|1.0|1.0|1.0|0.8925|EXCELLENT
19265|7.0|38.0|22.857142857142858|0.0|False|False|False|False|0.6833333333333333|1.0|1.0|1.0|0.9049999999999999|EXCELLENT
19266|11.0|36.0|21.545454545454547|0.0|False|False|False|False|0.7|1.0|1.0|1.0|0.91|EXCELLENT
19267|8.0|38.0|26.125|0.0|False|False|False|False|0.6833333333333333|1.0|1.0|1.0|0.9049999999999999|EXCELLENT
19269|6.0|37.0|23.0|0.0|False|False|False|False|0.6916666666666667|1.0|1.0|1.0|0.9074999999999999|EXCELLENT
19270|9.0|40.0|21.88888888888889|0.0|False|False|False|False|0.6666666666666667|1.0|1.0|1.0|0.9|EXCELLENT
19272|9.0|64.0|31.444444444444443|0.0|False|False|False|False|0.4666666666666667|1.0|1.0|1.0|0.84|GOOD
19273|8.0|30.0|21.875|0.0|False|False|False|False|0.75|1.0|1.0|1.0|0.9249999999999999|EXCELLENT
19274|7.0|36.0|20.0|0.0|False|False|False|False|0.7|1.0|1.0|1.0|0.91|EXCELLENT
19276|10.0|56.0|27.1|1.0|False|True|False|False|0.5333333333333333|0.9|1.0|1.0|0.83|GOOD
19277|11.0|37.0|23.545454545454547|0.0|False|False|False|False|0.6916666666666667|1.0|1.0|1.0|0.9074999999999999|EXCELLENT
19278|9.0|35.0|24.11111111111111|0.0|False|False|False|False|0.7083333333333333|1.0|1.0|1.0|0.9125|EXCELLENT
19279|12.0|53.0|18.916666666666668|0.0|False|False|False|False|0.5583333333333333|1.0|1.0|1.0|0.8675|EXCELLENT
19280|9.0|47.0|25.444444444444443|0.0|False|False|False|False|0.6083333333333334|1.0|1.0|1.0|0.8825|EXCELLENT
19281|12.0|38.0|18.5|2.0|False|True|False|False|0.6833333333333333|0.8333333333333334|1.0|1.0|0.8549999999999999|EXCELLENT
19282|9.0|23.0|16.11111111111111|0.0|False|False|False|False|0.8083333333333333|1.0|1.0|1.0|0.9425|EXCELLENT
19283|7.0|39.0|21.142857142857142|1.0|False|True|False|False|0.675|0.8571428571428572|1.0|1.0|0.8596428571428572|EXCELLENT
19284|7.0|41.0|23.428571428571427|0.0|False|False|False|False|0.6583333333333333|1.0|1.0|1.0|0.8974999999999999|EXCELLENT
19285|9.0|45.0|24.444444444444443|0.0|False|False|False|False|0.625|1.0|1.0|1.0|0.8875|EXCELLENT
19286|8.0|42.0|21.0|0.0|False|False|False|False|0.65|1.0|1.0|1.0|0.8949999999999999|EXCELLENT
19287|8.0|35.0|21.375|0.0|False|False|False|False|0.7083333333333333|1.0|1.0|1.0|0.9125|EXCELLENT
19288|9.0|43.0|28.33333333333333|1.0|False|True|False|False|0.6416666666666666|0.8888888888888888|1.0|1.0|0.8591666666666665|EXCELLENT
19289|9.0|32.0|19.88888888888889|0.0|False|False|False|False|0.7333333333333334|1.0|1.0|1.0|0.92|EXCELLENT
19290|12.0|24.0|17.416666666666668|0.0|False|False|False|False|0.8|1.0|1.0|1.0|0.9400000000000001|EXCELLENT
19291|10.0|40.0|23.0|1.0|False|True|False|False|0.6666666666666667|0.9|1.0|1.0|0.87|EXCELLENT
19292|11.0|32.0|19.727272727272727|0.0|False|False|False|False|0.7333333333333334|1.0|1.0|1.0|0.92|EXCELLENT
19293|8.0|59.0|23.125|0.0|False|False|False|False|0.5083333333333333|1.0|1.0|1.0|0.8524999999999999|EXCELLENT
19294|11.0|35.0|25.363636363636363|0.0|False|False|False|False|0.7083333333333333|1.0|1.0|1.0|0.9125|EXCELLENT
19295|9.0|31.0|20.11111111111111|0.0|False|False|False|False|0.7416666666666667|1.0|1.0|1.0|0.9225|EXCELLENT
19296|18.0|30.0|17.666666666666668|2.0|False|True|False|False|0.75|0.8888888888888888|1.0|1.0|0.8916666666666666|EXCELLENT
19297|7.0|55.0|23.142857142857142|0.0|False|False|False|False|0.5416666666666667|1.0|1.0|1.0|0.8624999999999999|EXCELLENT
19298|10.0|40.0|24.3|0.0|False|False|False|False|0.6666666666666667|1.0|1.0|1.0|0.9|EXCELLENT
19299|8.0|55.0|29.125|0.0|False|False|False|False|0.5416666666666667|1.0|1.0|1.0|0.8624999999999999|EXCELLENT
19300|11.0|31.0|19.63636363636364|0.0|False|False|False|False|0.7416666666666667|1.0|1.0|1.0|0.9225|EXCELLENT
19302|8.0|36.0|21.875|0.0|False|False|False|False|0.7|1.0|1.0|1.0|0.91|EXCELLENT
19303|9.0|30.0|22.55555555555556|0.0|False|False|False|False|0.75|1.0|1.0|1.0|0.9249999999999999|EXCELLENT
19304|6.0|30.0|22.166666666666668|0.0|False|False|False|False|0.75|1.0|1.0|1.0|0.9249999999999999|EXCELLENT
19305|11.0|38.0|21.0|0.0|False|False|False|False|0.6833333333333333|1.0|1.0|1.0|0.9049999999999999|EXCELLENT
19306|10.0|34.0|18.6|0.0|False|False|False|False|0.7166666666666667|1.0|1.0|1.0|0.9149999999999999|EXCELLENT
19307|12.0|38.0|22.0|0.0|False|False|False|False|0.6833333333333333|1.0|1.0|1.0|0.9049999999999999|EXCELLENT
19309|8.0|39.0|19.25|0.0|False|False|False|False|0.675|1.0|1.0|1.0|0.9025|EXCELLENT
19310|10.0|48.0|25.4|0.0|False|False|False|False|0.6|1.0|1.0|1.0|0.88|EXCELLENT
19311|6.0|44.0|27.5|0.0|False|False|False|False|0.6333333333333333|1.0|1.0|1.0|0.89|EXCELLENT
19313|9.0|37.0|24.444444444444443|0.0|False|False|False|False|0.6916666666666667|1.0|1.0|1.0|0.9074999999999999|EXCELLENT
19314|7.0|36.0|25.428571428571427|0.0|False|False|False|False|0.7|1.0|1.0|1.0|0.91|EXCELLENT
19315|7.0|40.0|26.0|0.0|False|False|False|False|0.6666666666666667|1.0|1.0|1.0|0.9|EXCELLENT
19316|12.0|38.0|21.75|0.0|False|False|False|False|0.6833333333333333|1.0|1.0|1.0|0.9049999999999999|EXCELLENT
19317|9.0|36.0|22.666666666666668|1.0|False|True|False|False|0.7|0.8888888888888888|1.0|1.0|0.8766666666666666|EXCELLENT
19318|10.0|40.0|25.3|0.0|False|False|False|False|0.6666666666666667|1.0|1.0|1.0|0.9|EXCELLENT
19319|10.0|41.0|21.9|0.0|False|False|False|False|0.6583333333333333|1.0|1.0|1.0|0.8974999999999999|EXCELLENT
19320|12.0|28.0|17.333333333333332|0.0|False|False|False|False|0.7666666666666666|1.0|1.0|1.0|0.93|EXCELLENT
19321|10.0|37.0|22.7|0.0|False|False|False|False|0.6916666666666667|1.0|1.0|1.0|0.9074999999999999|EXCELLENT
19322|10.0|30.0|20.4|0.0|False|False|False|False|0.75|1.0|1.0|1.0|0.9249999999999999|EXCELLENT
19323|7.0|37.0|26.0|0.0|False|False|False|False|0.6916666666666667|1.0|1.0|1.0|0.9074999999999999|EXCELLENT
19324|7.0|66.0|31.428571428571427|0.0|False|False|False|False|0.44999999999999996|1.0|1.0|1.0|0.8349999999999999|GOOD
19325|7.0|37.0|26.285714285714285|0.0|False|False|False|False|0.6916666666666667|1.0|1.0|1.0|0.9074999999999999|EXCELLENT
19327|12.0|30.0|19.166666666666668|0.0|False|False|False|False|0.75|1.0|1.0|1.0|0.9249999999999999|EXCELLENT
19328|10.0|47.0|21.8|0.0|False|False|False|False|0.6083333333333334|1.0|1.0|1.0|0.8825|EXCELLENT
19329|11.0|39.0|24.181818181818183|0.0|False|False|False|False|0.675|1.0|1.0|1.0|0.9025|EXCELLENT
19330|7.0|36.0|23.571428571428573|0.0|False|False|False|False|0.7|1.0|1.0|1.0|0.91|EXCELLENT
19332|12.0|39.0|21.666666666666668|0.0|False|False|False|False|0.675|1.0|1.0|1.0|0.9025|EXCELLENT
19333|6.0|61.0|38.333333333333336|0.0|False|False|False|False|0.4916666666666667|1.0|1.0|1.0|0.8475|GOOD
19335|7.0|52.0|27.428571428571427|0.0|False|False|False|False|0.5666666666666667|1.0|1.0|1.0|0.87|EXCELLENT
19336|7.0|45.0|29.285714285714285|0.0|False|False|False|False|0.625|1.0|1.0|1.0|0.8875|EXCELLENT
19337|8.0|29.0|24.625|0.0|False|False|False|False|0.7583333333333333|1.0|1.0|1.0|0.9274999999999999|EXCELLENT
19338|9.0|43.0|27.22222222222222|0.0|False|False|False|False|0.6416666666666666|1.0|1.0|1.0|0.8925|EXCELLENT
19340|8.0|40.0|28.0|0.0|False|False|False|False|0.6666666666666667|1.0|1.0|1.0|0.9|EXCELLENT
19341|5.0|36.0|24.2|0.0|False|False|False|False|0.7|1.0|1.0|1.0|0.91|EXCELLENT
19343|7.0|55.0|26.142857142857142|1.0|False|True|False|False|0.5416666666666667|0.8571428571428572|1.0|1.0|0.8196428571428572|GOOD
19344|6.0|64.0|28.666666666666668|0.0|False|False|False|False|0.4666666666666667|1.0|1.0|1.0|0.84|GOOD
19345|6.0|29.0|25.166666666666668|0.0|False|False|False|False|0.7583333333333333|1.0|1.0|1.0|0.9274999999999999|EXCELLENT
19346|5.0|33.0|25.6|0.0|False|False|False|False|0.725|1.0|1.0|1.0|0.9174999999999999|EXCELLENT
19347|9.0|32.0|21.55555555555556|1.0|False|True|False|False|0.7333333333333334|0.8888888888888888|1.0|1.0|0.8866666666666666|EXCELLENT
19348|6.0|57.0|31.666666666666668|0.0|False|False|False|False|0.525|1.0|1.0|1.0|0.8575|EXCELLENT
19349|6.0|47.0|28.666666666666668|0.0|False|False|False|False|0.6083333333333334|1.0|1.0|1.0|0.8825|EXCELLENT
19350|7.0|43.0|32.857142857142854|0.0|False|False|False|False|0.6416666666666666|1.0|1.0|1.0|0.8925|EXCELLENT
19351|10.0|59.0|28.3|0.0|False|False|False|False|0.5083333333333333|1.0|1.0|1.0|0.8524999999999999|EXCELLENT
19352|6.0|34.0|25.33333333333333|0.0|False|False|False|False|0.7166666666666667|1.0|1.0|1.0|0.9149999999999999|EXCELLENT
19353|6.0|36.0|30.33333333333333|0.0|False|False|False|False|0.7|1.0|1.0|1.0|0.91|EXCELLENT
19354|7.0|35.0|23.571428571428573|0.0|False|False|False|False|0.7083333333333333|1.0|1.0|1.0|0.9125|EXCELLENT
19355|5.0|41.0|29.2|5.0|False|True|False|False|0.6583333333333333|0.0|1.0|1.0|0.5974999999999999|FAIR
19356|10.0|42.0|24.3|0.0|False|False|False|False|0.65|1.0|1.0|1.0|0.8949999999999999|EXCELLENT
19357|8.0|43.0|23.625|0.0|False|False|False|False|0.6416666666666666|1.0|1.0|1.0|0.8925|EXCELLENT
19358|8.0|39.0|28.25|0.0|False|False|False|False|0.675|1.0|1.0|1.0|0.9025|EXCELLENT
19359|5.0|69.0|36.2|0.0|False|False|False|False|0.42500000000000004|1.0|1.0|1.0|0.8275|GOOD
19361|7.0|31.0|22.714285714285715|0.0|False|False|False|False|0.7416666666666667|1.0|1.0|1.0|0.9225|EXCELLENT
19362|7.0|46.0|25.428571428571427|0.0|False|False|False|False|0.6166666666666667|1.0|1.0|1.0|0.8849999999999999|EXCELLENT
19363|8.0|35.0|20.5|2.0|False|True|False|False|0.7083333333333333|0.75|1.0|1.0|0.8374999999999999|GOOD
19364|7.0|41.0|25.571428571428573|0.0|False|False|False|False|0.6583333333333333|1.0|1.0|1.0|0.8974999999999999|EXCELLENT
19365|10.0|40.0|26.3|0.0|False|False|False|False|0.6666666666666667|1.0|1.0|1.0|0.9|EXCELLENT
19366|7.0|32.0|26.714285714285715|0.0|False|False|False|False|0.7333333333333334|1.0|1.0|1.0|0.92|EXCELLENT
19368|7.0|34.0|24.571428571428573|0.0|False|False|False|False|0.7166666666666667|1.0|1.0|1.0|0.9149999999999999|EXCELLENT
19369|6.0|75.0|32.833333333333336|1.0|False|True|False|False|0.375|0.8333333333333334|1.0|1.0|0.7625|GOOD
19370|5.0|77.0|35.4|0.0|False|False|False|False|0.3583333333333333|1.0|1.0|1.0|0.8075|GOOD
19371|16.0|34.0|23.625|1.0|False|True|False|False|0.7166666666666667|0.9375|1.0|1.0|0.8962499999999999|EXCELLENT
19372|15.0|30.0|18.933333333333334|0.0|False|False|False|False|0.75|1.0|1.0|1.0|0.9249999999999999|EXCELLENT
19373|18.0|84.0|21.444444444444443|1.0|True|True|False|False|0.30000000000000004|0.9444444444444444|1.0|1.0|0.7733333333333333|GOOD
19374|18.0|39.0|19.77777777777778|0.0|False|False|False|False|0.675|1.0|1.0|1.0|0.9025|EXCELLENT
19375|5.0|45.0|28.6|0.0|False|False|False|False|0.625|1.0|1.0|1.0|0.8875|EXCELLENT
19376|13.0|93.0|28.846153846153847|2.0|True|True|False|False|0.22499999999999998|0.8461538461538461|1.0|1.0|0.7213461538461537|GOOD
19377|7.0|53.0|31.571428571428573|0.0|False|False|False|False|0.5583333333333333|1.0|1.0|1.0|0.8675|EXCELLENT
19378|18.0|28.0|18.72222222222222|1.0|False|True|False|False|0.7666666666666666|0.9444444444444444|1.0|1.0|0.9133333333333332|EXCELLENT
19379|6.0|45.0|32.5|0.0|False|False|False|False|0.625|1.0|1.0|1.0|0.8875|EXCELLENT
19380|5.0|43.0|29.8|0.0|False|False|False|False|0.6416666666666666|1.0|1.0|1.0|0.8925|EXCELLENT
19381|15.0|48.0|21.933333333333334|1.0|False|True|False|False|0.6|0.9333333333333333|1.0|1.0|0.86|EXCELLENT
19382|7.0|42.0|25.857142857142858|0.0|False|False|False|False|0.65|1.0|1.0|1.0|0.8949999999999999|EXCELLENT
19384|8.0|40.0|29.125|0.0|False|False|False|False|0.6666666666666667|1.0|1.0|1.0|0.9|EXCELLENT
19385|12.0|44.0|25.33333333333333|0.0|False|False|False|False|0.6333333333333333|1.0|1.0|1.0|0.89|EXCELLENT
19387|5.0|50.0|32.8|0.0|False|False|False|False|0.5833333333333333|1.0|1.0|1.0|0.8749999999999999|EXCELLENT
19388|4.0|38.0|28.0|0.0|False|False|False|False|0.6833333333333333|1.0|1.0|1.0|0.9049999999999999|EXCELLENT
19389|19.0|52.0|19.73684210526316|0.0|False|False|False|False|0.5666666666666667|1.0|1.0|1.0|0.87|EXCELLENT
19390|12.0|38.0|22.416666666666668|0.0|False|False|False|False|0.6833333333333333|1.0|1.0|1.0|0.9049999999999999|EXCELLENT
19392|10.0|51.0|33.8|0.0|False|False|False|False|0.575|1.0|1.0|1.0|0.8724999999999999|EXCELLENT
19393|10.0|63.0|35.3|1.0|False|True|False|False|0.475|0.9|1.0|1.0|0.8124999999999999|GOOD
19394|15.0|39.0|20.666666666666668|0.0|False|False|False|False|0.675|1.0|1.0|1.0|0.9025|EXCELLENT
19395|7.0|28.0|19.428571428571427|0.0|False|False|False|False|0.7666666666666666|1.0|1.0|1.0|0.93|EXCELLENT
19396|14.0|87.0|25.357142857142858|1.0|True|True|False|False|0.275|0.9285714285714286|1.0|1.0|0.7610714285714285|GOOD
19397|10.0|30.0|20.5|1.0|False|True|False|False|0.75|0.9|1.0|1.0|0.8949999999999999|EXCELLENT
19398|12.0|44.0|25.33333333333333|0.0|False|False|False|False|0.6333333333333333|1.0|1.0|1.0|0.89|EXCELLENT
19399|13.0|44.0|21.0|3.0|False|True|False|False|0.6333333333333333|0.7692307692307692|1.0|1.0|0.8207692307692306|GOOD
19400|12.0|52.0|25.83333333333333|0.0|False|False|False|False|0.5666666666666667|1.0|1.0|1.0|0.87|EXCELLENT
19401|7.0|44.0|25.285714285714285|0.0|False|False|False|False|0.6333333333333333|1.0|1.0|1.0|0.89|EXCELLENT
19402|8.0|44.0|28.125|0.0|False|False|False|False|0.6333333333333333|1.0|1.0|1.0|0.89|EXCELLENT
19403|6.0|35.0|21.83333333333333|1.0|False|True|False|False|0.7083333333333333|0.8333333333333334|1.0|1.0|0.8624999999999999|EXCELLENT
19404|8.0|36.0|23.875|0.0|False|False|False|False|0.7|1.0|1.0|1.0|0.91|EXCELLENT
19405|10.0|76.0|30.2|0.0|False|False|False|False|0.3666666666666667|1.0|1.0|1.0|0.8099999999999999|GOOD
19406|11.0|52.0|29.363636363636363|0.0|False|False|False|False|0.5666666666666667|1.0|1.0|1.0|0.87|EXCELLENT
19407|6.0|55.0|25.166666666666668|0.0|False|False|False|False|0.5416666666666667|1.0|1.0|1.0|0.8624999999999999|EXCELLENT
19408|7.0|61.0|32.0|0.0|False|False|False|False|0.4916666666666667|1.0|1.0|1.0|0.8475|GOOD
19409|10.0|29.0|20.7|0.0|False|False|False|False|0.7583333333333333|1.0|1.0|1.0|0.9274999999999999|EXCELLENT
19410|10.0|32.0|21.6|0.0|False|False|False|False|0.7333333333333334|1.0|1.0|1.0|0.92|EXCELLENT
19411|12.0|42.0|21.58333333333333|0.0|False|False|False|False|0.65|1.0|1.0|1.0|0.8949999999999999|EXCELLENT
19412|11.0|60.0|25.272727272727277|0.0|False|False|False|False|0.5|1.0|1.0|1.0|0.85|EXCELLENT
19413|15.0|37.0|20.33333333333333|0.0|False|False|False|False|0.6916666666666667|1.0|1.0|1.0|0.9074999999999999|EXCELLENT
19414|7.0|42.0|25.857142857142858|0.0|False|False|False|False|0.65|1.0|1.0|1.0|0.8949999999999999|EXCELLENT
19415|7.0|54.0|27.428571428571427|0.0|False|False|False|False|0.55|1.0|1.0|1.0|0.8649999999999999|EXCELLENT
19418|8.0|36.0|23.875|2.0|False|True|False|False|0.7|0.75|1.0|1.0|0.8349999999999999|GOOD
19419|14.0|28.0|19.142857142857142|0.0|False|False|False|False|0.7666666666666666|1.0|1.0|1.0|0.93|EXCELLENT
19420|6.0|45.0|32.5|0.0|False|False|False|False|0.625|1.0|1.0|1.0|0.8875|EXCELLENT
19421|11.0|45.0|25.363636363636363|1.0|False|True|False|False|0.625|0.9090909090909091|1.0|1.0|0.8602272727272727|EXCELLENT
19422|9.0|53.0|30.0|0.0|False|False|False|False|0.5583333333333333|1.0|1.0|1.0|0.8675|EXCELLENT
19423|8.0|50.0|29.625|0.0|False|False|False|False|0.5833333333333333|1.0|1.0|1.0|0.8749999999999999|EXCELLENT
19424|9.0|36.0|21.33333333333333|0.0|False|False|False|False|0.7|1.0|1.0|1.0|0.91|EXCELLENT
19425|8.0|29.0|19.75|0.0|False|False|False|False|0.7583333333333333|1.0|1.0|1.0|0.9274999999999999|EXCELLENT
19426|11.0|39.0|20.272727272727277|0.0|False|False|False|False|0.675|1.0|1.0|1.0|0.9025|EXCELLENT
19427|11.0|85.0|26.818181818181817|0.0|True|False|False|False|0.29166666666666663|1.0|1.0|1.0|0.7875|GOOD
19428|8.0|50.0|19.125|1.0|False|True|False|False|0.5833333333333333|0.875|1.0|1.0|0.8375|GOOD
19429|7.0|46.0|24.0|0.0|False|False|False|False|0.6166666666666667|1.0|1.0|1.0|0.8849999999999999|EXCELLENT
19430|8.0|48.0|31.0|0.0|False|False|False|False|0.6|1.0|1.0|1.0|0.88|EXCELLENT
19431|6.0|77.0|27.666666666666668|0.0|False|False|False|False|0.3583333333333333|1.0|1.0|1.0|0.8075|GOOD
19432|10.0|61.0|27.2|0.0|False|False|False|False|0.4916666666666667|1.0|1.0|1.0|0.8475|GOOD
19433|5.0|79.0|33.0|0.0|False|False|False|False|0.3416666666666667|1.0|1.0|1.0|0.8024999999999999|GOOD
19434|6.0|47.0|25.83333333333333|0.0|False|False|False|False|0.6083333333333334|1.0|1.0|1.0|0.8825|EXCELLENT
19435|5.0|93.0|49.6|0.0|True|False|False|False|0.22499999999999998|1.0|1.0|1.0|0.7675|GOOD
19436|11.0|41.0|19.727272727272727|0.0|False|False|False|False|0.6583333333333333|1.0|1.0|1.0|0.8974999999999999|EXCELLENT
19437|9.0|41.0|29.11111111111111|0.0|False|False|False|False|0.6583333333333333|1.0|1.0|1.0|0.8974999999999999|EXCELLENT
19438|13.0|28.0|18.53846153846154|1.0|False|True|False|False|0.7666666666666666|0.9230769230769231|1.0|1.0|0.9069230769230768|EXCELLENT
19439|10.0|45.0|19.0|4.0|False|True|False|False|0.625|0.6|1.0|1.0|0.7675|GOOD
19440|7.0|42.0|32.142857142857146|0.0|False|False|False|False|0.65|1.0|1.0|1.0|0.8949999999999999|EXCELLENT
19441|6.0|40.0|29.83333333333333|0.0|False|False|False|False|0.6666666666666667|1.0|1.0|1.0|0.9|EXCELLENT
19442|11.0|32.0|15.272727272727272|2.0|False|True|False|False|0.7333333333333334|0.8181818181818181|1.0|1.0|0.8654545454545454|EXCELLENT
19443|6.0|30.0|16.833333333333332|0.0|False|False|False|False|0.75|1.0|1.0|1.0|0.9249999999999999|EXCELLENT
19444|6.0|96.0|47.333333333333336|0.0|True|False|False|False|0.19999999999999996|1.0|1.0|1.0|0.7599999999999999|GOOD
19445|10.0|78.0|30.7|0.0|False|False|False|False|0.35|1.0|1.0|1.0|0.8049999999999999|GOOD
19446|10.0|111.0|34.0|0.0|True|False|False|False|0.07499999999999996|1.0|1.0|1.0|0.7224999999999999|GOOD
19447|9.0|31.0|16.88888888888889|1.0|False|True|False|False|0.7416666666666667|0.8888888888888888|1.0|1.0|0.8891666666666665|EXCELLENT
19448|12.0|38.0|21.916666666666668|1.0|False|True|False|False|0.6833333333333333|0.9166666666666666|1.0|1.0|0.88|EXCELLENT
19449|8.0|42.0|26.625|0.0|False|False|False|False|0.65|1.0|1.0|1.0|0.8949999999999999|EXCELLENT
19450|5.0|74.0|40.4|0.0|False|False|False|False|0.3833333333333333|1.0|1.0|1.0|0.815|GOOD
19452|12.0|36.0|19.416666666666668|0.0|False|False|False|False|0.7|1.0|1.0|1.0|0.91|EXCELLENT
19453|7.0|57.0|23.714285714285715|0.0|False|False|False|False|0.525|1.0|1.0|1.0|0.8575|EXCELLENT
19454|11.0|67.0|25.0|0.0|False|False|False|False|0.44166666666666665|1.0|1.0|1.0|0.8324999999999999|GOOD
19455|5.0|32.0|24.4|0.0|False|False|False|False|0.7333333333333334|1.0|1.0|1.0|0.92|EXCELLENT
19457|20.0|54.0|21.0|20.0|False|True|False|False|0.55|0.0|1.0|1.0|0.565|FAIR
19458|8.0|34.0|26.0|8.0|False|True|False|False|0.7166666666666667|0.0|1.0|1.0|0.615|FAIR
19459|15.0|29.0|21.0|15.0|False|True|False|False|0.7583333333333333|0.0|1.0|1.0|0.6275|FAIR
19461|17.0|52.0|18.88235294117647|17.0|False|True|False|False|0.5666666666666667|0.0|1.0|1.0|0.57|FAIR
19462|12.0|26.0|16.75|12.0|False|True|False|False|0.7833333333333333|0.0|1.0|1.0|0.6349999999999999|FAIR
19463|16.0|31.0|20.875|16.0|False|True|False|False|0.7416666666666667|0.0|1.0|1.0|0.6224999999999999|FAIR
19464|11.0|41.0|22.363636363636363|11.0|False|True|False|False|0.6583333333333333|0.0|1.0|1.0|0.5974999999999999|FAIR
19466|12.0|40.0|26.08333333333333|0.0|False|False|False|False|0.6666666666666667|1.0|1.0|1.0|0.9|EXCELLENT
19467|12.0|51.0|22.166666666666668|12.0|False|True|False|False|0.575|0.0|1.0|1.0|0.5725|FAIR
19469|9.0|34.0|23.77777777777778|9.0|False|True|False|False|0.7166666666666667|0.0|1.0|1.0|0.615|FAIR
19471|19.0|29.0|20.63157894736842|19.0|False|True|False|False|0.7583333333333333|0.0|1.0|1.0|0.6275|FAIR
19472|10.0|48.0|24.9|10.0|False|True|False|False|0.6|0.0|1.0|1.0|0.58|FAIR
19473|14.0|46.0|21.357142857142858|14.0|False|True|False|False|0.6166666666666667|0.0|1.0|1.0|0.585|FAIR
19476|10.0|29.0|17.4|10.0|False|True|False|False|0.7583333333333333|0.0|1.0|1.0|0.6275|FAIR
19479|16.0|64.0|23.6875|16.0|False|True|False|False|0.4666666666666667|0.0|1.0|1.0|0.5399999999999999|FAIR
19480|12.0|30.0|18.416666666666668|0.0|False|False|False|False|0.75|1.0|1.0|1.0|0.9249999999999999|EXCELLENT
19481|11.0|39.0|19.818181818181817|0.0|False|False|False|False|0.675|1.0|1.0|1.0|0.9025|EXCELLENT
19482|10.0|31.0|24.6|0.0|False|False|False|False|0.7416666666666667|1.0|1.0|1.0|0.9225|EXCELLENT
19483|5.0|29.0|22.0|0.0|False|False|False|False|0.7583333333333333|1.0|1.0|1.0|0.9274999999999999|EXCELLENT
19484|6.0|55.0|27.0|0.0|False|False|False|False|0.5416666666666667|1.0|1.0|1.0|0.8624999999999999|EXCELLENT
19485|11.0|25.0|20.818181818181817|0.0|False|False|False|False|0.7916666666666666|1.0|1.0|1.0|0.9374999999999999|EXCELLENT
19486|11.0|32.0|21.09090909090909|0.0|False|False|False|False|0.7333333333333334|1.0|1.0|1.0|0.92|EXCELLENT
19487|6.0|37.0|25.0|0.0|False|False|False|False|0.6916666666666667|1.0|1.0|1.0|0.9074999999999999|EXCELLENT
19488|9.0|38.0|25.11111111111111|0.0|False|False|False|False|0.6833333333333333|1.0|1.0|1.0|0.9049999999999999|EXCELLENT
19489|11.0|41.0|23.272727272727277|0.0|False|False|False|False|0.6583333333333333|1.0|1.0|1.0|0.8974999999999999|EXCELLENT
19490|9.0|27.0|17.88888888888889|0.0|False|False|False|False|0.775|1.0|1.0|1.0|0.9325|EXCELLENT
19491|7.0|34.0|23.142857142857142|0.0|False|False|False|False|0.7166666666666667|1.0|1.0|1.0|0.9149999999999999|EXCELLENT
19492|10.0|64.0|22.2|0.0|False|False|False|False|0.4666666666666667|1.0|1.0|1.0|0.84|GOOD
19493|9.0|87.0|32.0|1.0|True|True|False|False|0.275|0.8888888888888888|1.0|1.0|0.7491666666666666|GOOD
19495|9.0|39.0|25.88888888888889|0.0|False|False|False|False|0.675|1.0|1.0|1.0|0.9025|EXCELLENT
19496|12.0|90.0|26.83333333333333|1.0|True|True|False|False|0.25|0.9166666666666666|1.0|1.0|0.7499999999999999|GOOD
19497|7.0|43.0|23.285714285714285|0.0|False|False|False|False|0.6416666666666666|1.0|1.0|1.0|0.8925|EXCELLENT
19499|8.0|49.0|22.625|0.0|False|False|False|False|0.5916666666666667|1.0|1.0|1.0|0.8775|EXCELLENT
19500|7.0|81.0|29.285714285714285|0.0|True|False|False|False|0.32499999999999996|1.0|1.0|1.0|0.7975|GOOD
19501|8.0|36.0|18.125|0.0|False|False|False|False|0.7|1.0|1.0|1.0|0.91|EXCELLENT
19502|7.0|49.0|29.142857142857142|0.0|False|False|False|False|0.5916666666666667|1.0|1.0|1.0|0.8775|EXCELLENT
19503|9.0|58.0|34.333333333333336|0.0|False|False|False|False|0.5166666666666666|1.0|1.0|1.0|0.8549999999999999|EXCELLENT
19504|10.0|47.0|26.3|0.0|False|False|False|False|0.6083333333333334|1.0|1.0|1.0|0.8825|EXCELLENT
19506|6.0|69.0|34.0|0.0|False|False|False|False|0.42500000000000004|1.0|1.0|1.0|0.8275|GOOD
19508|8.0|87.0|30.0|0.0|True|False|False|False|0.275|1.0|1.0|1.0|0.7825|GOOD
19509|10.0|47.0|25.9|0.0|False|False|False|False|0.6083333333333334|1.0|1.0|1.0|0.8825|EXCELLENT
19510|9.0|60.0|29.33333333333333|0.0|False|False|False|False|0.5|1.0|1.0|1.0|0.85|EXCELLENT
19511|9.0|56.0|22.11111111111111|1.0|False|True|False|False|0.5333333333333333|0.8888888888888888|1.0|1.0|0.8266666666666665|GOOD
19513|11.0|32.0|17.818181818181817|0.0|False|False|False|False|0.7333333333333334|1.0|1.0|1.0|0.92|EXCELLENT
19514|8.0|54.0|22.125|0.0|False|False|False|False|0.55|1.0|1.0|1.0|0.8649999999999999|EXCELLENT
19515|9.0|69.0|28.666666666666668|0.0|False|False|False|False|0.42500000000000004|1.0|1.0|1.0|0.8275|GOOD
19516|8.0|81.0|36.125|0.0|True|False|False|False|0.32499999999999996|1.0|1.0|1.0|0.7975|GOOD
19517|14.0|48.0|27.214285714285715|0.0|False|False|False|False|0.6|1.0|1.0|1.0|0.88|EXCELLENT
19518|4.0|88.0|43.75|0.0|True|False|False|False|0.2666666666666667|1.0|1.0|1.0|0.7799999999999999|GOOD
19520|8.0|70.0|37.75|0.0|False|False|False|False|0.41666666666666663|1.0|1.0|1.0|0.825|GOOD
19521|8.0|26.0|20.125|0.0|False|False|False|False|0.7833333333333333|1.0|1.0|1.0|0.9349999999999999|EXCELLENT
19522|3.0|79.0|60.66666666666666|0.0|False|False|False|False|0.3416666666666667|1.0|1.0|1.0|0.8024999999999999|GOOD
19523|10.0|48.0|21.6|0.0|False|False|False|False|0.6|1.0|1.0|1.0|0.88|EXCELLENT
19524|6.0|52.0|27.666666666666668|0.0|False|False|False|False|0.5666666666666667|1.0|1.0|1.0|0.87|EXCELLENT
19528|8.0|70.0|34.75|0.0|False|False|False|False|0.41666666666666663|1.0|1.0|1.0|0.825|GOOD
19529|12.0|33.0|22.666666666666668|1.0|False|True|False|False|0.725|0.9166666666666666|1.0|1.0|0.8925|EXCELLENT
19530|13.0|31.0|21.153846153846157|0.0|False|False|False|False|0.7416666666666667|1.0|1.0|1.0|0.9225|EXCELLENT
19531|12.0|40.0|21.5|0.0|False|False|False|False|0.6666666666666667|1.0|1.0|1.0|0.9|EXCELLENT
19532|12.0|108.0|24.83333333333333|0.0|True|False|False|False|0.09999999999999998|1.0|1.0|1.0|0.7299999999999999|GOOD
19533|10.0|38.0|23.6|0.0|False|False|False|False|0.6833333333333333|1.0|1.0|1.0|0.9049999999999999|EXCELLENT
19535|12.0|40.0|23.166666666666668|0.0|False|False|False|False|0.6666666666666667|1.0|1.0|1.0|0.9|EXCELLENT
19536|14.0|37.0|19.857142857142858|0.0|False|False|False|False|0.6916666666666667|1.0|1.0|1.0|0.9074999999999999|EXCELLENT
19537|11.0|41.0|25.363636363636363|0.0|False|False|False|False|0.6583333333333333|1.0|1.0|1.0|0.8974999999999999|EXCELLENT
19538|9.0|37.0|24.22222222222222|0.0|False|False|False|False|0.6916666666666667|1.0|1.0|1.0|0.9074999999999999|EXCELLENT
19539|7.0|41.0|29.285714285714285|0.0|False|False|False|False|0.6583333333333333|1.0|1.0|1.0|0.8974999999999999|EXCELLENT
19540|9.0|53.0|22.666666666666668|0.0|False|False|False|False|0.5583333333333333|1.0|1.0|1.0|0.8675|EXCELLENT
19541|13.0|65.0|21.923076923076923|0.0|False|False|False|False|0.45833333333333337|1.0|1.0|1.0|0.8375|GOOD
19542|9.0|33.0|19.444444444444443|0.0|False|False|False|False|0.725|1.0|1.0|1.0|0.9174999999999999|EXCELLENT
19543|8.0|42.0|23.0|0.0|False|False|False|False|0.65|1.0|1.0|1.0|0.8949999999999999|EXCELLENT
19544|13.0|28.0|16.692307692307693|2.0|False|True|False|False|0.7666666666666666|0.8461538461538461|1.0|1.0|0.8838461538461538|EXCELLENT
19547|10.0|33.0|22.6|0.0|False|False|False|False|0.725|1.0|1.0|1.0|0.9174999999999999|EXCELLENT
19549|5.0|33.0|22.4|0.0|False|False|False|False|0.725|1.0|1.0|1.0|0.9174999999999999|EXCELLENT
19550|7.0|30.0|22.857142857142858|0.0|False|False|False|False|0.75|1.0|1.0|1.0|0.9249999999999999|EXCELLENT
19551|8.0|35.0|23.25|0.0|False|False|False|False|0.7083333333333333|1.0|1.0|1.0|0.9125|EXCELLENT
19552|13.0|34.0|21.307692307692307|0.0|False|False|False|False|0.7166666666666667|1.0|1.0|1.0|0.9149999999999999|EXCELLENT
19553|15.0|28.0|15.866666666666667|0.0|False|False|False|False|0.7666666666666666|1.0|1.0|1.0|0.93|EXCELLENT
19554|7.0|41.0|29.428571428571427|0.0|False|False|False|False|0.6583333333333333|1.0|1.0|1.0|0.8974999999999999|EXCELLENT
19555|10.0|44.0|24.6|0.0|False|False|False|False|0.6333333333333333|1.0|1.0|1.0|0.89|EXCELLENT
19556|8.0|44.0|28.0|0.0|False|False|False|False|0.6333333333333333|1.0|1.0|1.0|0.89|EXCELLENT
19557|7.0|36.0|25.0|0.0|False|False|False|False|0.7|1.0|1.0|1.0|0.91|EXCELLENT
19558|9.0|40.0|19.444444444444443|0.0|False|False|False|False|0.6666666666666667|1.0|1.0|1.0|0.9|EXCELLENT
19559|8.0|52.0|27.875|0.0|False|False|False|False|0.5666666666666667|1.0|1.0|1.0|0.87|EXCELLENT
19560|8.0|31.0|19.0|0.0|False|False|False|False|0.7416666666666667|1.0|1.0|1.0|0.9225|EXCELLENT
19561|9.0|47.0|26.88888888888889|0.0|False|False|False|False|0.6083333333333334|1.0|1.0|1.0|0.8825|EXCELLENT
19562|9.0|50.0|29.11111111111111|0.0|False|False|False|False|0.5833333333333333|1.0|1.0|1.0|0.8749999999999999|EXCELLENT
19563|10.0|44.0|24.0|0.0|False|False|False|False|0.6333333333333333|1.0|1.0|1.0|0.89|EXCELLENT
19564|7.0|45.0|26.428571428571427|0.0|False|False|False|False|0.625|1.0|1.0|1.0|0.8875|EXCELLENT
19566|8.0|64.0|31.375|0.0|False|False|False|False|0.4666666666666667|1.0|1.0|1.0|0.84|GOOD
19567|7.0|41.0|26.142857142857142|0.0|False|False|False|False|0.6583333333333333|1.0|1.0|1.0|0.8974999999999999|EXCELLENT
19568|9.0|45.0|25.11111111111111|0.0|False|False|False|False|0.625|1.0|1.0|1.0|0.8875|EXCELLENT
19569|8.0|53.0|30.375|0.0|False|False|False|False|0.5583333333333333|1.0|1.0|1.0|0.8675|EXCELLENT
19571|7.0|47.0|25.857142857142858|0.0|False|False|False|False|0.6083333333333334|1.0|1.0|1.0|0.8825|EXCELLENT
19572|7.0|35.0|26.714285714285715|0.0|False|False|False|False|0.7083333333333333|1.0|1.0|1.0|0.9125|EXCELLENT
19573|7.0|57.0|32.42857142857143|0.0|False|False|False|False|0.525|1.0|1.0|1.0|0.8575|EXCELLENT
19574|11.0|38.0|23.09090909090909|0.0|False|False|False|False|0.6833333333333333|1.0|1.0|1.0|0.9049999999999999|EXCELLENT
19575|10.0|34.0|23.8|0.0|False|False|False|False|0.7166666666666667|1.0|1.0|1.0|0.9149999999999999|EXCELLENT
19577|7.0|63.0|24.142857142857142|0.0|False|False|False|False|0.475|1.0|1.0|1.0|0.8424999999999999|GOOD
19578|13.0|56.0|20.0|0.0|False|False|False|False|0.5333333333333333|1.0|1.0|1.0|0.86|EXCELLENT
19579|9.0|40.0|26.11111111111111|0.0|False|False|False|False|0.6666666666666667|1.0|1.0|1.0|0.9|EXCELLENT
19580|10.0|30.0|20.8|1.0|False|True|False|False|0.75|0.9|1.0|1.0|0.8949999999999999|EXCELLENT
19581|8.0|45.0|26.0|0.0|False|False|False|False|0.625|1.0|1.0|1.0|0.8875|EXCELLENT
19582|6.0|27.0|19.83333333333333|0.0|False|False|False|False|0.775|1.0|1.0|1.0|0.9325|EXCELLENT
19583|10.0|28.0|15.7|0.0|False|False|False|False|0.7666666666666666|1.0|1.0|1.0|0.93|EXCELLENT
19584|6.0|55.0|34.666666666666664|0.0|False|False|False|False|0.5416666666666667|1.0|1.0|1.0|0.8624999999999999|EXCELLENT
19586|9.0|39.0|25.33333333333333|0.0|False|False|False|False|0.675|1.0|1.0|1.0|0.9025|EXCELLENT
19587|10.0|39.0|22.6|0.0|False|False|False|False|0.675|1.0|1.0|1.0|0.9025|EXCELLENT
19588|7.0|28.0|20.571428571428573|0.0|False|False|False|False|0.7666666666666666|1.0|1.0|1.0|0.93|EXCELLENT
19589|5.0|77.0|47.6|0.0|False|False|False|False|0.3583333333333333|1.0|1.0|1.0|0.8075|GOOD
19590|12.0|41.0|19.75|0.0|False|False|False|False|0.6583333333333333|1.0|1.0|1.0|0.8974999999999999|EXCELLENT
19591|8.0|56.0|28.0|0.0|False|False|False|False|0.5333333333333333|1.0|1.0|1.0|0.86|EXCELLENT
19592|9.0|118.0|31.77777777777778|1.0|True|True|False|False|0.01666666666666672|0.8888888888888888|1.0|1.0|0.6716666666666666|FAIR
19593|8.0|46.0|30.25|0.0|False|False|False|False|0.6166666666666667|1.0|1.0|1.0|0.8849999999999999|EXCELLENT
19594|6.0|50.0|27.0|0.0|False|False|False|False|0.5833333333333333|1.0|1.0|1.0|0.8749999999999999|EXCELLENT
19596|8.0|35.0|24.375|0.0|False|False|False|False|0.7083333333333333|1.0|1.0|1.0|0.9125|EXCELLENT
19597|8.0|37.0|20.5|0.0|False|False|False|False|0.6916666666666667|1.0|1.0|1.0|0.9074999999999999|EXCELLENT
19598|12.0|33.0|21.666666666666668|0.0|False|False|False|False|0.725|1.0|1.0|1.0|0.9174999999999999|EXCELLENT
19599|7.0|31.0|19.0|0.0|False|False|False|False|0.7416666666666667|1.0|1.0|1.0|0.9225|EXCELLENT
19600|8.0|48.0|25.25|0.0|False|False|False|False|0.6|1.0|1.0|1.0|0.88|EXCELLENT
19601|12.0|27.0|18.666666666666668|0.0|False|False|False|False|0.775|1.0|1.0|1.0|0.9325|EXCELLENT
19602|8.0|39.0|23.625|0.0|False|False|False|False|0.675|1.0|1.0|1.0|0.9025|EXCELLENT
19603|9.0|45.0|26.22222222222222|0.0|False|False|False|False|0.625|1.0|1.0|1.0|0.8875|EXCELLENT
19604|4.0|110.0|46.0|1.0|True|True|False|False|0.08333333333333337|0.75|1.0|1.0|0.65|FAIR
19605|9.0|28.0|21.666666666666668|0.0|False|False|False|False|0.7666666666666666|1.0|1.0|1.0|0.93|EXCELLENT
19606|11.0|50.0|25.454545454545453|0.0|False|False|False|False|0.5833333333333333|1.0|1.0|1.0|0.8749999999999999|EXCELLENT
19607|9.0|57.0|31.666666666666668|0.0|False|False|False|False|0.525|1.0|1.0|1.0|0.8575|EXCELLENT
19608|12.0|81.0|27.0|0.0|True|False|False|False|0.32499999999999996|1.0|1.0|1.0|0.7975|GOOD
19609|15.0|70.0|25.666666666666668|1.0|False|True|False|False|0.41666666666666663|0.9333333333333333|1.0|1.0|0.8049999999999999|GOOD
19610|10.0|87.0|32.2|1.0|True|True|False|False|0.275|0.9|1.0|1.0|0.7525000000000001|GOOD
19611|17.0|46.0|21.235294117647054|2.0|False|True|False|False|0.6166666666666667|0.8823529411764706|1.0|1.0|0.8497058823529412|GOOD
19612|14.0|119.0|29.357142857142858|1.0|True|True|False|False|0.008333333333333304|0.9285714285714286|1.0|1.0|0.6810714285714285|FAIR
19613|11.0|132.0|44.90909090909091|0.0|True|False|False|False|0.0|1.0|1.0|1.0|0.7|GOOD
19615|13.0|39.0|24.53846153846154|0.0|False|False|False|False|0.675|1.0|1.0|1.0|0.9025|EXCELLENT
19616|13.0|37.0|22.384615384615383|1.0|False|True|False|False|0.6916666666666667|0.9230769230769231|1.0|1.0|0.8844230769230769|EXCELLENT
19617|17.0|40.0|24.176470588235293|0.0|False|False|False|False|0.6666666666666667|1.0|1.0|1.0|0.9|EXCELLENT
19618|7.0|61.0|32.57142857142857|0.0|False|False|False|False|0.4916666666666667|1.0|1.0|1.0|0.8475|GOOD
19619|5.0|78.0|44.0|0.0|False|False|False|False|0.35|1.0|1.0|1.0|0.8049999999999999|GOOD
19620|7.0|44.0|34.857142857142854|0.0|False|False|False|False|0.6333333333333333|1.0|1.0|1.0|0.89|EXCELLENT
19621|10.0|39.0|22.8|0.0|False|False|False|False|0.675|1.0|1.0|1.0|0.9025|EXCELLENT
19622|9.0|37.0|19.666666666666668|0.0|False|False|False|False|0.6916666666666667|1.0|1.0|1.0|0.9074999999999999|EXCELLENT
19623|6.0|72.0|29.5|0.0|False|False|False|False|0.4|1.0|1.0|1.0|0.82|GOOD
19624|10.0|50.0|28.5|0.0|False|False|False|False|0.5833333333333333|1.0|1.0|1.0|0.8749999999999999|EXCELLENT
19625|7.0|51.0|29.714285714285715|0.0|False|False|False|False|0.575|1.0|1.0|1.0|0.8724999999999999|EXCELLENT
19626|7.0|59.0|38.71428571428572|7.0|False|True|False|False|0.5083333333333333|0.0|1.0|1.0|0.5525|FAIR
19627|7.0|40.0|27.857142857142858|0.0|False|False|False|False|0.6666666666666667|1.0|1.0|1.0|0.9|EXCELLENT
19628|7.0|38.0|27.714285714285715|0.0|False|False|False|False|0.6833333333333333|1.0|1.0|1.0|0.9049999999999999|EXCELLENT
19629|6.0|41.0|26.166666666666668|0.0|False|False|False|False|0.6583333333333333|1.0|1.0|1.0|0.8974999999999999|EXCELLENT
19630|7.0|63.0|35.285714285714285|0.0|False|False|False|False|0.475|1.0|1.0|1.0|0.8424999999999999|GOOD
19631|6.0|92.0|38.0|0.0|True|False|False|False|0.23333333333333328|1.0|1.0|1.0|0.7699999999999999|GOOD
19632|9.0|44.0|28.444444444444443|0.0|False|False|False|False|0.6333333333333333|1.0|1.0|1.0|0.89|EXCELLENT
19633|6.0|60.0|27.666666666666668|0.0|False|False|False|False|0.5|1.0|1.0|1.0|0.85|EXCELLENT
19634|13.0|54.0|22.23076923076923|2.0|False|True|False|False|0.55|0.8461538461538461|1.0|1.0|0.8188461538461539|GOOD
19635|7.0|69.0|27.142857142857142|0.0|False|False|False|False|0.42500000000000004|1.0|1.0|1.0|0.8275|GOOD
19636|6.0|68.0|27.83333333333333|0.0|False|False|False|False|0.43333333333333335|1.0|1.0|1.0|0.83|GOOD
19637|18.0|28.0|17.833333333333332|1.0|False|True|False|False|0.7666666666666666|0.9444444444444444|1.0|1.0|0.9133333333333332|EXCELLENT
19638|6.0|38.0|28.33333333333333|0.0|False|False|False|False|0.6833333333333333|1.0|1.0|1.0|0.9049999999999999|EXCELLENT
19639|12.0|68.0|26.33333333333333|0.0|False|False|False|False|0.43333333333333335|1.0|1.0|1.0|0.83|GOOD
19640|13.0|80.0|29.0|0.0|False|False|False|False|0.33333333333333337|1.0|1.0|1.0|0.7999999999999999|GOOD
19641|9.0|29.0|17.333333333333332|1.0|False|True|False|False|0.7583333333333333|0.8888888888888888|1.0|1.0|0.8941666666666667|EXCELLENT
19642|18.0|32.0|18.38888888888889|1.0|False|True|False|False|0.7333333333333334|0.9444444444444444|1.0|1.0|0.9033333333333332|EXCELLENT
19643|9.0|34.0|17.11111111111111|1.0|False|True|False|False|0.7166666666666667|0.8888888888888888|1.0|1.0|0.8816666666666667|EXCELLENT
19644|13.0|29.0|17.615384615384617|1.0|False|True|False|False|0.7583333333333333|0.9230769230769231|1.0|1.0|0.9044230769230769|EXCELLENT
19645|12.0|37.0|25.58333333333333|3.0|False|True|False|False|0.6916666666666667|0.75|1.0|1.0|0.8324999999999999|GOOD
19646|9.0|38.0|20.0|0.0|False|False|False|False|0.6833333333333333|1.0|1.0|1.0|0.9049999999999999|EXCELLENT
19647|10.0|67.0|25.8|0.0|False|False|False|False|0.44166666666666665|1.0|1.0|1.0|0.8324999999999999|GOOD
19648|7.0|60.0|30.285714285714285|0.0|False|False|False|False|0.5|1.0|1.0|1.0|0.85|EXCELLENT
19649|3.0|94.0|65.66666666666667|0.0|True|False|False|False|0.21666666666666667|1.0|1.0|1.0|0.765|GOOD
19650|13.0|43.0|20.923076923076923|0.0|False|False|False|False|0.6416666666666666|1.0|1.0|1.0|0.8925|EXCELLENT
19651|5.0|80.0|41.8|0.0|False|False|False|False|0.33333333333333337|1.0|1.0|1.0|0.7999999999999999|GOOD
19652|12.0|29.0|18.0|0.0|False|False|False|False|0.7583333333333333|1.0|1.0|1.0|0.9274999999999999|EXCELLENT
19653|18.0|79.0|26.27777777777778|0.0|False|False|False|False|0.3416666666666667|1.0|1.0|1.0|0.8024999999999999|GOOD
19654|10.0|34.0|24.1|1.0|False|True|False|False|0.7166666666666667|0.9|1.0|1.0|0.8849999999999999|EXCELLENT
19655|11.0|38.0|19.272727272727277|0.0|False|False|False|False|0.6833333333333333|1.0|1.0|1.0|0.9049999999999999|EXCELLENT
19656|9.0|28.0|23.22222222222222|0.0|False|False|False|False|0.7666666666666666|1.0|1.0|1.0|0.93|EXCELLENT
19657|13.0|82.0|33.07692307692308|0.0|True|False|False|False|0.31666666666666665|1.0|1.0|1.0|0.7949999999999999|GOOD
19658|10.0|35.0|20.7|0.0|False|False|False|False|0.7083333333333333|1.0|1.0|1.0|0.9125|EXCELLENT
19659|8.0|37.0|23.875|0.0|False|False|False|False|0.6916666666666667|1.0|1.0|1.0|0.9074999999999999|EXCELLENT
19660|8.0|43.0|29.125|0.0|False|False|False|False|0.6416666666666666|1.0|1.0|1.0|0.8925|EXCELLENT
19661|7.0|35.0|25.571428571428573|0.0|False|False|False|False|0.7083333333333333|1.0|1.0|1.0|0.9125|EXCELLENT
19662|8.0|35.0|26.0|0.0|False|False|False|False|0.7083333333333333|1.0|1.0|1.0|0.9125|EXCELLENT
19663|6.0|74.0|38.66666666666666|0.0|False|False|False|False|0.3833333333333333|1.0|1.0|1.0|0.815|GOOD
19664|5.0|91.0|42.8|0.0|True|False|False|False|0.2416666666666667|1.0|1.0|1.0|0.7725|GOOD
19665|6.0|46.0|30.666666666666668|0.0|False|False|False|False|0.6166666666666667|1.0|1.0|1.0|0.8849999999999999|EXCELLENT
19666|7.0|37.0|24.285714285714285|0.0|False|False|False|False|0.6916666666666667|1.0|1.0|1.0|0.9074999999999999|EXCELLENT
19667|8.0|44.0|31.375|0.0|False|False|False|False|0.6333333333333333|1.0|1.0|1.0|0.89|EXCELLENT
19668|7.0|68.0|37.285714285714285|0.0|False|False|False|False|0.43333333333333335|1.0|1.0|1.0|0.83|GOOD
19669|7.0|56.0|25.285714285714285|0.0|False|False|False|False|0.5333333333333333|1.0|1.0|1.0|0.86|EXCELLENT
19670|8.0|38.0|28.625|0.0|False|False|False|False|0.6833333333333333|1.0|1.0|1.0|0.9049999999999999|EXCELLENT
19671|8.0|63.0|30.125|0.0|False|False|False|False|0.475|1.0|1.0|1.0|0.8424999999999999|GOOD
19672|7.0|74.0|33.42857142857143|0.0|False|False|False|False|0.3833333333333333|1.0|1.0|1.0|0.815|GOOD
19673|8.0|68.0|28.875|0.0|False|False|False|False|0.43333333333333335|1.0|1.0|1.0|0.83|GOOD
19674|8.0|47.0|32.875|0.0|False|False|False|False|0.6083333333333334|1.0|1.0|1.0|0.8825|EXCELLENT
19675|7.0|47.0|25.571428571428573|0.0|False|False|False|False|0.6083333333333334|1.0|1.0|1.0|0.8825|EXCELLENT
19676|10.0|49.0|24.2|0.0|False|False|False|False|0.5916666666666667|1.0|1.0|1.0|0.8775|EXCELLENT
19677|12.0|41.0|22.666666666666668|0.0|False|False|False|False|0.6583333333333333|1.0|1.0|1.0|0.8974999999999999|EXCELLENT
19678|7.0|69.0|23.857142857142858|0.0|False|False|False|False|0.42500000000000004|1.0|1.0|1.0|0.8275|GOOD
19679|14.0|54.0|22.642857142857142|0.0|False|False|False|False|0.55|1.0|1.0|1.0|0.8649999999999999|EXCELLENT
19680|5.0|66.0|35.6|0.0|False|False|False|False|0.44999999999999996|1.0|1.0|1.0|0.8349999999999999|GOOD
19681|16.0|41.0|22.0625|0.0|False|False|False|False|0.6583333333333333|1.0|1.0|1.0|0.8974999999999999|EXCELLENT
19682|8.0|38.0|24.0|0.0|False|False|False|False|0.6833333333333333|1.0|1.0|1.0|0.9049999999999999|EXCELLENT
19684|9.0|48.0|28.444444444444443|0.0|False|False|False|False|0.6|1.0|1.0|1.0|0.88|EXCELLENT
19685|6.0|34.0|28.83333333333333|0.0|False|False|False|False|0.7166666666666667|1.0|1.0|1.0|0.9149999999999999|EXCELLENT
19686|14.0|34.0|22.0|1.0|False|True|False|False|0.7166666666666667|0.9285714285714286|1.0|1.0|0.8935714285714286|EXCELLENT
19688|9.0|65.0|30.0|0.0|False|False|False|False|0.45833333333333337|1.0|1.0|1.0|0.8375|GOOD
19689|11.0|44.0|25.363636363636363|1.0|False|True|False|False|0.6333333333333333|0.9090909090909091|1.0|1.0|0.8627272727272727|EXCELLENT
19690|15.0|50.0|22.6|1.0|False|True|False|False|0.5833333333333333|0.9333333333333333|1.0|1.0|0.8549999999999999|EXCELLENT
19691|6.0|33.0|26.33333333333333|0.0|False|False|False|False|0.725|1.0|1.0|1.0|0.9174999999999999|EXCELLENT
19692|8.0|42.0|25.375|0.0|False|False|False|False|0.65|1.0|1.0|1.0|0.8949999999999999|EXCELLENT
19693|13.0|41.0|23.384615384615383|0.0|False|False|False|False|0.6583333333333333|1.0|1.0|1.0|0.8974999999999999|EXCELLENT
19694|15.0|35.0|25.133333333333333|0.0|False|False|False|False|0.7083333333333333|1.0|1.0|1.0|0.9125|EXCELLENT
19695|7.0|76.0|36.57142857142857|0.0|False|False|False|False|0.3666666666666667|1.0|1.0|1.0|0.8099999999999999|GOOD
19696|8.0|54.0|27.25|0.0|False|False|False|False|0.55|1.0|1.0|1.0|0.8649999999999999|EXCELLENT
19697|5.0|56.0|37.6|0.0|False|False|False|False|0.5333333333333333|1.0|1.0|1.0|0.86|EXCELLENT
19699|12.0|57.0|27.58333333333333|1.0|False|True|False|False|0.525|0.9166666666666666|1.0|1.0|0.8324999999999999|GOOD
19700|13.0|46.0|23.0|0.0|False|False|False|False|0.6166666666666667|1.0|1.0|1.0|0.8849999999999999|EXCELLENT
19701|12.0|42.0|24.0|0.0|False|False|False|False|0.65|1.0|1.0|1.0|0.8949999999999999|EXCELLENT
19702|12.0|43.0|23.0|0.0|False|False|False|False|0.6416666666666666|1.0|1.0|1.0|0.8925|EXCELLENT
19704|11.0|84.0|33.72727272727273|0.0|True|False|False|False|0.30000000000000004|1.0|1.0|1.0|0.7899999999999999|GOOD
19706|12.0|38.0|18.75|1.0|False|True|False|False|0.6833333333333333|0.9166666666666666|1.0|1.0|0.88|EXCELLENT
19707|13.0|126.0|34.30769230769231|2.0|True|True|False|False|0.0|0.8461538461538461|1.0|1.0|0.6538461538461539|FAIR
19709|11.0|65.0|29.181818181818183|0.0|False|False|False|False|0.45833333333333337|1.0|1.0|1.0|0.8375|GOOD
19710|6.0|67.0|33.833333333333336|0.0|False|False|False|False|0.44166666666666665|1.0|1.0|1.0|0.8324999999999999|GOOD
19713|6.0|79.0|36.66666666666666|0.0|False|False|False|False|0.3416666666666667|1.0|1.0|1.0|0.8024999999999999|GOOD
19714|5.0|65.0|34.2|1.0|False|True|False|False|0.45833333333333337|0.8|1.0|1.0|0.7775|GOOD
19716|8.0|32.0|26.25|0.0|False|False|False|False|0.7333333333333334|1.0|1.0|1.0|0.92|EXCELLENT
19717|7.0|56.0|32.142857142857146|0.0|False|False|False|False|0.5333333333333333|1.0|1.0|1.0|0.86|EXCELLENT
19718|13.0|46.0|22.923076923076923|0.0|False|False|False|False|0.6166666666666667|1.0|1.0|1.0|0.8849999999999999|EXCELLENT
19719|9.0|43.0|20.11111111111111|1.0|False|True|False|False|0.6416666666666666|0.8888888888888888|1.0|1.0|0.8591666666666665|EXCELLENT
19720|9.0|41.0|27.11111111111111|0.0|False|False|False|False|0.6583333333333333|1.0|1.0|1.0|0.8974999999999999|EXCELLENT
19722|14.0|64.0|25.928571428571427|0.0|False|False|False|False|0.4666666666666667|1.0|1.0|1.0|0.84|GOOD
19723|8.0|52.0|24.375|0.0|False|False|False|False|0.5666666666666667|1.0|1.0|1.0|0.87|EXCELLENT
19724|6.0|52.0|24.666666666666668|0.0|False|False|False|False|0.5666666666666667|1.0|1.0|1.0|0.87|EXCELLENT
19726|9.0|34.0|20.22222222222222|1.0|False|True|False|False|0.7166666666666667|0.8888888888888888|1.0|1.0|0.8816666666666667|EXCELLENT
19727|9.0|43.0|25.444444444444443|0.0|False|False|False|False|0.6416666666666666|1.0|1.0|1.0|0.8925|EXCELLENT
19728|8.0|60.0|25.125|0.0|False|False|False|False|0.5|1.0|1.0|1.0|0.85|EXCELLENT
19729|7.0|44.0|28.142857142857142|0.0|False|False|False|False|0.6333333333333333|1.0|1.0|1.0|0.89|EXCELLENT
19730|9.0|33.0|19.77777777777778|1.0|False|True|False|False|0.725|0.8888888888888888|1.0|1.0|0.8841666666666667|EXCELLENT
19731|6.0|36.0|22.166666666666668|0.0|False|False|False|False|0.7|1.0|1.0|1.0|0.91|EXCELLENT
19732|8.0|59.0|30.25|0.0|False|False|False|False|0.5083333333333333|1.0|1.0|1.0|0.8524999999999999|EXCELLENT
19733|8.0|43.0|27.75|0.0|False|False|False|False|0.6416666666666666|1.0|1.0|1.0|0.8925|EXCELLENT
19734|9.0|44.0|24.55555555555556|0.0|False|False|False|False|0.6333333333333333|1.0|1.0|1.0|0.89|EXCELLENT
19736|9.0|63.0|30.33333333333333|0.0|False|False|False|False|0.475|1.0|1.0|1.0|0.8424999999999999|GOOD
19738|8.0|48.0|31.75|0.0|False|False|False|False|0.6|1.0|1.0|1.0|0.88|EXCELLENT
19739|10.0|60.0|25.2|0.0|False|False|False|False|0.5|1.0|1.0|1.0|0.85|EXCELLENT
19740|8.0|31.0|22.875|0.0|False|False|False|False|0.7416666666666667|1.0|1.0|1.0|0.9225|EXCELLENT
19741|7.0|78.0|27.0|0.0|False|False|False|False|0.35|1.0|1.0|1.0|0.8049999999999999|GOOD
19743|12.0|36.0|20.25|1.0|False|True|False|False|0.7|0.9166666666666666|1.0|1.0|0.8849999999999999|EXCELLENT
19745|6.0|43.0|24.5|0.0|False|False|False|False|0.6416666666666666|1.0|1.0|1.0|0.8925|EXCELLENT
19747|20.0|44.0|22.25|20.0|False|True|False|False|0.6333333333333333|0.0|1.0|1.0|0.59|FAIR
19748|12.0|39.0|23.58333333333333|12.0|False|True|False|False|0.675|0.0|1.0|1.0|0.6024999999999999|FAIR
19749|10.0|31.0|22.9|10.0|False|True|False|False|0.7416666666666667|0.0|1.0|1.0|0.6224999999999999|FAIR
19751|11.0|39.0|24.454545454545453|0.0|False|False|False|False|0.675|1.0|1.0|1.0|0.9025|EXCELLENT
19752|24.0|34.0|20.916666666666668|24.0|False|True|False|False|0.7166666666666667|0.0|1.0|1.0|0.615|FAIR
19753|12.0|37.0|21.25|12.0|False|True|False|False|0.6916666666666667|0.0|1.0|1.0|0.6074999999999999|FAIR
19754|11.0|32.0|19.09090909090909|0.0|False|False|False|False|0.7333333333333334|1.0|1.0|1.0|0.92|EXCELLENT
19755|17.0|62.0|23.823529411764707|17.0|False|True|False|False|0.4833333333333333|0.0|1.0|1.0|0.5449999999999999|FAIR
19756|7.0|51.0|28.285714285714285|7.0|False|True|False|False|0.575|0.0|1.0|1.0|0.5725|FAIR
19757|12.0|46.0|24.25|12.0|False|True|False|False|0.6166666666666667|0.0|1.0|1.0|0.585|FAIR
19758|9.0|42.0|29.0|9.0|False|True|False|False|0.65|0.0|1.0|1.0|0.595|FAIR
19759|11.0|40.0|23.09090909090909|11.0|False|True|False|False|0.6666666666666667|0.0|1.0|1.0|0.6|FAIR
19760|9.0|28.0|19.88888888888889|9.0|False|True|False|False|0.7666666666666666|0.0|1.0|1.0|0.63|FAIR
19761|10.0|36.0|25.0|0.0|False|False|False|False|0.7|1.0|1.0|1.0|0.91|EXCELLENT
19763|11.0|46.0|22.09090909090909|3.0|False|True|False|False|0.6166666666666667|0.7272727272727273|1.0|1.0|0.8031818181818181|GOOD
19764|9.0|47.0|29.77777777777778|0.0|False|False|False|False|0.6083333333333334|1.0|1.0|1.0|0.8825|EXCELLENT
19765|8.0|42.0|25.5|0.0|False|False|False|False|0.65|1.0|1.0|1.0|0.8949999999999999|EXCELLENT
19766|9.0|38.0|18.22222222222222|0.0|False|False|False|False|0.6833333333333333|1.0|1.0|1.0|0.9049999999999999|EXCELLENT
19767|6.0|75.0|35.166666666666664|0.0|False|False|False|False|0.375|1.0|1.0|1.0|0.8124999999999999|GOOD
19772|7.0|64.0|32.857142857142854|0.0|False|False|False|False|0.4666666666666667|1.0|1.0|1.0|0.84|GOOD
19773|10.0|30.0|20.9|0.0|False|False|False|False|0.75|1.0|1.0|1.0|0.9249999999999999|EXCELLENT
19775|8.0|38.0|18.75|0.0|False|False|False|False|0.6833333333333333|1.0|1.0|1.0|0.9049999999999999|EXCELLENT
19776|9.0|45.0|29.0|0.0|False|False|False|False|0.625|1.0|1.0|1.0|0.8875|EXCELLENT
19777|10.0|37.0|20.0|0.0|False|False|False|False|0.6916666666666667|1.0|1.0|1.0|0.9074999999999999|EXCELLENT
19778|8.0|46.0|26.875|0.0|False|False|False|False|0.6166666666666667|1.0|1.0|1.0|0.8849999999999999|EXCELLENT
19780|9.0|27.0|20.33333333333333|0.0|False|False|False|False|0.775|1.0|1.0|1.0|0.9325|EXCELLENT
19781|10.0|47.0|27.2|0.0|False|False|False|False|0.6083333333333334|1.0|1.0|1.0|0.8825|EXCELLENT
19782|11.0|36.0|24.363636363636363|0.0|False|False|False|False|0.7|1.0|1.0|1.0|0.91|EXCELLENT
19783|8.0|62.0|33.75|0.0|False|False|False|False|0.4833333333333333|1.0|1.0|1.0|0.8449999999999999|GOOD
19784|5.0|34.0|23.4|0.0|False|False|False|False|0.7166666666666667|1.0|1.0|1.0|0.9149999999999999|EXCELLENT
19785|12.0|66.0|23.08333333333333|1.0|False|True|False|False|0.44999999999999996|0.9166666666666666|1.0|1.0|0.8099999999999999|GOOD
19786|8.0|77.0|25.25|0.0|False|False|False|False|0.3583333333333333|1.0|1.0|1.0|0.8075|GOOD
19787|6.0|108.0|46.16666666666666|1.0|True|True|False|False|0.09999999999999998|0.8333333333333334|1.0|1.0|0.6799999999999999|FAIR
19789|8.0|41.0|22.125|0.0|False|False|False|False|0.6583333333333333|1.0|1.0|1.0|0.8974999999999999|EXCELLENT
19790|6.0|64.0|34.333333333333336|0.0|False|False|False|False|0.4666666666666667|1.0|1.0|1.0|0.84|GOOD
19791|8.0|66.0|24.5|0.0|False|False|False|False|0.44999999999999996|1.0|1.0|1.0|0.8349999999999999|GOOD
19793|12.0|70.0|28.166666666666668|0.0|False|False|False|False|0.41666666666666663|1.0|1.0|1.0|0.825|GOOD
19794|9.0|29.0|21.0|0.0|False|False|False|False|0.7583333333333333|1.0|1.0|1.0|0.9274999999999999|EXCELLENT
19795|11.0|52.0|23.181818181818183|0.0|False|False|False|False|0.5666666666666667|1.0|1.0|1.0|0.87|EXCELLENT
19798|5.0|42.0|28.8|0.0|False|False|False|False|0.65|1.0|1.0|1.0|0.8949999999999999|EXCELLENT
19799|10.0|45.0|16.8|1.0|False|True|False|False|0.625|0.9|1.0|1.0|0.8575|EXCELLENT
19800|8.0|55.0|28.875|0.0|False|False|False|False|0.5416666666666667|1.0|1.0|1.0|0.8624999999999999|EXCELLENT
19801|10.0|39.0|26.3|0.0|False|False|False|False|0.675|1.0|1.0|1.0|0.9025|EXCELLENT
19802|8.0|38.0|30.0|0.0|False|False|False|False|0.6833333333333333|1.0|1.0|1.0|0.9049999999999999|EXCELLENT
19803|13.0|44.0|23.07692307692308|1.0|False|True|False|False|0.6333333333333333|0.9230769230769231|1.0|1.0|0.8669230769230768|EXCELLENT
19804|5.0|40.0|30.8|1.0|False|True|False|False|0.6666666666666667|0.8|1.0|1.0|0.84|GOOD
19805|13.0|51.0|27.23076923076923|0.0|False|False|False|False|0.575|1.0|1.0|1.0|0.8724999999999999|EXCELLENT
19806|11.0|43.0|26.09090909090909|0.0|False|False|False|False|0.6416666666666666|1.0|1.0|1.0|0.8925|EXCELLENT
19808|11.0|72.0|28.0|0.0|False|False|False|False|0.4|1.0|1.0|1.0|0.82|GOOD
19809|8.0|45.0|27.5|0.0|False|False|False|False|0.625|1.0|1.0|1.0|0.8875|EXCELLENT
19810|10.0|35.0|22.3|0.0|False|False|False|False|0.7083333333333333|1.0|1.0|1.0|0.9125|EXCELLENT
19811|12.0|57.0|26.83333333333333|0.0|False|False|False|False|0.525|1.0|1.0|1.0|0.8575|EXCELLENT
19813|6.0|35.0|29.33333333333333|0.0|False|False|False|False|0.7083333333333333|1.0|1.0|1.0|0.9125|EXCELLENT
19814|11.0|47.0|25.09090909090909|0.0|False|False|False|False|0.6083333333333334|1.0|1.0|1.0|0.8825|EXCELLENT
19815|10.0|76.0|28.6|1.0|False|True|False|False|0.3666666666666667|0.9|1.0|1.0|0.7799999999999999|GOOD
19816|8.0|34.0|24.75|0.0|False|False|False|False|0.7166666666666667|1.0|1.0|1.0|0.9149999999999999|EXCELLENT
19817|10.0|39.0|27.8|0.0|False|False|False|False|0.675|1.0|1.0|1.0|0.9025|EXCELLENT
19818|12.0|29.0|19.0|12.0|False|True|False|False|0.7583333333333333|0.0|1.0|1.0|0.6275|FAIR
19819|13.0|53.0|26.46153846153846|13.0|False|True|False|False|0.5583333333333333|0.0|1.0|1.0|0.5675|FAIR
19820|10.0|61.0|27.2|10.0|False|True|False|False|0.4916666666666667|0.0|1.0|1.0|0.5475|FAIR
19821|10.0|38.0|20.6|10.0|False|True|False|False|0.6833333333333333|0.0|1.0|1.0|0.605|FAIR
19822|13.0|62.0|28.615384615384617|1.0|False|True|False|False|0.4833333333333333|0.9230769230769231|1.0|1.0|0.8219230769230769|GOOD
19823|7.0|39.0|22.142857142857142|0.0|False|False|False|False|0.675|1.0|1.0|1.0|0.9025|EXCELLENT
19824|6.0|60.0|31.5|1.0|False|True|False|False|0.5|0.8333333333333334|1.0|1.0|0.7999999999999999|GOOD
19827|9.0|53.0|32.55555555555556|0.0|False|False|False|False|0.5583333333333333|1.0|1.0|1.0|0.8675|EXCELLENT
19828|13.0|50.0|21.76923076923077|1.0|False|True|False|False|0.5833333333333333|0.9230769230769231|1.0|1.0|0.8519230769230769|EXCELLENT
19831|12.0|44.0|24.166666666666668|0.0|False|False|False|False|0.6333333333333333|1.0|1.0|1.0|0.89|EXCELLENT
19832|13.0|55.0|21.615384615384617|0.0|False|False|False|False|0.5416666666666667|1.0|1.0|1.0|0.8624999999999999|EXCELLENT
19833|10.0|53.0|28.5|0.0|False|False|False|False|0.5583333333333333|1.0|1.0|1.0|0.8675|EXCELLENT
19835|14.0|34.0|20.5|1.0|False|True|False|False|0.7166666666666667|0.9285714285714286|1.0|1.0|0.8935714285714286|EXCELLENT
19836|8.0|57.0|23.625|0.0|False|False|False|False|0.525|1.0|1.0|1.0|0.8575|EXCELLENT
19837|10.0|31.0|21.1|0.0|False|False|False|False|0.7416666666666667|1.0|1.0|1.0|0.9225|EXCELLENT
19840|7.0|40.0|29.0|0.0|False|False|False|False|0.6666666666666667|1.0|1.0|1.0|0.9|EXCELLENT
19841|10.0|26.0|19.5|0.0|False|False|False|False|0.7833333333333333|1.0|1.0|1.0|0.9349999999999999|EXCELLENT
19842|9.0|63.0|26.33333333333333|1.0|False|True|False|False|0.475|0.8888888888888888|1.0|1.0|0.8091666666666667|GOOD
19843|9.0|34.0|20.55555555555556|0.0|False|False|False|False|0.7166666666666667|1.0|1.0|1.0|0.9149999999999999|EXCELLENT
19845|13.0|40.0|19.46153846153846|1.0|False|True|False|False|0.6666666666666667|0.9230769230769231|1.0|1.0|0.8769230769230769|EXCELLENT
19846|13.0|46.0|21.23076923076923|0.0|False|False|False|False|0.6166666666666667|1.0|1.0|1.0|0.8849999999999999|EXCELLENT
19848|8.0|51.0|30.5|0.0|False|False|False|False|0.575|1.0|1.0|1.0|0.8724999999999999|EXCELLENT
19849|8.0|68.0|35.75|0.0|False|False|False|False|0.43333333333333335|1.0|1.0|1.0|0.83|GOOD
19852|10.0|52.0|26.2|1.0|False|True|False|False|0.5666666666666667|0.9|1.0|1.0|0.84|GOOD
19853|11.0|54.0|24.272727272727277|0.0|False|False|False|False|0.55|1.0|1.0|1.0|0.8649999999999999|EXCELLENT
19855|9.0|30.0|22.88888888888889|0.0|False|False|False|False|0.75|1.0|1.0|1.0|0.9249999999999999|EXCELLENT
19856|11.0|46.0|21.727272727272727|0.0|False|False|False|False|0.6166666666666667|1.0|1.0|1.0|0.8849999999999999|EXCELLENT
19857|13.0|37.0|23.307692307692307|1.0|False|True|False|False|0.6916666666666667|0.9230769230769231|1.0|1.0|0.8844230769230769|EXCELLENT
19859|6.0|115.0|43.16666666666666|0.0|True|False|False|False|0.04166666666666663|1.0|1.0|1.0|0.7125|GOOD
19860|10.0|52.0|27.3|1.0|False|True|False|False|0.5666666666666667|0.9|1.0|1.0|0.84|GOOD
19861|7.0|30.0|21.571428571428573|0.0|False|False|False|False|0.75|1.0|1.0|1.0|0.9249999999999999|EXCELLENT
19862|13.0|33.0|23.153846153846157|1.0|False|True|False|False|0.725|0.9230769230769231|1.0|1.0|0.8944230769230769|EXCELLENT
19863|12.0|40.0|22.83333333333333|1.0|False|True|False|False|0.6666666666666667|0.9166666666666666|1.0|1.0|0.8749999999999999|EXCELLENT
19864|10.0|35.0|24.3|0.0|False|False|False|False|0.7083333333333333|1.0|1.0|1.0|0.9125|EXCELLENT
19865|6.0|89.0|47.0|0.0|True|False|False|False|0.2583333333333333|1.0|1.0|1.0|0.7775|GOOD
19867|14.0|35.0|20.571428571428573|1.0|False|True|False|False|0.7083333333333333|0.9285714285714286|1.0|1.0|0.8910714285714285|EXCELLENT
19868|15.0|40.0|19.2|2.0|False|True|False|False|0.6666666666666667|0.8666666666666667|1.0|1.0|0.86|EXCELLENT
19870|11.0|41.0|23.0|1.0|False|True|False|False|0.6583333333333333|0.9090909090909091|1.0|1.0|0.8702272727272727|EXCELLENT
19871|11.0|52.0|26.0|2.0|False|True|False|False|0.5666666666666667|0.8181818181818181|1.0|1.0|0.8154545454545453|GOOD
19873|5.0|36.0|25.2|0.0|False|False|False|False|0.7|1.0|1.0|1.0|0.91|EXCELLENT
19874|11.0|59.0|26.363636363636363|0.0|False|False|False|False|0.5083333333333333|1.0|1.0|1.0|0.8524999999999999|EXCELLENT
19875|8.0|56.0|36.125|1.0|False|True|False|False|0.5333333333333333|0.875|1.0|1.0|0.8224999999999999|GOOD
19876|6.0|57.0|34.0|0.0|False|False|False|False|0.525|1.0|1.0|1.0|0.8575|EXCELLENT
19877|12.0|47.0|27.416666666666668|1.0|False|True|False|False|0.6083333333333334|0.9166666666666666|1.0|1.0|0.8575|EXCELLENT
19878|7.0|34.0|24.0|0.0|False|False|False|False|0.7166666666666667|1.0|1.0|1.0|0.9149999999999999|EXCELLENT
19879|7.0|34.0|26.857142857142858|0.0|False|False|False|False|0.7166666666666667|1.0|1.0|1.0|0.9149999999999999|EXCELLENT
19880|14.0|75.0|31.5|2.0|False|True|False|False|0.375|0.8571428571428572|1.0|1.0|0.7696428571428572|GOOD
19881|11.0|43.0|22.545454545454547|0.0|False|False|False|False|0.6416666666666666|1.0|1.0|1.0|0.8925|EXCELLENT
19882|7.0|39.0|24.142857142857142|0.0|False|False|False|False|0.675|1.0|1.0|1.0|0.9025|EXCELLENT
19883|8.0|31.0|20.625|0.0|False|False|False|False|0.7416666666666667|1.0|1.0|1.0|0.9225|EXCELLENT
19884|8.0|59.0|29.0|0.0|False|False|False|False|0.5083333333333333|1.0|1.0|1.0|0.8524999999999999|EXCELLENT
19886|9.0|43.0|28.0|0.0|False|False|False|False|0.6416666666666666|1.0|1.0|1.0|0.8925|EXCELLENT
19887|8.0|39.0|23.25|1.0|False|True|False|False|0.675|0.875|1.0|1.0|0.865|EXCELLENT
19888|7.0|69.0|31.428571428571427|0.0|False|False|False|False|0.42500000000000004|1.0|1.0|1.0|0.8275|GOOD
19889|8.0|62.0|37.0|0.0|False|False|False|False|0.4833333333333333|1.0|1.0|1.0|0.8449999999999999|GOOD
19890|11.0|44.0|26.727272727272727|1.0|False|True|False|False|0.6333333333333333|0.9090909090909091|1.0|1.0|0.8627272727272727|EXCELLENT
19891|9.0|44.0|24.33333333333333|0.0|False|False|False|False|0.6333333333333333|1.0|1.0|1.0|0.89|EXCELLENT
19892|6.0|50.0|30.666666666666668|0.0|False|False|False|False|0.5833333333333333|1.0|1.0|1.0|0.8749999999999999|EXCELLENT
19893|12.0|39.0|21.58333333333333|0.0|False|False|False|False|0.675|1.0|1.0|1.0|0.9025|EXCELLENT
19894|11.0|37.0|22.272727272727277|0.0|False|False|False|False|0.6916666666666667|1.0|1.0|1.0|0.9074999999999999|EXCELLENT
19895|8.0|48.0|29.375|1.0|False|True|False|False|0.6|0.875|1.0|1.0|0.8424999999999999|GOOD
19896|6.0|61.0|46.333333333333336|0.0|False|False|False|False|0.4916666666666667|1.0|1.0|1.0|0.8475|GOOD
19898|7.0|114.0|52.71428571428572|2.0|True|True|False|False|0.050000000000000044|0.7142857142857143|1.0|1.0|0.6292857142857142|FAIR
19899|9.0|79.0|37.22222222222222|2.0|False|True|False|False|0.3416666666666667|0.7777777777777778|1.0|1.0|0.7358333333333332|GOOD
19900|10.0|32.0|21.6|1.0|False|True|False|False|0.7333333333333334|0.9|1.0|1.0|0.89|EXCELLENT
19901|8.0|40.0|27.875|1.0|False|True|False|False|0.6666666666666667|0.875|1.0|1.0|0.8624999999999999|EXCELLENT
19902|10.0|43.0|26.7|0.0|False|False|False|False|0.6416666666666666|1.0|1.0|1.0|0.8925|EXCELLENT
19903|6.0|53.0|34.333333333333336|0.0|False|False|False|False|0.5583333333333333|1.0|1.0|1.0|0.8675|EXCELLENT
19904|8.0|56.0|26.375|0.0|False|False|False|False|0.5333333333333333|1.0|1.0|1.0|0.86|EXCELLENT
19905|5.0|83.0|31.2|0.0|True|False|False|False|0.30833333333333335|1.0|1.0|1.0|0.7924999999999999|GOOD
19906|7.0|40.0|30.428571428571427|0.0|False|False|False|False|0.6666666666666667|1.0|1.0|1.0|0.9|EXCELLENT
19907|8.0|37.0|29.625|0.0|False|False|False|False|0.6916666666666667|1.0|1.0|1.0|0.9074999999999999|EXCELLENT
19908|14.0|35.0|18.785714285714285|0.0|False|False|False|False|0.7083333333333333|1.0|1.0|1.0|0.9125|EXCELLENT
19909|9.0|39.0|29.444444444444443|0.0|False|False|False|False|0.675|1.0|1.0|1.0|0.9025|EXCELLENT
19910|10.0|45.0|22.2|0.0|False|False|False|False|0.625|1.0|1.0|1.0|0.8875|EXCELLENT
19911|7.0|32.0|27.571428571428573|0.0|False|False|False|False|0.7333333333333334|1.0|1.0|1.0|0.92|EXCELLENT
19912|14.0|36.0|23.142857142857142|0.0|False|False|False|False|0.7|1.0|1.0|1.0|0.91|EXCELLENT
19913|6.0|32.0|26.33333333333333|0.0|False|False|False|False|0.7333333333333334|1.0|1.0|1.0|0.92|EXCELLENT
19914|7.0|38.0|25.428571428571427|0.0|False|False|False|False|0.6833333333333333|1.0|1.0|1.0|0.9049999999999999|EXCELLENT
19915|8.0|43.0|23.125|0.0|False|False|False|False|0.6416666666666666|1.0|1.0|1.0|0.8925|EXCELLENT
19917|14.0|28.0|19.714285714285715|1.0|False|True|False|False|0.7666666666666666|0.9285714285714286|1.0|1.0|0.9085714285714285|EXCELLENT
19918|10.0|36.0|21.0|0.0|False|False|False|False|0.7|1.0|1.0|1.0|0.91|EXCELLENT
19919|13.0|102.0|36.38461538461539|0.0|True|False|False|False|0.15000000000000002|1.0|1.0|1.0|0.745|GOOD
19920|10.0|65.0|28.5|1.0|False|True|False|False|0.45833333333333337|0.9|1.0|1.0|0.8075|GOOD
19921|7.0|28.0|23.0|0.0|False|False|False|False|0.7666666666666666|1.0|1.0|1.0|0.93|EXCELLENT
19922|8.0|47.0|25.75|0.0|False|False|False|False|0.6083333333333334|1.0|1.0|1.0|0.8825|EXCELLENT
19923|10.0|38.0|25.5|1.0|False|True|False|False|0.6833333333333333|0.9|1.0|1.0|0.8749999999999999|EXCELLENT
19925|12.0|30.0|17.25|0.0|False|False|False|False|0.75|1.0|1.0|1.0|0.9249999999999999|EXCELLENT
19926|11.0|28.0|18.63636363636364|0.0|False|False|False|False|0.7666666666666666|1.0|1.0|1.0|0.93|EXCELLENT
19929|11.0|41.0|22.272727272727277|0.0|False|False|False|False|0.6583333333333333|1.0|1.0|1.0|0.8974999999999999|EXCELLENT
19930|9.0|31.0|18.22222222222222|1.0|False|True|False|False|0.7416666666666667|0.8888888888888888|1.0|1.0|0.8891666666666665|EXCELLENT
19931|10.0|32.0|22.2|0.0|False|False|False|False|0.7333333333333334|1.0|1.0|1.0|0.92|EXCELLENT
19932|8.0|47.0|23.375|1.0|False|True|False|False|0.6083333333333334|0.875|1.0|1.0|0.8450000000000001|GOOD
19933|7.0|58.0|33.142857142857146|0.0|False|False|False|False|0.5166666666666666|1.0|1.0|1.0|0.8549999999999999|EXCELLENT
19934|11.0|33.0|22.454545454545453|1.0|False|True|False|False|0.725|0.9090909090909091|1.0|1.0|0.8902272727272728|EXCELLENT
19937|10.0|39.0|24.3|0.0|False|False|False|False|0.675|1.0|1.0|1.0|0.9025|EXCELLENT
19938|10.0|40.0|24.3|0.0|False|False|False|False|0.6666666666666667|1.0|1.0|1.0|0.9|EXCELLENT
19939|6.0|37.0|25.666666666666668|0.0|False|False|False|False|0.6916666666666667|1.0|1.0|1.0|0.9074999999999999|EXCELLENT
19941|5.0|48.0|28.4|0.0|False|False|False|False|0.6|1.0|1.0|1.0|0.88|EXCELLENT
19942|11.0|58.0|24.0|0.0|False|False|False|False|0.5166666666666666|1.0|1.0|1.0|0.8549999999999999|EXCELLENT
19943|9.0|56.0|26.88888888888889|0.0|False|False|False|False|0.5333333333333333|1.0|1.0|1.0|0.86|EXCELLENT
19944|8.0|58.0|31.5|0.0|False|False|False|False|0.5166666666666666|1.0|1.0|1.0|0.8549999999999999|EXCELLENT
19947|8.0|55.0|27.625|0.0|False|False|False|False|0.5416666666666667|1.0|1.0|1.0|0.8624999999999999|EXCELLENT
19961|10.0|45.0|25.7|3.0|False|True|False|False|0.625|0.7|1.0|1.0|0.7975|GOOD
19965|8.0|35.0|25.25|1.0|False|True|False|False|0.7083333333333333|0.875|1.0|1.0|0.8749999999999999|EXCELLENT
19977|6.0|46.0|27.83333333333333|2.0|False|True|False|False|0.6166666666666667|0.6666666666666667|1.0|1.0|0.785|GOOD
19989|7.0|67.0|28.857142857142858|0.0|False|False|False|False|0.44166666666666665|1.0|1.0|1.0|0.8324999999999999|GOOD
19990|10.0|36.0|23.8|0.0|False|False|False|False|0.7|1.0|1.0|1.0|0.91|EXCELLENT
19993|13.0|50.0|21.384615384615383|0.0|False|False|False|False|0.5833333333333333|1.0|1.0|1.0|0.8749999999999999|EXCELLENT
19996|9.0|74.0|23.666666666666668|1.0|False|True|False|False|0.3833333333333333|0.8888888888888888|1.0|1.0|0.7816666666666666|GOOD
19997|10.0|54.0|24.6|0.0|False|False|False|False|0.55|1.0|1.0|1.0|0.8649999999999999|EXCELLENT
19998|10.0|82.0|25.6|1.0|True|True|False|False|0.31666666666666665|0.9|1.0|1.0|0.765|GOOD
19999|15.0|39.0|19.933333333333334|3.0|False|True|False|False|0.675|0.8|1.0|1.0|0.8424999999999999|GOOD
20000|14.0|43.0|19.357142857142858|1.0|False|True|False|False|0.6416666666666666|0.9285714285714286|1.0|1.0|0.8710714285714286|EXCELLENT
20002|12.0|33.0|18.33333333333333|1.0|False|True|False|False|0.725|0.9166666666666666|1.0|1.0|0.8925|EXCELLENT
20004|11.0|49.0|25.363636363636363|1.0|False|True|False|False|0.5916666666666667|0.9090909090909091|1.0|1.0|0.8502272727272727|EXCELLENT
20005|13.0|44.0|21.46153846153846|0.0|False|False|False|False|0.6333333333333333|1.0|1.0|1.0|0.89|EXCELLENT
20006|13.0|45.0|20.923076923076923|0.0|False|False|False|False|0.625|1.0|1.0|1.0|0.8875|EXCELLENT
20007|8.0|87.0|31.25|0.0|True|False|False|False|0.275|1.0|1.0|1.0|0.7825|GOOD
20008|15.0|40.0|19.933333333333334|1.0|False|True|False|False|0.6666666666666667|0.9333333333333333|1.0|1.0|0.88|EXCELLENT
20019|10.0|62.0|26.8|2.0|False|True|False|False|0.4833333333333333|0.8|1.0|1.0|0.785|GOOD
20030|9.0|27.0|20.0|0.0|False|False|False|False|0.775|1.0|1.0|1.0|0.9325|EXCELLENT
20031|8.0|103.0|35.0|0.0|True|False|False|False|0.14166666666666672|1.0|1.0|1.0|0.7425|GOOD
20032|7.0|55.0|37.42857142857143|0.0|False|False|False|False|0.5416666666666667|1.0|1.0|1.0|0.8624999999999999|EXCELLENT
20033|9.0|70.0|30.77777777777778|0.0|False|False|False|False|0.41666666666666663|1.0|1.0|1.0|0.825|GOOD
20034|8.0|41.0|20.625|0.0|False|False|False|False|0.6583333333333333|1.0|1.0|1.0|0.8974999999999999|EXCELLENT
20035|7.0|37.0|25.285714285714285|0.0|False|False|False|False|0.6916666666666667|1.0|1.0|1.0|0.9074999999999999|EXCELLENT
20036|10.0|36.0|27.2|1.0|False|True|False|False|0.7|0.9|1.0|1.0|0.88|EXCELLENT
20037|18.0|104.0|24.666666666666668|3.0|True|True|False|False|0.1333333333333333|0.8333333333333334|1.0|1.0|0.69|FAIR
20038|8.0|34.0|22.875|0.0|False|False|False|False|0.7166666666666667|1.0|1.0|1.0|0.9149999999999999|EXCELLENT
20039|7.0|50.0|30.285714285714285|0.0|False|False|False|False|0.5833333333333333|1.0|1.0|1.0|0.8749999999999999|EXCELLENT
20040|5.0|30.0|20.8|1.0|False|True|False|False|0.75|0.8|1.0|1.0|0.8649999999999999|EXCELLENT
20041|7.0|35.0|23.428571428571427|0.0|False|False|False|False|0.7083333333333333|1.0|1.0|1.0|0.9125|EXCELLENT
20042|5.0|67.0|36.6|0.0|False|False|False|False|0.44166666666666665|1.0|1.0|1.0|0.8324999999999999|GOOD
20043|7.0|42.0|28.857142857142858|0.0|False|False|False|False|0.65|1.0|1.0|1.0|0.8949999999999999|EXCELLENT
20044|6.0|32.0|22.666666666666668|0.0|False|False|False|False|0.7333333333333334|1.0|1.0|1.0|0.92|EXCELLENT
20045|7.0|52.0|29.714285714285715|0.0|False|False|False|False|0.5666666666666667|1.0|1.0|1.0|0.87|EXCELLENT
20046|6.0|70.0|33.166666666666664|0.0|False|False|False|False|0.41666666666666663|1.0|1.0|1.0|0.825|GOOD
20047|11.0|58.0|23.454545454545453|2.0|False|True|False|False|0.5166666666666666|0.8181818181818181|1.0|1.0|0.8004545454545454|GOOD
20048|10.0|35.0|24.0|1.0|False|True|False|False|0.7083333333333333|0.9|1.0|1.0|0.8825|EXCELLENT
20049|17.0|49.0|20.0|1.0|False|True|False|False|0.5916666666666667|0.9411764705882353|1.0|1.0|0.8598529411764705|EXCELLENT
20050|9.0|47.0|29.33333333333333|0.0|False|False|False|False|0.6083333333333334|1.0|1.0|1.0|0.8825|EXCELLENT
20051|6.0|53.0|25.166666666666668|0.0|False|False|False|False|0.5583333333333333|1.0|1.0|1.0|0.8675|EXCELLENT
20052|6.0|62.0|24.83333333333333|0.0|False|False|False|False|0.4833333333333333|1.0|1.0|1.0|0.8449999999999999|GOOD
20053|14.0|63.0|30.5|1.0|False|True|False|False|0.475|0.9285714285714286|1.0|1.0|0.8210714285714286|GOOD
20054|7.0|38.0|23.571428571428573|0.0|False|False|False|False|0.6833333333333333|1.0|1.0|1.0|0.9049999999999999|EXCELLENT
20055|13.0|62.0|21.692307692307693|0.0|False|False|False|False|0.4833333333333333|1.0|1.0|1.0|0.8449999999999999|GOOD
20056|9.0|64.0|28.444444444444443|0.0|False|False|False|False|0.4666666666666667|1.0|1.0|1.0|0.84|GOOD
20058|3.0|75.0|54.333333333333336|0.0|False|False|False|False|0.375|1.0|1.0|1.0|0.8124999999999999|GOOD
20059|7.0|69.0|37.285714285714285|0.0|False|False|False|False|0.42500000000000004|1.0|1.0|1.0|0.8275|GOOD
20060|12.0|61.0|26.916666666666668|0.0|False|False|False|False|0.4916666666666667|1.0|1.0|1.0|0.8475|GOOD
20061|6.0|54.0|34.0|0.0|False|False|False|False|0.55|1.0|1.0|1.0|0.8649999999999999|EXCELLENT
20062|5.0|51.0|29.0|0.0|False|False|False|False|0.575|1.0|1.0|1.0|0.8724999999999999|EXCELLENT
20064|11.0|42.0|21.545454545454547|0.0|False|False|False|False|0.65|1.0|1.0|1.0|0.8949999999999999|EXCELLENT
20065|14.0|33.0|20.785714285714285|0.0|False|False|False|False|0.725|1.0|1.0|1.0|0.9174999999999999|EXCELLENT
20066|7.0|95.0|26.142857142857142|1.0|True|True|False|False|0.20833333333333337|0.8571428571428572|1.0|1.0|0.7196428571428571|GOOD
20067|9.0|72.0|28.88888888888889|0.0|False|False|False|False|0.4|1.0|1.0|1.0|0.82|GOOD
20068|6.0|67.0|24.666666666666668|1.0|False|True|False|False|0.44166666666666665|0.8333333333333334|1.0|1.0|0.7824999999999999|GOOD
20069|11.0|37.0|24.181818181818183|0.0|False|False|False|False|0.6916666666666667|1.0|1.0|1.0|0.9074999999999999|EXCELLENT
20070|5.0|104.0|56.4|0.0|True|False|False|False|0.1333333333333333|1.0|1.0|1.0|0.7399999999999999|GOOD
20073|9.0|35.0|22.11111111111111|0.0|False|False|False|False|0.7083333333333333|1.0|1.0|1.0|0.9125|EXCELLENT
20075|11.0|41.0|21.272727272727277|0.0|False|False|False|False|0.6583333333333333|1.0|1.0|1.0|0.8974999999999999|EXCELLENT
20076|6.0|51.0|31.0|0.0|False|False|False|False|0.575|1.0|1.0|1.0|0.8724999999999999|EXCELLENT
20077|12.0|34.0|22.33333333333333|0.0|False|False|False|False|0.7166666666666667|1.0|1.0|1.0|0.9149999999999999|EXCELLENT
20078|7.0|41.0|31.714285714285715|0.0|False|False|False|False|0.6583333333333333|1.0|1.0|1.0|0.8974999999999999|EXCELLENT
20079|8.0|37.0|24.0|0.0|False|False|False|False|0.6916666666666667|1.0|1.0|1.0|0.9074999999999999|EXCELLENT
20081|11.0|29.0|20.181818181818183|1.0|False|True|False|False|0.7583333333333333|0.9090909090909091|1.0|1.0|0.9002272727272728|EXCELLENT
20082|10.0|42.0|25.2|0.0|False|False|False|False|0.65|1.0|1.0|1.0|0.8949999999999999|EXCELLENT
20083|6.0|59.0|34.833333333333336|0.0|False|False|False|False|0.5083333333333333|1.0|1.0|1.0|0.8524999999999999|EXCELLENT
20084|7.0|75.0|32.142857142857146|0.0|False|False|False|False|0.375|1.0|1.0|1.0|0.8124999999999999|GOOD
20085|8.0|34.0|23.0|0.0|False|False|False|False|0.7166666666666667|1.0|1.0|1.0|0.9149999999999999|EXCELLENT
20087|8.0|55.0|32.75|0.0|False|False|False|False|0.5416666666666667|1.0|1.0|1.0|0.8624999999999999|EXCELLENT
20088|6.0|44.0|29.83333333333333|0.0|False|False|False|False|0.6333333333333333|1.0|1.0|1.0|0.89|EXCELLENT
20089|8.0|30.0|21.0|0.0|False|False|False|False|0.75|1.0|1.0|1.0|0.9249999999999999|EXCELLENT
20090|7.0|32.0|23.285714285714285|0.0|False|False|False|False|0.7333333333333334|1.0|1.0|1.0|0.92|EXCELLENT
20091|10.0|30.0|23.2|0.0|False|False|False|False|0.75|1.0|1.0|1.0|0.9249999999999999|EXCELLENT
20092|5.0|51.0|25.4|0.0|False|False|False|False|0.575|1.0|1.0|1.0|0.8724999999999999|EXCELLENT
20093|8.0|55.0|19.75|0.0|False|False|False|False|0.5416666666666667|1.0|1.0|1.0|0.8624999999999999|EXCELLENT
20094|7.0|40.0|22.0|0.0|False|False|False|False|0.6666666666666667|1.0|1.0|1.0|0.9|EXCELLENT
20095|8.0|37.0|22.625|0.0|False|False|False|False|0.6916666666666667|1.0|1.0|1.0|0.9074999999999999|EXCELLENT
20096|7.0|59.0|28.285714285714285|0.0|False|False|False|False|0.5083333333333333|1.0|1.0|1.0|0.8524999999999999|EXCELLENT
20097|11.0|39.0|20.727272727272727|0.0|False|False|False|False|0.675|1.0|1.0|1.0|0.9025|EXCELLENT
20098|9.0|59.0|24.0|0.0|False|False|False|False|0.5083333333333333|1.0|1.0|1.0|0.8524999999999999|EXCELLENT
20099|6.0|46.0|34.333333333333336|0.0|False|False|False|False|0.6166666666666667|1.0|1.0|1.0|0.8849999999999999|EXCELLENT
20103|11.0|50.0|22.09090909090909|0.0|False|False|False|False|0.5833333333333333|1.0|1.0|1.0|0.8749999999999999|EXCELLENT
20107|8.0|49.0|22.75|0.0|False|False|False|False|0.5916666666666667|1.0|1.0|1.0|0.8775|EXCELLENT
20108|9.0|38.0|23.88888888888889|0.0|False|False|False|False|0.6833333333333333|1.0|1.0|1.0|0.9049999999999999|EXCELLENT
20109|8.0|50.0|21.25|0.0|False|False|False|False|0.5833333333333333|1.0|1.0|1.0|0.8749999999999999|EXCELLENT
20110|11.0|39.0|17.454545454545453|1.0|False|True|False|False|0.675|0.9090909090909091|1.0|1.0|0.8752272727272726|EXCELLENT
20113|12.0|32.0|18.166666666666668|0.0|False|False|False|False|0.7333333333333334|1.0|1.0|1.0|0.92|EXCELLENT
20114|10.0|38.0|22.6|0.0|False|False|False|False|0.6833333333333333|1.0|1.0|1.0|0.9049999999999999|EXCELLENT
20115|6.0|86.0|29.5|1.0|True|True|False|False|0.2833333333333333|0.8333333333333334|1.0|1.0|0.735|GOOD
20116|13.0|28.0|16.0|1.0|False|True|False|False|0.7666666666666666|0.9230769230769231|1.0|1.0|0.9069230769230768|EXCELLENT
20117|12.0|25.0|19.08333333333333|0.0|False|False|False|False|0.7916666666666666|1.0|1.0|1.0|0.9374999999999999|EXCELLENT
20118|5.0|40.0|27.8|0.0|False|False|False|False|0.6666666666666667|1.0|1.0|1.0|0.9|EXCELLENT
20119|9.0|61.0|22.444444444444443|0.0|False|False|False|False|0.4916666666666667|1.0|1.0|1.0|0.8475|GOOD
20120|11.0|30.0|21.272727272727277|1.0|False|True|False|False|0.75|0.9090909090909091|1.0|1.0|0.8977272727272726|EXCELLENT
20122|7.0|35.0|23.714285714285715|0.0|False|False|False|False|0.7083333333333333|1.0|1.0|1.0|0.9125|EXCELLENT
20123|9.0|35.0|26.666666666666668|0.0|False|False|False|False|0.7083333333333333|1.0|1.0|1.0|0.9125|EXCELLENT
20124|11.0|45.0|23.181818181818183|0.0|False|False|False|False|0.625|1.0|1.0|1.0|0.8875|EXCELLENT
20125|6.0|66.0|38.5|0.0|False|False|False|False|0.44999999999999996|1.0|1.0|1.0|0.8349999999999999|GOOD
20126|11.0|38.0|26.0|0.0|False|False|False|False|0.6833333333333333|1.0|1.0|1.0|0.9049999999999999|EXCELLENT
20127|12.0|72.0|24.25|0.0|False|False|False|False|0.4|1.0|1.0|1.0|0.82|GOOD
20128|13.0|41.0|21.76923076923077|2.0|False|True|False|False|0.6583333333333333|0.8461538461538461|1.0|1.0|0.8513461538461539|EXCELLENT
20130|13.0|50.0|25.0|0.0|False|False|False|False|0.5833333333333333|1.0|1.0|1.0|0.8749999999999999|EXCELLENT
20131|11.0|30.0|18.272727272727277|0.0|False|False|False|False|0.75|1.0|1.0|1.0|0.9249999999999999|EXCELLENT
20133|11.0|33.0|21.63636363636364|0.0|False|False|False|False|0.725|1.0|1.0|1.0|0.9174999999999999|EXCELLENT
20134|10.0|67.0|30.4|0.0|False|False|False|False|0.44166666666666665|1.0|1.0|1.0|0.8324999999999999|GOOD
20135|7.0|72.0|28.857142857142858|0.0|False|False|False|False|0.4|1.0|1.0|1.0|0.82|GOOD
20136|11.0|34.0|21.181818181818183|0.0|False|False|False|False|0.7166666666666667|1.0|1.0|1.0|0.9149999999999999|EXCELLENT
20137|9.0|32.0|23.444444444444443|0.0|False|False|False|False|0.7333333333333334|1.0|1.0|1.0|0.92|EXCELLENT
20138|11.0|28.0|18.545454545454547|1.0|False|True|False|False|0.7666666666666666|0.9090909090909091|1.0|1.0|0.9027272727272727|EXCELLENT
20139|9.0|32.0|25.22222222222222|0.0|False|False|False|False|0.7333333333333334|1.0|1.0|1.0|0.92|EXCELLENT
20140|8.0|29.0|16.0|0.0|False|False|False|False|0.7583333333333333|1.0|1.0|1.0|0.9274999999999999|EXCELLENT
20141|10.0|93.0|27.5|0.0|True|False|False|False|0.22499999999999998|1.0|1.0|1.0|0.7675|GOOD
20142|6.0|57.0|39.66666666666666|0.0|False|False|False|False|0.525|1.0|1.0|1.0|0.8575|EXCELLENT
20143|10.0|40.0|20.3|0.0|False|False|False|False|0.6666666666666667|1.0|1.0|1.0|0.9|EXCELLENT
20144|11.0|32.0|19.545454545454547|0.0|False|False|False|False|0.7333333333333334|1.0|1.0|1.0|0.92|EXCELLENT
20145|10.0|36.0|22.4|1.0|False|True|False|False|0.7|0.9|1.0|1.0|0.88|EXCELLENT
20146|9.0|32.0|25.444444444444443|0.0|False|False|False|False|0.7333333333333334|1.0|1.0|1.0|0.92|EXCELLENT
20147|12.0|35.0|22.33333333333333|0.0|False|False|False|False|0.7083333333333333|1.0|1.0|1.0|0.9125|EXCELLENT
20148|8.0|47.0|30.25|0.0|False|False|False|False|0.6083333333333334|1.0|1.0|1.0|0.8825|EXCELLENT
20151|9.0|38.0|27.22222222222222|1.0|False|True|False|False|0.6833333333333333|0.8888888888888888|1.0|1.0|0.8716666666666667|EXCELLENT
20152|7.0|42.0|35.0|0.0|False|False|False|False|0.65|1.0|1.0|1.0|0.8949999999999999|EXCELLENT
20153|5.0|41.0|32.6|0.0|False|False|False|False|0.6583333333333333|1.0|1.0|1.0|0.8974999999999999|EXCELLENT
20154|6.0|40.0|32.166666666666664|0.0|False|False|False|False|0.6666666666666667|1.0|1.0|1.0|0.9|EXCELLENT
20155|8.0|36.0|21.625|0.0|False|False|False|False|0.7|1.0|1.0|1.0|0.91|EXCELLENT
20156|9.0|23.0|20.33333333333333|0.0|False|False|False|False|0.8083333333333333|1.0|1.0|1.0|0.9425|EXCELLENT
20157|11.0|40.0|17.90909090909091|1.0|False|True|False|False|0.6666666666666667|0.9090909090909091|1.0|1.0|0.8727272727272727|EXCELLENT
20158|10.0|30.0|19.2|0.0|False|False|False|False|0.75|1.0|1.0|1.0|0.9249999999999999|EXCELLENT
20159|11.0|47.0|22.0|1.0|False|True|False|False|0.6083333333333334|0.9090909090909091|1.0|1.0|0.8552272727272726|EXCELLENT
20161|9.0|97.0|34.333333333333336|0.0|True|False|False|False|0.19166666666666665|1.0|1.0|1.0|0.7575|GOOD
20162|14.0|53.0|20.714285714285715|0.0|False|False|False|False|0.5583333333333333|1.0|1.0|1.0|0.8675|EXCELLENT
20163|10.0|53.0|26.0|0.0|False|False|False|False|0.5583333333333333|1.0|1.0|1.0|0.8675|EXCELLENT
20164|10.0|35.0|21.2|0.0|False|False|False|False|0.7083333333333333|1.0|1.0|1.0|0.9125|EXCELLENT
20165|9.0|77.0|26.55555555555556|1.0|False|True|False|False|0.3583333333333333|0.8888888888888888|1.0|1.0|0.7741666666666666|GOOD
20167|9.0|47.0|24.0|1.0|False|True|False|False|0.6083333333333334|0.8888888888888888|1.0|1.0|0.8491666666666667|GOOD
20168|13.0|42.0|20.692307692307693|5.0|False|True|False|False|0.65|0.6153846153846154|1.0|1.0|0.7796153846153846|GOOD
20169|12.0|33.0|17.166666666666668|1.0|False|True|False|False|0.725|0.9166666666666666|1.0|1.0|0.8925|EXCELLENT
20170|4.0|43.0|29.0|0.0|False|False|False|False|0.6416666666666666|1.0|1.0|1.0|0.8925|EXCELLENT
20171|9.0|51.0|26.22222222222222|0.0|False|False|False|False|0.575|1.0|1.0|1.0|0.8724999999999999|EXCELLENT
20172|8.0|44.0|25.625|0.0|False|False|False|False|0.6333333333333333|1.0|1.0|1.0|0.89|EXCELLENT
20173|6.0|42.0|27.5|0.0|False|False|False|False|0.65|1.0|1.0|1.0|0.8949999999999999|EXCELLENT
20174|8.0|49.0|25.875|0.0|False|False|False|False|0.5916666666666667|1.0|1.0|1.0|0.8775|EXCELLENT
20175|10.0|44.0|25.4|0.0|False|False|False|False|0.6333333333333333|1.0|1.0|1.0|0.89|EXCELLENT
20176|7.0|64.0|33.42857142857143|0.0|False|False|False|False|0.4666666666666667|1.0|1.0|1.0|0.84|GOOD
20177|10.0|56.0|28.2|1.0|False|True|False|False|0.5333333333333333|0.9|1.0|1.0|0.83|GOOD
20178|11.0|54.0|28.63636363636364|0.0|False|False|False|False|0.55|1.0|1.0|1.0|0.8649999999999999|EXCELLENT
20179|12.0|58.0|23.83333333333333|0.0|False|False|False|False|0.5166666666666666|1.0|1.0|1.0|0.8549999999999999|EXCELLENT
20180|12.0|48.0|26.58333333333333|0.0|False|False|False|False|0.6|1.0|1.0|1.0|0.88|EXCELLENT
20181|10.0|36.0|22.5|0.0|False|False|False|False|0.7|1.0|1.0|1.0|0.91|EXCELLENT
20182|12.0|46.0|28.25|1.0|False|True|False|False|0.6166666666666667|0.9166666666666666|1.0|1.0|0.86|EXCELLENT
20183|15.0|38.0|19.066666666666663|3.0|False|True|False|False|0.6833333333333333|0.8|1.0|1.0|0.8449999999999999|GOOD
20184|10.0|31.0|22.1|0.0|False|False|False|False|0.7416666666666667|1.0|1.0|1.0|0.9225|EXCELLENT
20186|14.0|38.0|21.857142857142858|1.0|False|True|False|False|0.6833333333333333|0.9285714285714286|1.0|1.0|0.8835714285714286|EXCELLENT
20187|10.0|42.0|28.2|0.0|False|False|False|False|0.65|1.0|1.0|1.0|0.8949999999999999|EXCELLENT
20188|15.0|91.0|24.066666666666663|1.0|True|True|False|False|0.2416666666666667|0.9333333333333333|1.0|1.0|0.7525|GOOD
20189|8.0|41.0|28.875|1.0|False|True|False|False|0.6583333333333333|0.875|1.0|1.0|0.86|EXCELLENT
20190|11.0|46.0|27.63636363636364|0.0|False|False|False|False|0.6166666666666667|1.0|1.0|1.0|0.8849999999999999|EXCELLENT
20191|8.0|61.0|30.75|0.0|False|False|False|False|0.4916666666666667|1.0|1.0|1.0|0.8475|GOOD
20192|11.0|34.0|22.272727272727277|0.0|False|False|False|False|0.7166666666666667|1.0|1.0|1.0|0.9149999999999999|EXCELLENT
20193|8.0|48.0|30.5|0.0|False|False|False|False|0.6|1.0|1.0|1.0|0.88|EXCELLENT
20194|6.0|61.0|27.33333333333333|0.0|False|False|False|False|0.4916666666666667|1.0|1.0|1.0|0.8475|GOOD
20195|3.0|117.0|51.66666666666666|0.0|True|False|False|False|0.025000000000000022|1.0|1.0|1.0|0.7074999999999999|GOOD
20196|11.0|42.0|26.454545454545453|0.0|False|False|False|False|0.65|1.0|1.0|1.0|0.8949999999999999|EXCELLENT
20197|10.0|74.0|23.2|10.0|False|True|False|False|0.3833333333333333|0.0|1.0|1.0|0.515|FAIR
20198|18.0|38.0|22.5|18.0|False|True|False|False|0.6833333333333333|0.0|1.0|1.0|0.605|FAIR
20199|9.0|41.0|26.11111111111111|9.0|False|True|False|False|0.6583333333333333|0.0|1.0|1.0|0.5974999999999999|FAIR
20200|10.0|36.0|20.5|10.0|False|True|False|False|0.7|0.0|1.0|1.0|0.61|FAIR
20202|12.0|42.0|25.33333333333333|0.0|False|False|False|False|0.65|1.0|1.0|1.0|0.8949999999999999|EXCELLENT
20203|9.0|40.0|22.22222222222222|0.0|False|False|False|False|0.6666666666666667|1.0|1.0|1.0|0.9|EXCELLENT
20205|5.0|42.0|32.8|0.0|False|False|False|False|0.65|1.0|1.0|1.0|0.8949999999999999|EXCELLENT
20206|9.0|30.0|19.666666666666668|0.0|False|False|False|False|0.75|1.0|1.0|1.0|0.9249999999999999|EXCELLENT
20207|9.0|30.0|19.11111111111111|0.0|False|False|False|False|0.75|1.0|1.0|1.0|0.9249999999999999|EXCELLENT
20208|8.0|38.0|21.75|0.0|False|False|False|False|0.6833333333333333|1.0|1.0|1.0|0.9049999999999999|EXCELLENT
20209|6.0|37.0|23.0|1.0|False|True|False|False|0.6916666666666667|0.8333333333333334|1.0|1.0|0.8575|EXCELLENT
20210|7.0|31.0|23.571428571428573|1.0|False|True|False|False|0.7416666666666667|0.8571428571428572|1.0|1.0|0.8796428571428571|EXCELLENT
20211|9.0|93.0|28.666666666666668|0.0|True|False|False|False|0.22499999999999998|1.0|1.0|1.0|0.7675|GOOD
20212|10.0|38.0|24.3|0.0|False|False|False|False|0.6833333333333333|1.0|1.0|1.0|0.9049999999999999|EXCELLENT
20213|9.0|41.0|20.77777777777778|0.0|False|False|False|False|0.6583333333333333|1.0|1.0|1.0|0.8974999999999999|EXCELLENT
20214|6.0|50.0|32.333333333333336|0.0|False|False|False|False|0.5833333333333333|1.0|1.0|1.0|0.8749999999999999|EXCELLENT
20215|10.0|46.0|25.6|0.0|False|False|False|False|0.6166666666666667|1.0|1.0|1.0|0.8849999999999999|EXCELLENT
20217|7.0|50.0|40.142857142857146|0.0|False|False|False|False|0.5833333333333333|1.0|1.0|1.0|0.8749999999999999|EXCELLENT
20219|7.0|43.0|29.714285714285715|0.0|False|False|False|False|0.6416666666666666|1.0|1.0|1.0|0.8925|EXCELLENT
20220|7.0|47.0|27.142857142857142|0.0|False|False|False|False|0.6083333333333334|1.0|1.0|1.0|0.8825|EXCELLENT
20221|3.0|60.0|39.0|0.0|False|False|False|False|0.5|1.0|1.0|1.0|0.85|EXCELLENT
20222|7.0|57.0|26.857142857142858|0.0|False|False|False|False|0.525|1.0|1.0|1.0|0.8575|EXCELLENT
20224|4.0|65.0|37.5|0.0|False|False|False|False|0.45833333333333337|1.0|1.0|1.0|0.8375|GOOD
20226|6.0|53.0|27.5|0.0|False|False|False|False|0.5583333333333333|1.0|1.0|1.0|0.8675|EXCELLENT
20227|3.0|60.0|43.66666666666666|0.0|False|False|False|False|0.5|1.0|1.0|1.0|0.85|EXCELLENT
20229|9.0|37.0|17.444444444444443|2.0|False|True|False|False|0.6916666666666667|0.7777777777777778|1.0|1.0|0.8408333333333332|GOOD
20230|5.0|45.0|35.4|0.0|False|False|False|False|0.625|1.0|1.0|1.0|0.8875|EXCELLENT
20231|8.0|31.0|21.75|0.0|False|False|False|False|0.7416666666666667|1.0|1.0|1.0|0.9225|EXCELLENT
20233|5.0|59.0|40.4|1.0|False|True|False|False|0.5083333333333333|0.8|1.0|1.0|0.7924999999999999|GOOD
20234|18.0|30.0|18.0|0.0|False|False|False|False|0.75|1.0|1.0|1.0|0.9249999999999999|EXCELLENT
20235|9.0|57.0|21.666666666666668|3.0|False|True|False|False|0.525|0.6666666666666667|1.0|1.0|0.7575|GOOD
20236|7.0|41.0|25.285714285714285|0.0|False|False|False|False|0.6583333333333333|1.0|1.0|1.0|0.8974999999999999|EXCELLENT
20237|6.0|42.0|24.33333333333333|0.0|False|False|False|False|0.65|1.0|1.0|1.0|0.8949999999999999|EXCELLENT
20239|3.0|104.0|54.333333333333336|0.0|True|False|False|False|0.1333333333333333|1.0|1.0|1.0|0.7399999999999999|GOOD
20240|9.0|77.0|38.22222222222222|0.0|False|False|False|False|0.3583333333333333|1.0|1.0|1.0|0.8075|GOOD
20241|6.0|36.0|23.0|0.0|False|False|False|False|0.7|1.0|1.0|1.0|0.91|EXCELLENT
20242|8.0|45.0|21.25|0.0|False|False|False|False|0.625|1.0|1.0|1.0|0.8875|EXCELLENT
20243|12.0|25.0|14.583333333333334|2.0|False|True|False|False|0.7916666666666666|0.8333333333333334|1.0|1.0|0.8875|EXCELLENT
20245|6.0|43.0|27.33333333333333|1.0|False|True|False|False|0.6416666666666666|0.8333333333333334|1.0|1.0|0.8424999999999999|GOOD
20246|4.0|69.0|40.5|0.0|False|False|False|False|0.42500000000000004|1.0|1.0|1.0|0.8275|GOOD
20248|4.0|30.0|21.25|0.0|False|False|False|False|0.75|1.0|1.0|1.0|0.9249999999999999|EXCELLENT
20249|6.0|38.0|26.33333333333333|0.0|False|False|False|False|0.6833333333333333|1.0|1.0|1.0|0.9049999999999999|EXCELLENT
20251|6.0|52.0|28.5|0.0|False|False|False|False|0.5666666666666667|1.0|1.0|1.0|0.87|EXCELLENT
20254|9.0|19.0|12.0|3.0|False|True|False|False|0.8416666666666667|0.6666666666666667|1.0|1.0|0.8524999999999999|EXCELLENT
20255|5.0|104.0|32.4|1.0|True|True|False|False|0.1333333333333333|0.8|1.0|1.0|0.6799999999999999|FAIR
20256|9.0|35.0|19.77777777777778|0.0|False|False|False|False|0.7083333333333333|1.0|1.0|1.0|0.9125|EXCELLENT
20257|6.0|24.0|16.833333333333332|1.0|False|True|False|False|0.8|0.8333333333333334|1.0|1.0|0.89|EXCELLENT
20258|7.0|41.0|23.857142857142858|0.0|False|False|False|False|0.6583333333333333|1.0|1.0|1.0|0.8974999999999999|EXCELLENT
20259|12.0|46.0|23.416666666666668|0.0|False|False|False|False|0.6166666666666667|1.0|1.0|1.0|0.8849999999999999|EXCELLENT
20260|9.0|47.0|29.77777777777778|0.0|False|False|False|False|0.6083333333333334|1.0|1.0|1.0|0.8825|EXCELLENT
20261|12.0|36.0|21.666666666666668|0.0|False|False|False|False|0.7|1.0|1.0|1.0|0.91|EXCELLENT
20263|19.0|33.0|20.73684210526316|19.0|False|True|False|False|0.725|0.0|1.0|1.0|0.6174999999999999|FAIR
20264|13.0|41.0|21.692307692307693|13.0|False|True|False|False|0.6583333333333333|0.0|1.0|1.0|0.5974999999999999|FAIR
20265|23.0|36.0|21.782608695652176|1.0|False|True|False|False|0.7|0.9565217391304348|1.0|1.0|0.8969565217391303|EXCELLENT
20266|10.0|32.0|19.1|1.0|False|True|False|False|0.7333333333333334|0.9|1.0|1.0|0.89|EXCELLENT
20267|23.0|70.0|33.21739130434783|0.0|False|False|False|False|0.41666666666666663|1.0|1.0|1.0|0.825|GOOD
20268|10.0|68.0|29.5|0.0|False|False|False|False|0.43333333333333335|1.0|1.0|1.0|0.83|GOOD
20269|13.0|51.0|26.76923076923077|1.0|False|True|False|False|0.575|0.9230769230769231|1.0|1.0|0.849423076923077|GOOD
20271|6.0|84.0|47.66666666666666|0.0|True|False|False|False|0.30000000000000004|1.0|1.0|1.0|0.7899999999999999|GOOD
20272|13.0|34.0|20.307692307692307|0.0|False|False|False|False|0.7166666666666667|1.0|1.0|1.0|0.9149999999999999|EXCELLENT
20273|13.0|37.0|20.692307692307693|1.0|False|True|False|False|0.6916666666666667|0.9230769230769231|1.0|1.0|0.8844230769230769|EXCELLENT
20274|7.0|62.0|31.857142857142858|1.0|False|True|False|False|0.4833333333333333|0.8571428571428572|1.0|1.0|0.8021428571428572|GOOD
20275|10.0|38.0|21.1|0.0|False|False|False|False|0.6833333333333333|1.0|1.0|1.0|0.9049999999999999|EXCELLENT
20276|7.0|51.0|32.0|0.0|False|False|False|False|0.575|1.0|1.0|1.0|0.8724999999999999|EXCELLENT
20277|4.0|49.0|34.75|0.0|False|False|False|False|0.5916666666666667|1.0|1.0|1.0|0.8775|EXCELLENT
20278|5.0|51.0|34.2|1.0|False|True|False|False|0.575|0.8|1.0|1.0|0.8124999999999999|GOOD
20279|3.0|50.0|42.333333333333336|0.0|False|False|False|False|0.5833333333333333|1.0|1.0|1.0|0.8749999999999999|EXCELLENT
20280|6.0|55.0|24.666666666666668|0.0|False|False|False|False|0.5416666666666667|1.0|1.0|1.0|0.8624999999999999|EXCELLENT
20282|4.0|79.0|48.0|0.0|False|False|False|False|0.3416666666666667|1.0|1.0|1.0|0.8024999999999999|GOOD
20283|28.0|26.0|15.535714285714286|2.0|False|True|False|False|0.7833333333333333|0.9285714285714286|1.0|1.0|0.9135714285714286|EXCELLENT
20284|17.0|33.0|19.235294117647054|1.0|False|True|False|False|0.725|0.9411764705882353|1.0|1.0|0.8998529411764705|EXCELLENT
20285|9.0|63.0|34.0|0.0|False|False|False|False|0.475|1.0|1.0|1.0|0.8424999999999999|GOOD
20287|5.0|44.0|34.2|0.0|False|False|False|False|0.6333333333333333|1.0|1.0|1.0|0.89|EXCELLENT
20288|11.0|64.0|23.818181818181817|0.0|False|False|False|False|0.4666666666666667|1.0|1.0|1.0|0.84|GOOD
20290|7.0|45.0|23.714285714285715|2.0|False|True|False|False|0.625|0.7142857142857143|1.0|1.0|0.8017857142857142|GOOD
20304|10.0|50.0|28.0|1.0|False|True|False|False|0.5833333333333333|0.9|1.0|1.0|0.8449999999999999|GOOD
20306|9.0|55.0|32.77777777777778|0.0|False|False|False|False|0.5416666666666667|1.0|1.0|1.0|0.8624999999999999|EXCELLENT
20307|6.0|37.0|19.0|0.0|False|False|False|False|0.6916666666666667|1.0|1.0|1.0|0.9074999999999999|EXCELLENT
20308|12.0|77.0|23.58333333333333|0.0|False|False|False|False|0.3583333333333333|1.0|1.0|1.0|0.8075|GOOD
20310|9.0|81.0|30.444444444444443|0.0|True|False|False|False|0.32499999999999996|1.0|1.0|1.0|0.7975|GOOD
20312|7.0|70.0|33.857142857142854|0.0|False|False|False|False|0.41666666666666663|1.0|1.0|1.0|0.825|GOOD
20313|2.0|43.0|39.5|0.0|False|False|False|False|0.6416666666666666|1.0|1.0|1.0|0.8925|EXCELLENT
20314|5.0|41.0|25.8|0.0|False|False|False|False|0.6583333333333333|1.0|1.0|1.0|0.8974999999999999|EXCELLENT
20315|7.0|31.0|23.142857142857142|0.0|False|False|False|False|0.7416666666666667|1.0|1.0|1.0|0.9225|EXCELLENT
20316|11.0|46.0|21.90909090909091|2.0|False|True|False|False|0.6166666666666667|0.8181818181818181|1.0|1.0|0.8304545454545454|GOOD
20331|10.0|37.0|25.7|0.0|False|False|False|False|0.6916666666666667|1.0|1.0|1.0|0.9074999999999999|EXCELLENT
20332|5.0|111.0|44.2|0.0|True|False|False|False|0.07499999999999996|1.0|1.0|1.0|0.7224999999999999|GOOD
20333|8.0|40.0|26.0|0.0|False|False|False|False|0.6666666666666667|1.0|1.0|1.0|0.9|EXCELLENT
20334|5.0|34.0|25.8|0.0|False|False|False|False|0.7166666666666667|1.0|1.0|1.0|0.9149999999999999|EXCELLENT
20337|4.0|30.0|22.75|0.0|False|False|False|False|0.75|1.0|1.0|1.0|0.9249999999999999|EXCELLENT
20339|3.0|26.0|10.666666666666666|2.0|False|True|False|False|0.7833333333333333|0.33333333333333337|1.0|1.0|0.735|GOOD
20340|7.0|46.0|27.714285714285715|0.0|False|False|False|False|0.6166666666666667|1.0|1.0|1.0|0.8849999999999999|EXCELLENT
20345|6.0|55.0|27.166666666666668|0.0|False|False|False|False|0.5416666666666667|1.0|1.0|1.0|0.8624999999999999|EXCELLENT
20346|18.0|37.0|16.0|3.0|False|True|False|False|0.6916666666666667|0.8333333333333334|1.0|1.0|0.8575|EXCELLENT
20347|16.0|42.0|21.375|0.0|False|False|False|False|0.65|1.0|1.0|1.0|0.8949999999999999|EXCELLENT
20349|11.0|52.0|34.90909090909091|1.0|False|True|False|False|0.5666666666666667|0.9090909090909091|1.0|1.0|0.8427272727272727|GOOD
20355|4.0|51.0|34.75|0.0|False|False|False|False|0.575|1.0|1.0|1.0|0.8724999999999999|EXCELLENT
20357|8.0|54.0|23.25|0.0|False|False|False|False|0.55|1.0|1.0|1.0|0.8649999999999999|EXCELLENT
20358|19.0|34.0|16.0|4.0|False|True|False|False|0.7166666666666667|0.7894736842105263|1.0|1.0|0.8518421052631578|EXCELLENT
20359|13.0|104.0|29.23076923076923|0.0|True|False|False|False|0.1333333333333333|1.0|1.0|1.0|0.7399999999999999|GOOD
20360|8.0|62.0|25.125|1.0|False|True|False|False|0.4833333333333333|0.875|1.0|1.0|0.8075|GOOD
20361|11.0|32.0|21.818181818181817|3.0|False|True|False|False|0.7333333333333334|0.7272727272727273|1.0|1.0|0.8381818181818181|GOOD
20363|15.0|42.0|22.73333333333333|1.0|False|True|False|False|0.65|0.9333333333333333|1.0|1.0|0.8749999999999999|EXCELLENT
20365|15.0|53.0|18.73333333333333|2.0|False|True|False|False|0.5583333333333333|0.8666666666666667|1.0|1.0|0.8275|GOOD
20370|14.0|27.0|18.5|0.0|False|False|False|False|0.775|1.0|1.0|1.0|0.9325|EXCELLENT
20371|5.0|61.0|35.0|0.0|False|False|False|False|0.4916666666666667|1.0|1.0|1.0|0.8475|GOOD
20387|7.0|59.0|29.857142857142858|0.0|False|False|False|False|0.5083333333333333|1.0|1.0|1.0|0.8524999999999999|EXCELLENT
20394|5.0|49.0|28.0|0.0|False|False|False|False|0.5916666666666667|1.0|1.0|1.0|0.8775|EXCELLENT
20395|16.0|51.0|20.625|16.0|False|True|False|False|0.575|0.0|1.0|1.0|0.5725|FAIR
20397|9.0|47.0|24.55555555555556|0.0|False|False|False|False|0.6083333333333334|1.0|1.0|1.0|0.8825|EXCELLENT
20399|8.0|69.0|29.625|0.0|False|False|False|False|0.42500000000000004|1.0|1.0|1.0|0.8275|GOOD
20401|9.0|33.0|15.555555555555555|0.0|False|False|False|False|0.725|1.0|1.0|1.0|0.9174999999999999|EXCELLENT
20403|3.0|37.0|26.0|0.0|False|False|False|False|0.6916666666666667|1.0|1.0|1.0|0.9074999999999999|EXCELLENT
20404|8.0|31.0|23.0|0.0|False|False|False|False|0.7416666666666667|1.0|1.0|1.0|0.9225|EXCELLENT
20405|9.0|49.0|27.55555555555556|0.0|False|False|False|False|0.5916666666666667|1.0|1.0|1.0|0.8775|EXCELLENT
20414|24.0|50.0|18.625|8.0|False|True|False|False|0.5833333333333333|0.6666666666666667|1.0|1.0|0.775|GOOD
20432|10.0|35.0|25.3|0.0|False|False|False|False|0.7083333333333333|1.0|1.0|1.0|0.9125|EXCELLENT
20433|6.0|134.0|56.333333333333336|0.0|True|False|False|False|0.0|1.0|1.0|1.0|0.7|GOOD
20434|9.0|41.0|23.22222222222222|0.0|False|False|False|False|0.6583333333333333|1.0|1.0|1.0|0.8974999999999999|EXCELLENT
20435|11.0|38.0|21.545454545454547|1.0|False|True|False|False|0.6833333333333333|0.9090909090909091|1.0|1.0|0.8777272727272726|EXCELLENT
20436|13.0|42.0|19.384615384615383|1.0|False|True|False|False|0.65|0.9230769230769231|1.0|1.0|0.8719230769230769|EXCELLENT
20437|7.0|70.0|27.142857142857142|0.0|False|False|False|False|0.41666666666666663|1.0|1.0|1.0|0.825|GOOD
20438|15.0|36.0|18.6|0.0|False|False|False|False|0.7|1.0|1.0|1.0|0.91|EXCELLENT
20439|8.0|50.0|31.25|1.0|False|True|False|False|0.5833333333333333|0.875|1.0|1.0|0.8375|GOOD
20440|4.0|68.0|32.25|1.0|False|True|False|False|0.43333333333333335|0.75|1.0|1.0|0.755|GOOD
20442|12.0|36.0|20.25|2.0|False|True|False|False|0.7|0.8333333333333334|1.0|1.0|0.86|EXCELLENT
20443|9.0|45.0|28.666666666666668|0.0|False|False|False|False|0.625|1.0|1.0|1.0|0.8875|EXCELLENT
20444|5.0|31.0|22.8|0.0|False|False|False|False|0.7416666666666667|1.0|1.0|1.0|0.9225|EXCELLENT
20445|7.0|35.0|26.0|0.0|False|False|False|False|0.7083333333333333|1.0|1.0|1.0|0.9125|EXCELLENT
20446|9.0|37.0|27.0|0.0|False|False|False|False|0.6916666666666667|1.0|1.0|1.0|0.9074999999999999|EXCELLENT
20447|7.0|46.0|24.714285714285715|1.0|False|True|False|False|0.6166666666666667|0.8571428571428572|1.0|1.0|0.8421428571428572|GOOD
20448|9.0|35.0|21.0|0.0|False|False|False|False|0.7083333333333333|1.0|1.0|1.0|0.9125|EXCELLENT
20449|7.0|39.0|19.857142857142858|0.0|False|False|False|False|0.675|1.0|1.0|1.0|0.9025|EXCELLENT
20450|8.0|28.0|16.875|0.0|False|False|False|False|0.7666666666666666|1.0|1.0|1.0|0.93|EXCELLENT
20451|9.0|34.0|16.0|1.0|False|True|False|False|0.7166666666666667|0.8888888888888888|1.0|1.0|0.8816666666666667|EXCELLENT
20453|6.0|41.0|34.0|0.0|False|False|False|False|0.6583333333333333|1.0|1.0|1.0|0.8974999999999999|EXCELLENT
20454|7.0|44.0|26.857142857142858|0.0|False|False|False|False|0.6333333333333333|1.0|1.0|1.0|0.89|EXCELLENT
20455|4.0|47.0|24.5|0.0|False|False|False|False|0.6083333333333334|1.0|1.0|1.0|0.8825|EXCELLENT
20456|6.0|66.0|35.833333333333336|0.0|False|False|False|False|0.44999999999999996|1.0|1.0|1.0|0.8349999999999999|GOOD
20458|11.0|51.0|26.818181818181817|0.0|False|False|False|False|0.575|1.0|1.0|1.0|0.8724999999999999|EXCELLENT
20459|10.0|50.0|21.0|1.0|False|True|False|False|0.5833333333333333|0.9|1.0|1.0|0.8449999999999999|GOOD
20460|11.0|36.0|20.454545454545453|2.0|False|True|False|False|0.7|0.8181818181818181|1.0|1.0|0.8554545454545454|EXCELLENT
20461|8.0|39.0|21.875|0.0|False|False|False|False|0.675|1.0|1.0|1.0|0.9025|EXCELLENT
20463|8.0|60.0|30.75|2.0|False|True|False|False|0.5|0.75|1.0|1.0|0.775|GOOD
20465|7.0|25.0|18.285714285714285|1.0|False|True|False|False|0.7916666666666666|0.8571428571428572|1.0|1.0|0.8946428571428572|EXCELLENT
20466|7.0|39.0|22.142857142857142|0.0|False|False|False|False|0.675|1.0|1.0|1.0|0.9025|EXCELLENT
20467|4.0|58.0|31.5|0.0|False|False|False|False|0.5166666666666666|1.0|1.0|1.0|0.8549999999999999|EXCELLENT
20477|6.0|28.0|17.666666666666668|0.0|False|False|False|False|0.7666666666666666|1.0|1.0|1.0|0.93|EXCELLENT
20479|11.0|36.0|25.818181818181817|1.0|False|True|False|False|0.7|0.9090909090909091|1.0|1.0|0.8827272727272727|EXCELLENT
20481|8.0|47.0|26.0|0.0|False|False|False|False|0.6083333333333334|1.0|1.0|1.0|0.8825|EXCELLENT
20483|7.0|39.0|26.142857142857142|0.0|False|False|False|False|0.675|1.0|1.0|1.0|0.9025|EXCELLENT
20484|8.0|32.0|18.25|1.0|False|True|False|False|0.7333333333333334|0.875|1.0|1.0|0.8825|EXCELLENT
20485|5.0|91.0|30.8|0.0|True|False|False|False|0.2416666666666667|1.0|1.0|1.0|0.7725|GOOD
20487|13.0|29.0|20.692307692307693|2.0|False|True|False|False|0.7583333333333333|0.8461538461538461|1.0|1.0|0.8813461538461538|EXCELLENT
20488|9.0|37.0|21.666666666666668|0.0|False|False|False|False|0.6916666666666667|1.0|1.0|1.0|0.9074999999999999|EXCELLENT
20489|3.0|64.0|53.66666666666666|0.0|False|False|False|False|0.4666666666666667|1.0|1.0|1.0|0.84|GOOD
20491|5.0|30.0|22.4|0.0|False|False|False|False|0.75|1.0|1.0|1.0|0.9249999999999999|EXCELLENT
20492|5.0|73.0|34.0|0.0|False|False|False|False|0.3916666666666667|1.0|1.0|1.0|0.8175|GOOD
20493|6.0|36.0|22.666666666666668|0.0|False|False|False|False|0.7|1.0|1.0|1.0|0.91|EXCELLENT
20494|6.0|45.0|34.0|0.0|False|False|False|False|0.625|1.0|1.0|1.0|0.8875|EXCELLENT
20496|6.0|34.0|23.0|0.0|False|False|False|False|0.7166666666666667|1.0|1.0|1.0|0.9149999999999999|EXCELLENT
20498|7.0|30.0|19.571428571428573|0.0|False|False|False|False|0.75|1.0|1.0|1.0|0.9249999999999999|EXCELLENT
20501|5.0|82.0|39.0|0.0|True|False|False|False|0.31666666666666665|1.0|1.0|1.0|0.7949999999999999|GOOD
20503|4.0|39.0|31.0|0.0|False|False|False|False|0.675|1.0|1.0|1.0|0.9025|EXCELLENT
20505|12.0|27.0|18.25|4.0|False|True|False|False|0.775|0.6666666666666667|1.0|1.0|0.8324999999999999|GOOD
20511|8.0|49.0|24.125|0.0|False|False|False|False|0.5916666666666667|1.0|1.0|1.0|0.8775|EXCELLENT
20512|2.0|15.0|11.0|2.0|False|True|False|False|0.875|0.0|1.0|1.0|0.6625|FAIR
20519|11.0|41.0|17.727272727272727|3.0|False|True|False|False|0.6583333333333333|0.7272727272727273|1.0|1.0|0.8156818181818181|GOOD
20520|7.0|30.0|18.285714285714285|0.0|False|False|False|False|0.75|1.0|1.0|1.0|0.9249999999999999|EXCELLENT
20521|5.0|84.0|40.0|0.0|True|False|False|False|0.30000000000000004|1.0|1.0|1.0|0.7899999999999999|GOOD
20523|10.0|38.0|21.3|1.0|False|True|False|False|0.6833333333333333|0.9|1.0|1.0|0.8749999999999999|EXCELLENT
20524|4.0|52.0|31.25|0.0|False|False|False|False|0.5666666666666667|1.0|1.0|1.0|0.87|EXCELLENT
20526|6.0|54.0|27.666666666666668|0.0|False|False|False|False|0.55|1.0|1.0|1.0|0.8649999999999999|EXCELLENT
20527|7.0|39.0|25.0|0.0|False|False|False|False|0.675|1.0|1.0|1.0|0.9025|EXCELLENT
20528|12.0|27.0|15.916666666666666|12.0|False|True|False|False|0.775|0.0|1.0|1.0|0.6325|FAIR
20529|4.0|87.0|59.75|0.0|True|False|False|False|0.275|1.0|1.0|1.0|0.7825|GOOD
20537|7.0|51.0|25.571428571428573|0.0|False|False|False|False|0.575|1.0|1.0|1.0|0.8724999999999999|EXCELLENT
20539|7.0|53.0|29.285714285714285|0.0|False|False|False|False|0.5583333333333333|1.0|1.0|1.0|0.8675|EXCELLENT
20540|6.0|30.0|25.83333333333333|0.0|False|False|False|False|0.75|1.0|1.0|1.0|0.9249999999999999|EXCELLENT
20551|2.0|56.0|35.0|0.0|False|False|False|False|0.5333333333333333|1.0|1.0|1.0|0.86|EXCELLENT
20552|6.0|36.0|20.166666666666668|0.0|False|False|False|False|0.7|1.0|1.0|1.0|0.91|EXCELLENT
20553|13.0|48.0|24.153846153846157|3.0|False|True|False|False|0.6|0.7692307692307692|1.0|1.0|0.8107692307692307|GOOD
20554|11.0|81.0|30.363636363636363|0.0|True|False|False|False|0.32499999999999996|1.0|1.0|1.0|0.7975|GOOD
20555|12.0|76.0|26.0|3.0|False|True|False|False|0.3666666666666667|0.75|1.0|1.0|0.735|GOOD
20558|10.0|53.0|24.7|1.0|False|True|False|False|0.5583333333333333|0.9|1.0|1.0|0.8375|GOOD
20562|9.0|39.0|21.666666666666668|2.0|False|True|False|False|0.675|0.7777777777777778|1.0|1.0|0.8358333333333333|GOOD
20563|10.0|79.0|28.4|1.0|False|True|False|False|0.3416666666666667|0.9|1.0|1.0|0.7725|GOOD
20565|7.0|71.0|27.714285714285715|0.0|False|False|False|False|0.4083333333333333|1.0|1.0|1.0|0.8224999999999999|GOOD
20567|8.0|64.0|38.875|0.0|False|False|False|False|0.4666666666666667|1.0|1.0|1.0|0.84|GOOD
20568|4.0|30.0|26.25|0.0|False|False|False|False|0.75|1.0|1.0|1.0|0.9249999999999999|EXCELLENT
20570|3.0|88.0|42.0|0.0|True|False|False|False|0.2666666666666667|1.0|1.0|1.0|0.7799999999999999|GOOD
20572|14.0|30.0|16.571428571428573|1.0|False|True|False|False|0.75|0.9285714285714286|1.0|1.0|0.9035714285714286|EXCELLENT
20575|5.0|39.0|24.4|0.0|False|False|False|False|0.675|1.0|1.0|1.0|0.9025|EXCELLENT
20577|7.0|42.0|24.285714285714285|0.0|False|False|False|False|0.65|1.0|1.0|1.0|0.8949999999999999|EXCELLENT
20581|5.0|26.0|14.0|1.0|False|True|False|False|0.7833333333333333|0.8|1.0|1.0|0.8749999999999999|EXCELLENT
20582|3.0|112.0|53.333333333333336|3.0|True|True|False|False|0.06666666666666665|0.0|1.0|1.0|0.42000000000000004|POOR
20583|9.0|46.0|22.444444444444443|0.0|False|False|False|False|0.6166666666666667|1.0|1.0|1.0|0.8849999999999999|EXCELLENT
20584|6.0|35.0|31.0|0.0|False|False|False|False|0.7083333333333333|1.0|1.0|1.0|0.9125|EXCELLENT
20585|14.0|53.0|23.857142857142858|0.0|False|False|False|False|0.5583333333333333|1.0|1.0|1.0|0.8675|EXCELLENT
20586|10.0|26.0|20.6|0.0|False|False|False|False|0.7833333333333333|1.0|1.0|1.0|0.9349999999999999|EXCELLENT
20587|5.0|79.0|42.2|0.0|False|False|False|False|0.3416666666666667|1.0|1.0|1.0|0.8024999999999999|GOOD
20590|6.0|128.0|42.0|0.0|True|False|False|False|0.0|1.0|1.0|1.0|0.7|GOOD
20591|8.0|34.0|18.375|1.0|False|True|False|False|0.7166666666666667|0.875|1.0|1.0|0.8775000000000001|EXCELLENT
20592|7.0|38.0|27.714285714285715|0.0|False|False|False|False|0.6833333333333333|1.0|1.0|1.0|0.9049999999999999|EXCELLENT
20596|8.0|33.0|20.75|0.0|False|False|False|False|0.725|1.0|1.0|1.0|0.9174999999999999|EXCELLENT
20599|5.0|29.0|20.6|0.0|False|False|False|False|0.7583333333333333|1.0|1.0|1.0|0.9274999999999999|EXCELLENT
20604|8.0|45.0|19.75|0.0|False|False|False|False|0.625|1.0|1.0|1.0|0.8875|EXCELLENT
20613|6.0|104.0|69.33333333333333|0.0|True|False|False|False|0.1333333333333333|1.0|1.0|1.0|0.7399999999999999|GOOD
20619|12.0|32.0|20.58333333333333|1.0|False|True|False|False|0.7333333333333334|0.9166666666666666|1.0|1.0|0.8949999999999999|EXCELLENT
20621|10.0|131.0|40.0|0.0|True|False|False|False|0.0|1.0|1.0|1.0|0.7|GOOD
20622|10.0|22.0|12.9|3.0|False|True|False|False|0.8166666666666667|0.7|1.0|1.0|0.8549999999999999|EXCELLENT
20624|3.0|23.0|17.333333333333332|0.0|False|False|False|False|0.8083333333333333|1.0|1.0|1.0|0.9425|EXCELLENT
20625|4.0|42.0|31.5|0.0|False|False|False|False|0.65|1.0|1.0|1.0|0.8949999999999999|EXCELLENT
20626|6.0|54.0|27.0|0.0|False|False|False|False|0.55|1.0|1.0|1.0|0.8649999999999999|EXCELLENT
20628|7.0|43.0|26.714285714285715|0.0|False|False|False|False|0.6416666666666666|1.0|1.0|1.0|0.8925|EXCELLENT
20630|7.0|40.0|29.0|0.0|False|False|False|False|0.6666666666666667|1.0|1.0|1.0|0.9|EXCELLENT
20631|10.0|46.0|24.3|3.0|False|True|False|False|0.6166666666666667|0.7|1.0|1.0|0.795|GOOD
20632|3.0|31.0|23.666666666666668|0.0|False|False|False|False|0.7416666666666667|1.0|1.0|1.0|0.9225|EXCELLENT
20634|9.0|60.0|34.888888888888886|0.0|False|False|False|False|0.5|1.0|1.0|1.0|0.85|EXCELLENT
20636|3.0|28.0|19.666666666666668|0.0|False|False|False|False|0.7666666666666666|1.0|1.0|1.0|0.93|EXCELLENT
20637|13.0|58.0|22.0|0.0|False|False|False|False|0.5166666666666666|1.0|1.0|1.0|0.8549999999999999|EXCELLENT
20638|5.0|42.0|34.2|0.0|False|False|False|False|0.65|1.0|1.0|1.0|0.8949999999999999|EXCELLENT
20639|16.0|37.0|19.875|2.0|False|True|False|False|0.6916666666666667|0.875|1.0|1.0|0.87|EXCELLENT
20643|8.0|31.0|19.625|2.0|False|True|False|False|0.7416666666666667|0.75|1.0|1.0|0.8475|GOOD
20645|7.0|43.0|26.142857142857142|1.0|False|True|False|False|0.6416666666666666|0.8571428571428572|1.0|1.0|0.849642857142857|GOOD
20646|5.0|44.0|37.2|0.0|False|False|False|False|0.6333333333333333|1.0|1.0|1.0|0.89|EXCELLENT
20648|8.0|45.0|27.625|0.0|False|False|False|False|0.625|1.0|1.0|1.0|0.8875|EXCELLENT
20649|3.0|56.0|41.0|3.0|False|True|False|False|0.5333333333333333|0.0|1.0|1.0|0.5599999999999999|FAIR
20650|6.0|36.0|29.0|0.0|False|False|False|False|0.7|1.0|1.0|1.0|0.91|EXCELLENT
20651|10.0|53.0|20.5|0.0|False|False|False|False|0.5583333333333333|1.0|1.0|1.0|0.8675|EXCELLENT
20653|8.0|40.0|21.375|0.0|False|False|False|False|0.6666666666666667|1.0|1.0|1.0|0.9|EXCELLENT
20655|12.0|56.0|24.0|1.0|False|True|False|False|0.5333333333333333|0.9166666666666666|1.0|1.0|0.8349999999999999|GOOD
20656|11.0|36.0|18.727272727272727|0.0|False|False|False|False|0.7|1.0|1.0|1.0|0.91|EXCELLENT
20658|8.0|44.0|26.375|0.0|False|False|False|False|0.6333333333333333|1.0|1.0|1.0|0.89|EXCELLENT
20659|7.0|43.0|24.428571428571427|0.0|False|False|False|False|0.6416666666666666|1.0|1.0|1.0|0.8925|EXCELLENT
20660|9.0|94.0|42.333333333333336|0.0|True|False|False|False|0.21666666666666667|1.0|1.0|1.0|0.765|GOOD
20661|14.0|42.0|21.0|14.0|False|True|False|False|0.65|0.0|1.0|1.0|0.595|FAIR
20662|4.0|40.0|34.25|0.0|False|False|False|False|0.6666666666666667|1.0|1.0|1.0|0.9|EXCELLENT
20663|6.0|68.0|29.0|0.0|False|False|False|False|0.43333333333333335|1.0|1.0|1.0|0.83|GOOD
20664|11.0|59.0|26.454545454545453|1.0|False|True|False|False|0.5083333333333333|0.9090909090909091|1.0|1.0|0.8252272727272726|GOOD
20666|6.0|35.0|21.5|0.0|False|False|False|False|0.7083333333333333|1.0|1.0|1.0|0.9125|EXCELLENT
20667|5.0|38.0|20.2|0.0|False|False|False|False|0.6833333333333333|1.0|1.0|1.0|0.9049999999999999|EXCELLENT
20670|5.0|31.0|24.8|0.0|False|False|False|False|0.7416666666666667|1.0|1.0|1.0|0.9225|EXCELLENT
20672|3.0|67.0|32.333333333333336|0.0|False|False|False|False|0.44166666666666665|1.0|1.0|1.0|0.8324999999999999|GOOD
20673|7.0|30.0|18.857142857142858|1.0|False|True|False|False|0.75|0.8571428571428572|1.0|1.0|0.8821428571428571|EXCELLENT
20674|4.0|108.0|47.75|0.0|True|False|False|False|0.09999999999999998|1.0|1.0|1.0|0.7299999999999999|GOOD
20675|7.0|84.0|30.571428571428573|1.0|True|True|False|False|0.30000000000000004|0.8571428571428572|1.0|1.0|0.7471428571428572|GOOD
20677|10.0|36.0|17.8|0.0|False|False|False|False|0.7|1.0|1.0|1.0|0.91|EXCELLENT
20681|7.0|65.0|22.714285714285715|2.0|False|True|False|False|0.45833333333333337|0.7142857142857143|1.0|1.0|0.7517857142857142|GOOD
20682|5.0|23.0|17.2|0.0|False|False|False|False|0.8083333333333333|1.0|1.0|1.0|0.9425|EXCELLENT
20683|7.0|45.0|25.714285714285715|1.0|False|True|False|False|0.625|0.8571428571428572|1.0|1.0|0.8446428571428571|GOOD
20684|8.0|35.0|24.75|0.0|False|False|False|False|0.7083333333333333|1.0|1.0|1.0|0.9125|EXCELLENT
20686|8.0|41.0|24.625|0.0|False|False|False|False|0.6583333333333333|1.0|1.0|1.0|0.8974999999999999|EXCELLENT
20687|5.0|44.0|35.2|0.0|False|False|False|False|0.6333333333333333|1.0|1.0|1.0|0.89|EXCELLENT
20688|5.0|52.0|38.6|0.0|False|False|False|False|0.5666666666666667|1.0|1.0|1.0|0.87|EXCELLENT
20689|8.0|38.0|24.0|0.0|False|False|False|False|0.6833333333333333|1.0|1.0|1.0|0.9049999999999999|EXCELLENT
20690|6.0|41.0|24.0|0.0|False|False|False|False|0.6583333333333333|1.0|1.0|1.0|0.8974999999999999|EXCELLENT
20691|15.0|44.0|20.6|2.0|False|True|False|False|0.6333333333333333|0.8666666666666667|1.0|1.0|0.85|EXCELLENT
20694|8.0|73.0|24.375|1.0|False|True|False|False|0.3916666666666667|0.875|1.0|1.0|0.7799999999999999|GOOD
20696|20.0|43.0|22.75|2.0|False|True|False|False|0.6416666666666666|0.9|1.0|1.0|0.8624999999999999|EXCELLENT
20697|4.0|65.0|35.25|0.0|False|False|False|False|0.45833333333333337|1.0|1.0|1.0|0.8375|GOOD
20698|8.0|63.0|35.125|0.0|False|False|False|False|0.475|1.0|1.0|1.0|0.8424999999999999|GOOD
20699|4.0|32.0|23.75|0.0|False|False|False|False|0.7333333333333334|1.0|1.0|1.0|0.92|EXCELLENT
20700|7.0|62.0|38.42857142857143|0.0|False|False|False|False|0.4833333333333333|1.0|1.0|1.0|0.8449999999999999|GOOD
20702|21.0|44.0|15.476190476190476|3.0|False|True|False|False|0.6333333333333333|0.8571428571428572|1.0|1.0|0.8471428571428571|GOOD
20703|5.0|45.0|31.8|0.0|False|False|False|False|0.625|1.0|1.0|1.0|0.8875|EXCELLENT
20705|7.0|43.0|25.714285714285715|0.0|False|False|False|False|0.6416666666666666|1.0|1.0|1.0|0.8925|EXCELLENT
20706|10.0|58.0|26.1|0.0|False|False|False|False|0.5166666666666666|1.0|1.0|1.0|0.8549999999999999|EXCELLENT
20707|7.0|60.0|32.42857142857143|0.0|False|False|False|False|0.5|1.0|1.0|1.0|0.85|EXCELLENT
20709|8.0|40.0|22.375|1.0|False|True|False|False|0.6666666666666667|0.875|1.0|1.0|0.8624999999999999|EXCELLENT
20710|16.0|36.0|22.25|3.0|False|True|False|False|0.7|0.8125|1.0|1.0|0.8537499999999999|EXCELLENT
20711|9.0|67.0|27.444444444444443|1.0|False|True|False|False|0.44166666666666665|0.8888888888888888|1.0|1.0|0.7991666666666667|GOOD
20712|11.0|39.0|20.181818181818183|1.0|False|True|False|False|0.675|0.9090909090909091|1.0|1.0|0.8752272727272726|EXCELLENT
20713|5.0|44.0|31.0|0.0|False|False|False|False|0.6333333333333333|1.0|1.0|1.0|0.89|EXCELLENT
20717|4.0|22.0|16.5|0.0|False|False|False|False|0.8166666666666667|1.0|1.0|1.0|0.945|EXCELLENT
20718|7.0|53.0|28.857142857142858|0.0|False|False|False|False|0.5583333333333333|1.0|1.0|1.0|0.8675|EXCELLENT
20719|12.0|37.0|27.25|0.0|False|False|False|False|0.6916666666666667|1.0|1.0|1.0|0.9074999999999999|EXCELLENT
20720|9.0|55.0|26.22222222222222|1.0|False|True|False|False|0.5416666666666667|0.8888888888888888|1.0|1.0|0.8291666666666667|GOOD
20721|7.0|34.0|23.571428571428573|0.0|False|False|False|False|0.7166666666666667|1.0|1.0|1.0|0.9149999999999999|EXCELLENT
20723|9.0|41.0|22.88888888888889|0.0|False|False|False|False|0.6583333333333333|1.0|1.0|1.0|0.8974999999999999|EXCELLENT
20726|9.0|54.0|27.88888888888889|0.0|False|False|False|False|0.55|1.0|1.0|1.0|0.8649999999999999|EXCELLENT
20727|12.0|47.0|25.166666666666668|0.0|False|False|False|False|0.6083333333333334|1.0|1.0|1.0|0.8825|EXCELLENT
20728|12.0|27.0|17.083333333333332|0.0|False|False|False|False|0.775|1.0|1.0|1.0|0.9325|EXCELLENT
20730|8.0|36.0|24.0|0.0|False|False|False|False|0.7|1.0|1.0|1.0|0.91|EXCELLENT
20731|3.0|86.0|43.66666666666666|0.0|True|False|False|False|0.2833333333333333|1.0|1.0|1.0|0.785|GOOD
20732|11.0|35.0|19.181818181818183|0.0|False|False|False|False|0.7083333333333333|1.0|1.0|1.0|0.9125|EXCELLENT
20733|11.0|33.0|22.363636363636363|11.0|False|True|False|False|0.725|0.0|1.0|1.0|0.6174999999999999|FAIR
20735|7.0|39.0|26.857142857142858|7.0|False|True|False|False|0.675|0.0|1.0|1.0|0.6024999999999999|FAIR
20736|7.0|37.0|24.714285714285715|7.0|False|True|False|False|0.6916666666666667|0.0|1.0|1.0|0.6074999999999999|FAIR
20737|8.0|40.0|19.75|8.0|False|True|False|False|0.6666666666666667|0.0|1.0|1.0|0.6|FAIR
20738|11.0|38.0|21.181818181818183|0.0|False|False|False|False|0.6833333333333333|1.0|1.0|1.0|0.9049999999999999|EXCELLENT
20739|7.0|67.0|30.142857142857142|0.0|False|False|False|False|0.44166666666666665|1.0|1.0|1.0|0.8324999999999999|GOOD
20740|6.0|124.0|37.16666666666666|0.0|True|False|False|False|0.0|1.0|1.0|1.0|0.7|GOOD
20741|7.0|63.0|35.142857142857146|0.0|False|False|False|False|0.475|1.0|1.0|1.0|0.8424999999999999|GOOD
20742|12.0|31.0|18.58333333333333|0.0|False|False|False|False|0.7416666666666667|1.0|1.0|1.0|0.9225|EXCELLENT
20743|11.0|37.0|20.09090909090909|0.0|False|False|False|False|0.6916666666666667|1.0|1.0|1.0|0.9074999999999999|EXCELLENT
20744|10.0|44.0|23.6|1.0|False|True|False|False|0.6333333333333333|0.9|1.0|1.0|0.86|EXCELLENT
20745|7.0|46.0|28.857142857142858|1.0|False|True|False|False|0.6166666666666667|0.8571428571428572|1.0|1.0|0.8421428571428572|GOOD
20746|14.0|46.0|24.642857142857142|1.0|False|True|False|False|0.6166666666666667|0.9285714285714286|1.0|1.0|0.8635714285714285|EXCELLENT
20747|11.0|40.0|20.727272727272727|1.0|False|True|False|False|0.6666666666666667|0.9090909090909091|1.0|1.0|0.8727272727272727|EXCELLENT
20748|5.0|30.0|20.2|0.0|False|False|False|False|0.75|1.0|1.0|1.0|0.9249999999999999|EXCELLENT
20749|12.0|45.0|18.5|0.0|False|False|False|False|0.625|1.0|1.0|1.0|0.8875|EXCELLENT
20750|9.0|34.0|22.22222222222222|0.0|False|False|False|False|0.7166666666666667|1.0|1.0|1.0|0.9149999999999999|EXCELLENT
20751|12.0|63.0|29.25|0.0|False|False|False|False|0.475|1.0|1.0|1.0|0.8424999999999999|GOOD
20752|10.0|34.0|20.0|0.0|False|False|False|False|0.7166666666666667|1.0|1.0|1.0|0.9149999999999999|EXCELLENT
20753|5.0|71.0|35.8|0.0|False|False|False|False|0.4083333333333333|1.0|1.0|1.0|0.8224999999999999|GOOD
20754|3.0|33.0|28.33333333333333|1.0|False|True|False|False|0.725|0.6666666666666667|1.0|1.0|0.8175|GOOD
20755|9.0|96.0|23.444444444444443|1.0|True|True|False|False|0.19999999999999996|0.8888888888888888|1.0|1.0|0.7266666666666667|GOOD
20756|15.0|29.0|15.066666666666666|3.0|False|True|False|False|0.7583333333333333|0.8|1.0|1.0|0.8674999999999999|EXCELLENT
20757|5.0|55.0|46.0|0.0|False|False|False|False|0.5416666666666667|1.0|1.0|1.0|0.8624999999999999|EXCELLENT
20758|9.0|48.0|31.11111111111111|0.0|False|False|False|False|0.6|1.0|1.0|1.0|0.88|EXCELLENT
20759|13.0|56.0|21.23076923076923|2.0|False|True|False|False|0.5333333333333333|0.8461538461538461|1.0|1.0|0.8138461538461538|GOOD
20760|9.0|63.0|28.0|1.0|False|True|False|False|0.475|0.8888888888888888|1.0|1.0|0.8091666666666667|GOOD
20761|8.0|42.0|23.5|0.0|False|False|False|False|0.65|1.0|1.0|1.0|0.8949999999999999|EXCELLENT
20762|7.0|48.0|18.285714285714285|2.0|False|True|False|False|0.6|0.7142857142857143|1.0|1.0|0.7942857142857142|GOOD
20763|6.0|67.0|32.0|1.0|False|True|False|False|0.44166666666666665|0.8333333333333334|1.0|1.0|0.7824999999999999|GOOD
20764|5.0|54.0|33.0|0.0|False|False|False|False|0.55|1.0|1.0|1.0|0.8649999999999999|EXCELLENT
20767|9.0|27.0|17.555555555555557|1.0|False|True|False|False|0.775|0.8888888888888888|1.0|1.0|0.8991666666666666|EXCELLENT
20768|10.0|33.0|19.6|1.0|False|True|False|False|0.725|0.9|1.0|1.0|0.8875000000000001|EXCELLENT
20769|4.0|34.0|29.5|0.0|False|False|False|False|0.7166666666666667|1.0|1.0|1.0|0.9149999999999999|EXCELLENT
20774|5.0|26.0|19.4|0.0|False|False|False|False|0.7833333333333333|1.0|1.0|1.0|0.9349999999999999|EXCELLENT
20775|6.0|41.0|28.5|0.0|False|False|False|False|0.6583333333333333|1.0|1.0|1.0|0.8974999999999999|EXCELLENT
20777|7.0|72.0|30.857142857142858|1.0|False|True|False|False|0.4|0.8571428571428572|1.0|1.0|0.7771428571428571|GOOD
20778|10.0|35.0|23.6|0.0|False|False|False|False|0.7083333333333333|1.0|1.0|1.0|0.9125|EXCELLENT
20781|11.0|37.0|19.90909090909091|0.0|False|False|False|False|0.6916666666666667|1.0|1.0|1.0|0.9074999999999999|EXCELLENT
20782|5.0|35.0|21.4|0.0|False|False|False|False|0.7083333333333333|1.0|1.0|1.0|0.9125|EXCELLENT
20791|7.0|61.0|32.142857142857146|0.0|False|False|False|False|0.4916666666666667|1.0|1.0|1.0|0.8475|GOOD
20793|9.0|24.0|16.22222222222222|0.0|False|False|False|False|0.8|1.0|1.0|1.0|0.9400000000000001|EXCELLENT
20795|10.0|34.0|25.3|0.0|False|False|False|False|0.7166666666666667|1.0|1.0|1.0|0.9149999999999999|EXCELLENT
20796|8.0|38.0|25.5|0.0|False|False|False|False|0.6833333333333333|1.0|1.0|1.0|0.9049999999999999|EXCELLENT
20797|8.0|50.0|28.875|0.0|False|False|False|False|0.5833333333333333|1.0|1.0|1.0|0.8749999999999999|EXCELLENT
20798|8.0|35.0|23.0|0.0|False|False|False|False|0.7083333333333333|1.0|1.0|1.0|0.9125|EXCELLENT
20799|10.0|28.0|20.7|0.0|False|False|False|False|0.7666666666666666|1.0|1.0|1.0|0.93|EXCELLENT
20800|8.0|105.0|32.875|0.0|True|False|False|False|0.125|1.0|1.0|1.0|0.7374999999999999|GOOD
20801|9.0|36.0|24.444444444444443|0.0|False|False|False|False|0.7|1.0|1.0|1.0|0.91|EXCELLENT
20802|7.0|36.0|26.142857142857142|0.0|False|False|False|False|0.7|1.0|1.0|1.0|0.91|EXCELLENT
20803|10.0|31.0|24.1|0.0|False|False|False|False|0.7416666666666667|1.0|1.0|1.0|0.9225|EXCELLENT
20824|6.0|34.0|26.33333333333333|0.0|False|False|False|False|0.7166666666666667|1.0|1.0|1.0|0.9149999999999999|EXCELLENT
20825|8.0|41.0|29.0|0.0|False|False|False|False|0.6583333333333333|1.0|1.0|1.0|0.8974999999999999|EXCELLENT
20826|9.0|43.0|28.33333333333333|0.0|False|False|False|False|0.6416666666666666|1.0|1.0|1.0|0.8925|EXCELLENT
20827|7.0|46.0|32.714285714285715|0.0|False|False|False|False|0.6166666666666667|1.0|1.0|1.0|0.8849999999999999|EXCELLENT
20828|7.0|64.0|28.142857142857142|0.0|False|False|False|False|0.4666666666666667|1.0|1.0|1.0|0.84|GOOD
20829|10.0|60.0|25.9|0.0|False|False|False|False|0.5|1.0|1.0|1.0|0.85|EXCELLENT
20830|9.0|46.0|26.55555555555556|0.0|False|False|False|False|0.6166666666666667|1.0|1.0|1.0|0.8849999999999999|EXCELLENT
20831|10.0|57.0|27.1|0.0|False|False|False|False|0.525|1.0|1.0|1.0|0.8575|EXCELLENT
20832|13.0|56.0|22.0|0.0|False|False|False|False|0.5333333333333333|1.0|1.0|1.0|0.86|EXCELLENT
20833|7.0|31.0|23.0|0.0|False|False|False|False|0.7416666666666667|1.0|1.0|1.0|0.9225|EXCELLENT
20834|15.0|44.0|23.866666666666667|1.0|False|True|False|False|0.6333333333333333|0.9333333333333333|1.0|1.0|0.87|EXCELLENT
20835|7.0|57.0|33.42857142857143|0.0|False|False|False|False|0.525|1.0|1.0|1.0|0.8575|EXCELLENT
20836|15.0|39.0|22.266666666666666|1.0|False|True|False|False|0.675|0.9333333333333333|1.0|1.0|0.8825|EXCELLENT
20837|5.0|46.0|33.8|0.0|False|False|False|False|0.6166666666666667|1.0|1.0|1.0|0.8849999999999999|EXCELLENT
20838|7.0|49.0|39.57142857142857|0.0|False|False|False|False|0.5916666666666667|1.0|1.0|1.0|0.8775|EXCELLENT
20839|15.0|74.0|28.466666666666665|1.0|False|True|False|False|0.3833333333333333|0.9333333333333333|1.0|1.0|0.7949999999999999|GOOD
20840|11.0|33.0|19.363636363636363|0.0|False|False|False|False|0.725|1.0|1.0|1.0|0.9174999999999999|EXCELLENT
20841|9.0|44.0|25.22222222222222|0.0|False|False|False|False|0.6333333333333333|1.0|1.0|1.0|0.89|EXCELLENT
20842|8.0|45.0|32.25|0.0|False|False|False|False|0.625|1.0|1.0|1.0|0.8875|EXCELLENT
20843|11.0|38.0|20.727272727272727|0.0|False|False|False|False|0.6833333333333333|1.0|1.0|1.0|0.9049999999999999|EXCELLENT
20845|9.0|34.0|25.33333333333333|0.0|False|False|False|False|0.7166666666666667|1.0|1.0|1.0|0.9149999999999999|EXCELLENT
20846|10.0|33.0|20.0|0.0|False|False|False|False|0.725|1.0|1.0|1.0|0.9174999999999999|EXCELLENT
20847|12.0|51.0|25.08333333333333|2.0|False|True|False|False|0.575|0.8333333333333334|1.0|1.0|0.8224999999999999|GOOD
20848|5.0|62.0|47.0|0.0|False|False|False|False|0.4833333333333333|1.0|1.0|1.0|0.8449999999999999|GOOD
20849|10.0|47.0|27.4|0.0|False|False|False|False|0.6083333333333334|1.0|1.0|1.0|0.8825|EXCELLENT
20850|7.0|38.0|27.142857142857142|0.0|False|False|False|False|0.6833333333333333|1.0|1.0|1.0|0.9049999999999999|EXCELLENT
20851|11.0|31.0|18.0|0.0|False|False|False|False|0.7416666666666667|1.0|1.0|1.0|0.9225|EXCELLENT
20852|8.0|50.0|25.625|0.0|False|False|False|False|0.5833333333333333|1.0|1.0|1.0|0.8749999999999999|EXCELLENT
20853|10.0|36.0|26.9|0.0|False|False|False|False|0.7|1.0|1.0|1.0|0.91|EXCELLENT
20855|10.0|78.0|27.4|0.0|False|False|False|False|0.35|1.0|1.0|1.0|0.8049999999999999|GOOD
20856|9.0|44.0|26.11111111111111|0.0|False|False|False|False|0.6333333333333333|1.0|1.0|1.0|0.89|EXCELLENT
20858|10.0|41.0|23.6|1.0|False|True|False|False|0.6583333333333333|0.9|1.0|1.0|0.8675|EXCELLENT
20859|12.0|35.0|20.83333333333333|0.0|False|False|False|False|0.7083333333333333|1.0|1.0|1.0|0.9125|EXCELLENT
20860|6.0|51.0|31.166666666666668|0.0|False|False|False|False|0.575|1.0|1.0|1.0|0.8724999999999999|EXCELLENT
20863|12.0|36.0|18.08333333333333|2.0|False|True|False|False|0.7|0.8333333333333334|1.0|1.0|0.86|EXCELLENT
20864|10.0|41.0|24.3|2.0|False|True|False|False|0.6583333333333333|0.8|1.0|1.0|0.8375|GOOD
20865|11.0|34.0|19.0|0.0|False|False|False|False|0.7166666666666667|1.0|1.0|1.0|0.9149999999999999|EXCELLENT
20866|8.0|49.0|24.625|2.0|False|True|False|False|0.5916666666666667|0.75|1.0|1.0|0.8024999999999999|GOOD
20867|13.0|41.0|19.0|2.0|False|True|False|False|0.6583333333333333|0.8461538461538461|1.0|1.0|0.8513461538461539|EXCELLENT
20868|14.0|28.0|18.642857142857142|3.0|False|True|False|False|0.7666666666666666|0.7857142857142857|1.0|1.0|0.8657142857142857|EXCELLENT
20869|8.0|53.0|27.625|2.0|False|True|False|False|0.5583333333333333|0.75|1.0|1.0|0.7924999999999999|GOOD
20879|8.0|27.0|19.25|2.0|False|True|False|False|0.775|0.75|1.0|1.0|0.8574999999999999|EXCELLENT
20880|9.0|32.0|24.0|0.0|False|False|False|False|0.7333333333333334|1.0|1.0|1.0|0.92|EXCELLENT
20881|7.0|53.0|28.571428571428573|0.0|False|False|False|False|0.5583333333333333|1.0|1.0|1.0|0.8675|EXCELLENT
20882|6.0|51.0|30.166666666666668|0.0|False|False|False|False|0.575|1.0|1.0|1.0|0.8724999999999999|EXCELLENT
20883|10.0|28.0|16.9|0.0|False|False|False|False|0.7666666666666666|1.0|1.0|1.0|0.93|EXCELLENT
20884|4.0|36.0|24.5|0.0|False|False|False|False|0.7|1.0|1.0|1.0|0.91|EXCELLENT
20886|6.0|60.0|38.833333333333336|0.0|False|False|False|False|0.5|1.0|1.0|1.0|0.85|EXCELLENT
20887|11.0|39.0|23.454545454545453|0.0|False|False|False|False|0.675|1.0|1.0|1.0|0.9025|EXCELLENT
20888|10.0|34.0|24.2|0.0|False|False|False|False|0.7166666666666667|1.0|1.0|1.0|0.9149999999999999|EXCELLENT
20889|9.0|92.0|36.77777777777778|0.0|True|False|False|False|0.23333333333333328|1.0|1.0|1.0|0.7699999999999999|GOOD
20891|8.0|35.0|24.375|0.0|False|False|False|False|0.7083333333333333|1.0|1.0|1.0|0.9125|EXCELLENT
20893|4.0|42.0|32.0|0.0|False|False|False|False|0.65|1.0|1.0|1.0|0.8949999999999999|EXCELLENT
20895|11.0|38.0|23.09090909090909|0.0|False|False|False|False|0.6833333333333333|1.0|1.0|1.0|0.9049999999999999|EXCELLENT
20896|8.0|28.0|20.875|0.0|False|False|False|False|0.7666666666666666|1.0|1.0|1.0|0.93|EXCELLENT
20897|8.0|40.0|25.0|0.0|False|False|False|False|0.6666666666666667|1.0|1.0|1.0|0.9|EXCELLENT
20899|6.0|45.0|31.0|0.0|False|False|False|False|0.625|1.0|1.0|1.0|0.8875|EXCELLENT
20900|9.0|65.0|31.22222222222222|0.0|False|False|False|False|0.45833333333333337|1.0|1.0|1.0|0.8375|GOOD
20901|13.0|45.0|20.07692307692308|1.0|False|True|False|False|0.625|0.9230769230769231|1.0|1.0|0.8644230769230768|EXCELLENT
20902|7.0|39.0|27.428571428571427|0.0|False|False|False|False|0.675|1.0|1.0|1.0|0.9025|EXCELLENT
20903|7.0|54.0|29.0|0.0|False|False|False|False|0.55|1.0|1.0|1.0|0.8649999999999999|EXCELLENT
20904|10.0|50.0|25.2|1.0|False|True|False|False|0.5833333333333333|0.9|1.0|1.0|0.8449999999999999|GOOD
20905|9.0|36.0|26.33333333333333|0.0|False|False|False|False|0.7|1.0|1.0|1.0|0.91|EXCELLENT
20906|8.0|69.0|37.5|0.0|False|False|False|False|0.42500000000000004|1.0|1.0|1.0|0.8275|GOOD
20907|5.0|71.0|39.2|0.0|False|False|False|False|0.4083333333333333|1.0|1.0|1.0|0.8224999999999999|GOOD
20908|6.0|72.0|32.666666666666664|1.0|False|True|False|False|0.4|0.8333333333333334|1.0|1.0|0.7699999999999999|GOOD
20909|7.0|52.0|30.142857142857142|0.0|False|False|False|False|0.5666666666666667|1.0|1.0|1.0|0.87|EXCELLENT
20911|7.0|32.0|22.428571428571427|0.0|False|False|False|False|0.7333333333333334|1.0|1.0|1.0|0.92|EXCELLENT
20912|10.0|72.0|30.1|0.0|False|False|False|False|0.4|1.0|1.0|1.0|0.82|GOOD
20913|13.0|34.0|22.923076923076923|0.0|False|False|False|False|0.7166666666666667|1.0|1.0|1.0|0.9149999999999999|EXCELLENT
20914|7.0|39.0|24.142857142857142|0.0|False|False|False|False|0.675|1.0|1.0|1.0|0.9025|EXCELLENT
20915|12.0|31.0|17.333333333333332|1.0|False|True|False|False|0.7416666666666667|0.9166666666666666|1.0|1.0|0.8974999999999999|EXCELLENT
20916|8.0|38.0|21.75|0.0|False|False|False|False|0.6833333333333333|1.0|1.0|1.0|0.9049999999999999|EXCELLENT
20917|14.0|26.0|17.642857142857142|0.0|False|False|False|False|0.7833333333333333|1.0|1.0|1.0|0.9349999999999999|EXCELLENT
20918|10.0|52.0|21.4|0.0|False|False|False|False|0.5666666666666667|1.0|1.0|1.0|0.87|EXCELLENT
20919|17.0|39.0|16.941176470588236|1.0|False|True|False|False|0.675|0.9411764705882353|1.0|1.0|0.8848529411764706|EXCELLENT
20920|16.0|79.0|30.6875|0.0|False|False|False|False|0.3416666666666667|1.0|1.0|1.0|0.8024999999999999|GOOD
20921|4.0|76.0|34.5|0.0|False|False|False|False|0.3666666666666667|1.0|1.0|1.0|0.8099999999999999|GOOD
20922|16.0|51.0|29.0|15.0|False|True|False|False|0.575|0.0625|1.0|1.0|0.5912499999999999|FAIR
20923|8.0|46.0|25.375|0.0|False|False|False|False|0.6166666666666667|1.0|1.0|1.0|0.8849999999999999|EXCELLENT
20924|7.0|40.0|23.428571428571427|0.0|False|False|False|False|0.6666666666666667|1.0|1.0|1.0|0.9|EXCELLENT
20925|8.0|52.0|29.0|0.0|False|False|False|False|0.5666666666666667|1.0|1.0|1.0|0.87|EXCELLENT
20926|6.0|91.0|38.0|0.0|True|False|False|False|0.2416666666666667|1.0|1.0|1.0|0.7725|GOOD
20927|21.0|27.0|19.428571428571427|21.0|False|True|False|False|0.775|0.0|1.0|1.0|0.6325|FAIR
20928|15.0|30.0|21.0|15.0|False|True|False|False|0.75|0.0|1.0|1.0|0.6249999999999999|FAIR
20930|6.0|46.0|29.0|6.0|False|True|False|False|0.6166666666666667|0.0|1.0|1.0|0.585|FAIR
20931|18.0|42.0|24.27777777777778|18.0|False|True|False|False|0.65|0.0|1.0|1.0|0.595|FAIR
20932|12.0|72.0|30.83333333333333|12.0|False|True|False|False|0.4|0.0|1.0|1.0|0.52|FAIR
20933|16.0|48.0|26.0625|16.0|False|True|False|False|0.6|0.0|1.0|1.0|0.58|FAIR
20934|13.0|72.0|33.07692307692308|13.0|False|True|False|False|0.4|0.0|1.0|1.0|0.52|FAIR
20935|8.0|36.0|25.625|8.0|False|True|False|False|0.7|0.0|1.0|1.0|0.61|FAIR
20936|14.0|45.0|30.357142857142858|14.0|False|True|False|False|0.625|0.0|1.0|1.0|0.5875|FAIR
20937|10.0|47.0|26.1|10.0|False|True|False|False|0.6083333333333334|0.0|1.0|1.0|0.5825|FAIR
20938|16.0|36.0|24.3125|16.0|False|True|False|False|0.7|0.0|1.0|1.0|0.61|FAIR
20939|10.0|28.0|16.6|2.0|False|True|False|False|0.7666666666666666|0.8|1.0|1.0|0.87|EXCELLENT
20946|11.0|66.0|25.272727272727277|1.0|False|True|False|False|0.44999999999999996|0.9090909090909091|1.0|1.0|0.8077272727272727|GOOD
20947|8.0|54.0|35.375|1.0|False|True|False|False|0.55|0.875|1.0|1.0|0.8275|GOOD
20948|5.0|43.0|33.0|0.0|False|False|False|False|0.6416666666666666|1.0|1.0|1.0|0.8925|EXCELLENT
20949|8.0|38.0|26.0|0.0|False|False|False|False|0.6833333333333333|1.0|1.0|1.0|0.9049999999999999|EXCELLENT
20950|13.0|51.0|24.53846153846154|2.0|False|True|False|False|0.575|0.8461538461538461|1.0|1.0|0.8263461538461537|GOOD
20951|5.0|35.0|29.0|0.0|False|False|False|False|0.7083333333333333|1.0|1.0|1.0|0.9125|EXCELLENT
20952|8.0|46.0|29.25|0.0|False|False|False|False|0.6166666666666667|1.0|1.0|1.0|0.8849999999999999|EXCELLENT
20953|9.0|76.0|37.333333333333336|0.0|False|False|False|False|0.3666666666666667|1.0|1.0|1.0|0.8099999999999999|GOOD
20954|6.0|41.0|26.83333333333333|1.0|False|True|False|False|0.6583333333333333|0.8333333333333334|1.0|1.0|0.8475|GOOD
20955|8.0|66.0|23.375|0.0|False|False|False|False|0.44999999999999996|1.0|1.0|1.0|0.8349999999999999|GOOD
20956|10.0|36.0|25.2|1.0|False|True|False|False|0.7|0.9|1.0|1.0|0.88|EXCELLENT
20957|14.0|38.0|17.714285714285715|3.0|False|True|False|False|0.6833333333333333|0.7857142857142857|1.0|1.0|0.8407142857142856|GOOD
20958|6.0|39.0|25.0|0.0|False|False|False|False|0.675|1.0|1.0|1.0|0.9025|EXCELLENT
20960|12.0|46.0|29.83333333333333|0.0|False|False|False|False|0.6166666666666667|1.0|1.0|1.0|0.8849999999999999|EXCELLENT
20962|8.0|34.0|22.5|0.0|False|False|False|False|0.7166666666666667|1.0|1.0|1.0|0.9149999999999999|EXCELLENT
20966|6.0|33.0|19.5|0.0|False|False|False|False|0.725|1.0|1.0|1.0|0.9174999999999999|EXCELLENT
20969|6.0|42.0|23.83333333333333|0.0|False|False|False|False|0.65|1.0|1.0|1.0|0.8949999999999999|EXCELLENT
20973|9.0|35.0|20.444444444444443|0.0|False|False|False|False|0.7083333333333333|1.0|1.0|1.0|0.9125|EXCELLENT
20977|6.0|40.0|27.33333333333333|0.0|False|False|False|False|0.6666666666666667|1.0|1.0|1.0|0.9|EXCELLENT
20978|9.0|38.0|26.444444444444443|0.0|False|False|False|False|0.6833333333333333|1.0|1.0|1.0|0.9049999999999999|EXCELLENT
20979|10.0|35.0|20.5|1.0|False|True|False|False|0.7083333333333333|0.9|1.0|1.0|0.8825|EXCELLENT
20980|9.0|37.0|24.88888888888889|0.0|False|False|False|False|0.6916666666666667|1.0|1.0|1.0|0.9074999999999999|EXCELLENT
20981|9.0|39.0|26.666666666666668|0.0|False|False|False|False|0.675|1.0|1.0|1.0|0.9025|EXCELLENT
20982|5.0|98.0|37.0|0.0|True|False|False|False|0.18333333333333335|1.0|1.0|1.0|0.755|GOOD
20983|13.0|33.0|21.0|0.0|False|False|False|False|0.725|1.0|1.0|1.0|0.9174999999999999|EXCELLENT
20984|12.0|57.0|26.0|0.0|False|False|False|False|0.525|1.0|1.0|1.0|0.8575|EXCELLENT
20988|8.0|43.0|25.5|0.0|False|False|False|False|0.6416666666666666|1.0|1.0|1.0|0.8925|EXCELLENT
20996|5.0|33.0|21.8|0.0|False|False|False|False|0.725|1.0|1.0|1.0|0.9174999999999999|EXCELLENT
20997|11.0|41.0|24.0|0.0|False|False|False|False|0.6583333333333333|1.0|1.0|1.0|0.8974999999999999|EXCELLENT
20999|9.0|37.0|27.22222222222222|0.0|False|False|False|False|0.6916666666666667|1.0|1.0|1.0|0.9074999999999999|EXCELLENT
21000|11.0|54.0|27.0|0.0|False|False|False|False|0.55|1.0|1.0|1.0|0.8649999999999999|EXCELLENT
21001|10.0|44.0|28.6|0.0|False|False|False|False|0.6333333333333333|1.0|1.0|1.0|0.89|EXCELLENT
21002|11.0|31.0|20.454545454545453|11.0|False|True|False|False|0.7416666666666667|0.0|1.0|1.0|0.6224999999999999|FAIR
21003|12.0|63.0|27.08333333333333|12.0|False|True|False|False|0.475|0.0|1.0|1.0|0.5425|FAIR
21004|11.0|48.0|21.181818181818183|1.0|False|True|False|False|0.6|0.9090909090909091|1.0|1.0|0.8527272727272727|EXCELLENT
21005|12.0|59.0|26.83333333333333|12.0|False|True|False|False|0.5083333333333333|0.0|1.0|1.0|0.5525|FAIR
21013|11.0|48.0|24.454545454545453|1.0|False|True|False|False|0.6|0.9090909090909091|1.0|1.0|0.8527272727272727|EXCELLENT
21014|7.0|47.0|25.142857142857142|0.0|False|False|False|False|0.6083333333333334|1.0|1.0|1.0|0.8825|EXCELLENT
21016|8.0|31.0|23.75|0.0|False|False|False|False|0.7416666666666667|1.0|1.0|1.0|0.9225|EXCELLENT
21017|9.0|55.0|23.22222222222222|2.0|False|True|False|False|0.5416666666666667|0.7777777777777778|1.0|1.0|0.7958333333333333|GOOD
21018|9.0|30.0|21.0|0.0|False|False|False|False|0.75|1.0|1.0|1.0|0.9249999999999999|EXCELLENT
21019|8.0|82.0|26.375|0.0|True|False|False|False|0.31666666666666665|1.0|1.0|1.0|0.7949999999999999|GOOD
21021|10.0|35.0|27.8|1.0|False|True|False|False|0.7083333333333333|0.9|1.0|1.0|0.8825|EXCELLENT
21022|8.0|52.0|25.0|1.0|False|True|False|False|0.5666666666666667|0.875|1.0|1.0|0.8324999999999999|GOOD
21023|9.0|73.0|35.888888888888886|0.0|False|False|False|False|0.3916666666666667|1.0|1.0|1.0|0.8175|GOOD
21024|7.0|35.0|27.857142857142858|0.0|False|False|False|False|0.7083333333333333|1.0|1.0|1.0|0.9125|EXCELLENT
21025|8.0|52.0|30.875|0.0|False|False|False|False|0.5666666666666667|1.0|1.0|1.0|0.87|EXCELLENT
21026|8.0|37.0|26.625|0.0|False|False|False|False|0.6916666666666667|1.0|1.0|1.0|0.9074999999999999|EXCELLENT
21027|7.0|59.0|24.285714285714285|0.0|False|False|False|False|0.5083333333333333|1.0|1.0|1.0|0.8524999999999999|EXCELLENT
21028|7.0|66.0|32.285714285714285|0.0|False|False|False|False|0.44999999999999996|1.0|1.0|1.0|0.8349999999999999|GOOD
21029|13.0|31.0|18.07692307692308|2.0|False|True|False|False|0.7416666666666667|0.8461538461538461|1.0|1.0|0.8763461538461538|EXCELLENT
21030|7.0|41.0|29.428571428571427|0.0|False|False|False|False|0.6583333333333333|1.0|1.0|1.0|0.8974999999999999|EXCELLENT
21031|7.0|46.0|26.142857142857142|0.0|False|False|False|False|0.6166666666666667|1.0|1.0|1.0|0.8849999999999999|EXCELLENT
21032|12.0|46.0|27.416666666666668|1.0|False|True|False|False|0.6166666666666667|0.9166666666666666|1.0|1.0|0.86|EXCELLENT
21033|7.0|67.0|26.142857142857142|1.0|False|True|False|False|0.44166666666666665|0.8571428571428572|1.0|1.0|0.7896428571428572|GOOD
21034|15.0|77.0|26.933333333333334|1.0|False|True|False|False|0.3583333333333333|0.9333333333333333|1.0|1.0|0.7875|GOOD
21036|9.0|30.0|21.88888888888889|0.0|False|False|False|False|0.75|1.0|1.0|1.0|0.9249999999999999|EXCELLENT
21037|11.0|45.0|20.09090909090909|0.0|False|False|False|False|0.625|1.0|1.0|1.0|0.8875|EXCELLENT
21039|12.0|59.0|22.25|0.0|False|False|False|False|0.5083333333333333|1.0|1.0|1.0|0.8524999999999999|EXCELLENT
21040|8.0|37.0|21.625|0.0|False|False|False|False|0.6916666666666667|1.0|1.0|1.0|0.9074999999999999|EXCELLENT
21041|8.0|73.0|23.5|1.0|False|True|False|False|0.3916666666666667|0.875|1.0|1.0|0.7799999999999999|GOOD
21043|2.0|24.0|19.5|0.0|False|False|False|False|0.8|1.0|1.0|1.0|0.9400000000000001|EXCELLENT
21047|14.0|55.0|29.928571428571427|0.0|False|False|False|False|0.5416666666666667|1.0|1.0|1.0|0.8624999999999999|EXCELLENT
21050|10.0|31.0|17.9|0.0|False|False|False|False|0.7416666666666667|1.0|1.0|1.0|0.9225|EXCELLENT
21051|12.0|65.0|26.0|0.0|False|False|False|False|0.45833333333333337|1.0|1.0|1.0|0.8375|GOOD
21052|15.0|30.0|15.933333333333334|2.0|False|True|False|False|0.75|0.8666666666666667|1.0|1.0|0.8849999999999999|EXCELLENT
21053|12.0|53.0|23.83333333333333|1.0|False|True|False|False|0.5583333333333333|0.9166666666666666|1.0|1.0|0.8424999999999999|GOOD
21054|13.0|20.0|14.0|2.0|False|True|False|False|0.8333333333333334|0.8461538461538461|1.0|1.0|0.9038461538461539|EXCELLENT
21055|10.0|32.0|20.2|0.0|False|False|False|False|0.7333333333333334|1.0|1.0|1.0|0.92|EXCELLENT
21056|7.0|38.0|27.0|0.0|False|False|False|False|0.6833333333333333|1.0|1.0|1.0|0.9049999999999999|EXCELLENT
21057|8.0|45.0|26.125|1.0|False|True|False|False|0.625|0.875|1.0|1.0|0.85|EXCELLENT
21058|12.0|37.0|18.58333333333333|3.0|False|True|False|False|0.6916666666666667|0.75|1.0|1.0|0.8324999999999999|GOOD
21059|20.0|47.0|19.2|3.0|False|True|False|False|0.6083333333333334|0.85|1.0|1.0|0.8375|GOOD
21060|11.0|55.0|24.363636363636363|2.0|False|True|False|False|0.5416666666666667|0.8181818181818181|1.0|1.0|0.8079545454545455|GOOD
21061|21.0|36.0|20.285714285714285|2.0|False|True|False|False|0.7|0.9047619047619048|1.0|1.0|0.8814285714285713|EXCELLENT
21065|4.0|49.0|29.25|0.0|False|False|False|False|0.5916666666666667|1.0|1.0|1.0|0.8775|EXCELLENT
21066|8.0|33.0|20.75|0.0|False|False|False|False|0.725|1.0|1.0|1.0|0.9174999999999999|EXCELLENT
21067|6.0|63.0|33.666666666666664|0.0|False|False|False|False|0.475|1.0|1.0|1.0|0.8424999999999999|GOOD
21069|9.0|39.0|25.0|9.0|False|True|False|False|0.675|0.0|1.0|1.0|0.6024999999999999|FAIR
21070|6.0|41.0|30.166666666666668|6.0|False|True|False|False|0.6583333333333333|0.0|1.0|1.0|0.5974999999999999|FAIR
21071|5.0|73.0|34.2|1.0|False|True|False|False|0.3916666666666667|0.8|1.0|1.0|0.7575|GOOD
21072|4.0|53.0|29.25|0.0|False|False|False|False|0.5583333333333333|1.0|1.0|1.0|0.8675|EXCELLENT
21073|11.0|42.0|26.09090909090909|0.0|False|False|False|False|0.65|1.0|1.0|1.0|0.8949999999999999|EXCELLENT
21074|6.0|32.0|21.666666666666668|0.0|False|False|False|False|0.7333333333333334|1.0|1.0|1.0|0.92|EXCELLENT
21075|2.0|62.0|39.0|0.0|False|False|False|False|0.4833333333333333|1.0|1.0|1.0|0.8449999999999999|GOOD
21082|13.0|78.0|28.0|1.0|False|True|False|False|0.35|0.9230769230769231|1.0|1.0|0.7819230769230768|GOOD
21086|7.0|56.0|24.142857142857142|0.0|False|False|False|False|0.5333333333333333|1.0|1.0|1.0|0.86|EXCELLENT
21091|11.0|39.0|23.181818181818183|0.0|False|False|False|False|0.675|1.0|1.0|1.0|0.9025|EXCELLENT
21095|9.0|53.0|25.22222222222222|1.0|False|True|False|False|0.5583333333333333|0.8888888888888888|1.0|1.0|0.8341666666666666|GOOD
21097|4.0|81.0|32.0|0.0|True|False|False|False|0.32499999999999996|1.0|1.0|1.0|0.7975|GOOD
21099|4.0|22.0|17.75|0.0|False|False|False|False|0.8166666666666667|1.0|1.0|1.0|0.945|EXCELLENT
21101|24.0|67.0|20.791666666666668|23.0|False|True|False|False|0.44166666666666665|0.04166666666666663|1.0|1.0|0.5449999999999999|FAIR
21102|7.0|53.0|25.857142857142858|0.0|False|False|False|False|0.5583333333333333|1.0|1.0|1.0|0.8675|EXCELLENT
21104|7.0|82.0|42.71428571428572|0.0|True|False|False|False|0.31666666666666665|1.0|1.0|1.0|0.7949999999999999|GOOD
21105|4.0|70.0|57.0|0.0|False|False|False|False|0.41666666666666663|1.0|1.0|1.0|0.825|GOOD
21106|6.0|38.0|26.666666666666668|1.0|False|True|False|False|0.6833333333333333|0.8333333333333334|1.0|1.0|0.8549999999999999|EXCELLENT
21107|9.0|40.0|27.666666666666668|0.0|False|False|False|False|0.6666666666666667|1.0|1.0|1.0|0.9|EXCELLENT
21111|20.0|52.0|22.8|20.0|False|True|False|False|0.5666666666666667|0.0|1.0|1.0|0.57|FAIR
21112|21.0|41.0|21.904761904761905|21.0|False|True|False|False|0.6583333333333333|0.0|1.0|1.0|0.5974999999999999|FAIR
21113|21.0|43.0|20.761904761904763|21.0|False|True|False|False|0.6416666666666666|0.0|1.0|1.0|0.5924999999999999|FAIR
21114|28.0|40.0|17.892857142857142|28.0|False|True|False|False|0.6666666666666667|0.0|1.0|1.0|0.6|FAIR
21122|15.0|46.0|16.4|2.0|False|True|False|False|0.6166666666666667|0.8666666666666667|1.0|1.0|0.845|GOOD
21124|17.0|37.0|15.882352941176473|1.0|False|True|False|False|0.6916666666666667|0.9411764705882353|1.0|1.0|0.8898529411764705|EXCELLENT
21126|5.0|54.0|34.2|0.0|False|False|False|False|0.55|1.0|1.0|1.0|0.8649999999999999|EXCELLENT
21129|9.0|76.0|31.444444444444443|0.0|False|False|False|False|0.3666666666666667|1.0|1.0|1.0|0.8099999999999999|GOOD
21132|8.0|45.0|26.125|0.0|False|False|False|False|0.625|1.0|1.0|1.0|0.8875|EXCELLENT
21133|9.0|29.0|20.33333333333333|1.0|False|True|False|False|0.7583333333333333|0.8888888888888888|1.0|1.0|0.8941666666666667|EXCELLENT
21134|16.0|50.0|20.875|7.0|False|True|False|False|0.5833333333333333|0.5625|1.0|1.0|0.7437499999999999|GOOD
21136|7.0|39.0|22.714285714285715|0.0|False|False|False|False|0.675|1.0|1.0|1.0|0.9025|EXCELLENT
21137|7.0|122.0|56.142857142857146|0.0|True|False|False|False|0.0|1.0|1.0|1.0|0.7|GOOD
21139|10.0|65.0|28.3|0.0|False|False|False|False|0.45833333333333337|1.0|1.0|1.0|0.8375|GOOD
21145|10.0|51.0|20.3|0.0|False|False|False|False|0.575|1.0|1.0|1.0|0.8724999999999999|EXCELLENT
21150|1.0|30.0|30.0|0.0|False|False|True|False|0.75|1.0|1.0|1.0|0.9249999999999999|EXCELLENT
21151|11.0|65.0|33.0|0.0|False|False|False|False|0.45833333333333337|1.0|1.0|1.0|0.8375|GOOD
21155|7.0|44.0|24.714285714285715|0.0|False|False|False|False|0.6333333333333333|1.0|1.0|1.0|0.89|EXCELLENT
21157|18.0|38.0|16.72222222222222|2.0|False|True|False|False|0.6833333333333333|0.8888888888888888|1.0|1.0|0.8716666666666667|EXCELLENT
21159|17.0|32.0|15.352941176470589|2.0|False|True|False|False|0.7333333333333334|0.8823529411764706|1.0|1.0|0.8847058823529411|EXCELLENT
21160|15.0|36.0|14.666666666666666|1.0|False|True|False|False|0.7|0.9333333333333333|1.0|1.0|0.89|EXCELLENT
21162|5.0|50.0|27.8|0.0|False|False|False|False|0.5833333333333333|1.0|1.0|1.0|0.8749999999999999|EXCELLENT
21167|11.0|41.0|18.818181818181817|6.0|False|True|False|False|0.6583333333333333|0.4545454545454546|1.0|1.0|0.7338636363636363|GOOD
21168|4.0|41.0|30.75|0.0|False|False|False|False|0.6583333333333333|1.0|1.0|1.0|0.8974999999999999|EXCELLENT
21169|7.0|33.0|17.142857142857142|0.0|False|False|False|False|0.725|1.0|1.0|1.0|0.9174999999999999|EXCELLENT
21170|4.0|52.0|38.25|0.0|False|False|False|False|0.5666666666666667|1.0|1.0|1.0|0.87|EXCELLENT
21171|13.0|62.0|30.53846153846154|1.0|False|True|False|False|0.4833333333333333|0.9230769230769231|1.0|1.0|0.8219230769230769|GOOD
21172|12.0|72.0|31.416666666666668|1.0|False|True|False|False|0.4|0.9166666666666666|1.0|1.0|0.7949999999999999|GOOD
21175|3.0|52.0|40.0|0.0|False|False|False|False|0.5666666666666667|1.0|1.0|1.0|0.87|EXCELLENT
21176|6.0|37.0|26.0|0.0|False|False|False|False|0.6916666666666667|1.0|1.0|1.0|0.9074999999999999|EXCELLENT
21177|8.0|26.0|21.875|1.0|False|True|False|False|0.7833333333333333|0.875|1.0|1.0|0.8975|EXCELLENT
21179|4.0|49.0|38.25|0.0|False|False|False|False|0.5916666666666667|1.0|1.0|1.0|0.8775|EXCELLENT
21183|7.0|49.0|27.285714285714285|0.0|False|False|False|False|0.5916666666666667|1.0|1.0|1.0|0.8775|EXCELLENT
21184|7.0|50.0|25.428571428571427|1.0|False|True|False|False|0.5833333333333333|0.8571428571428572|1.0|1.0|0.8321428571428572|GOOD
21185|7.0|24.0|19.857142857142858|0.0|False|False|False|False|0.8|1.0|1.0|1.0|0.9400000000000001|EXCELLENT
21187|4.0|46.0|28.75|4.0|False|True|False|False|0.6166666666666667|0.0|1.0|1.0|0.585|FAIR
21188|8.0|43.0|23.0|1.0|False|True|False|False|0.6416666666666666|0.875|1.0|1.0|0.8549999999999999|EXCELLENT
21189|3.0|54.0|45.0|1.0|False|True|False|False|0.55|0.6666666666666667|1.0|1.0|0.765|GOOD
21190|4.0|84.0|63.0|0.0|True|False|False|False|0.30000000000000004|1.0|1.0|1.0|0.7899999999999999|GOOD
21192|3.0|48.0|39.66666666666666|0.0|False|False|False|False|0.6|1.0|1.0|1.0|0.88|EXCELLENT
21193|2.0|92.0|78.5|0.0|True|False|False|False|0.23333333333333328|1.0|1.0|1.0|0.7699999999999999|GOOD
21194|7.0|21.0|15.857142857142858|1.0|False|True|False|False|0.825|0.8571428571428572|1.0|1.0|0.9046428571428572|EXCELLENT
21200|4.0|21.0|19.5|0.0|False|False|False|False|0.825|1.0|1.0|1.0|0.9474999999999999|EXCELLENT
21201|5.0|47.0|35.8|0.0|False|False|False|False|0.6083333333333334|1.0|1.0|1.0|0.8825|EXCELLENT
21202|1.0|42.0|42.0|0.0|False|False|True|False|0.65|1.0|1.0|1.0|0.8949999999999999|EXCELLENT
21203|4.0|50.0|32.5|0.0|False|False|False|False|0.5833333333333333|1.0|1.0|1.0|0.8749999999999999|EXCELLENT
21204|1.0|43.0|43.0|0.0|False|False|True|False|0.6416666666666666|1.0|1.0|1.0|0.8925|EXCELLENT
21205|4.0|63.0|38.25|0.0|False|False|False|False|0.475|1.0|1.0|1.0|0.8424999999999999|GOOD
21206|5.0|49.0|29.4|0.0|False|False|False|False|0.5916666666666667|1.0|1.0|1.0|0.8775|EXCELLENT
21207|9.0|68.0|27.88888888888889|0.0|False|False|False|False|0.43333333333333335|1.0|1.0|1.0|0.83|GOOD
21208|5.0|44.0|28.6|0.0|False|False|False|False|0.6333333333333333|1.0|1.0|1.0|0.89|EXCELLENT
21210|5.0|69.0|38.4|0.0|False|False|False|False|0.42500000000000004|1.0|1.0|1.0|0.8275|GOOD
21211|3.0|63.0|33.0|0.0|False|False|False|False|0.475|1.0|1.0|1.0|0.8424999999999999|GOOD
21212|7.0|54.0|29.0|0.0|False|False|False|False|0.55|1.0|1.0|1.0|0.8649999999999999|EXCELLENT
21214|3.0|31.0|17.0|1.0|False|True|False|False|0.7416666666666667|0.6666666666666667|1.0|1.0|0.8224999999999999|GOOD
21215|6.0|57.0|30.166666666666668|0.0|False|False|False|False|0.525|1.0|1.0|1.0|0.8575|EXCELLENT
21216|2.0|39.0|34.0|0.0|False|False|False|False|0.675|1.0|1.0|1.0|0.9025|EXCELLENT
21217|7.0|54.0|27.285714285714285|0.0|False|False|False|False|0.55|1.0|1.0|1.0|0.8649999999999999|EXCELLENT
21218|2.0|41.0|28.0|0.0|False|False|False|False|0.6583333333333333|1.0|1.0|1.0|0.8974999999999999|EXCELLENT
21219|7.0|58.0|26.857142857142858|1.0|False|True|False|False|0.5166666666666666|0.8571428571428572|1.0|1.0|0.8121428571428572|GOOD
21220|2.0|69.0|54.0|0.0|False|False|False|False|0.42500000000000004|1.0|1.0|1.0|0.8275|GOOD
21221|11.0|35.0|21.181818181818183|1.0|False|True|False|False|0.7083333333333333|0.9090909090909091|1.0|1.0|0.8852272727272726|EXCELLENT
21222|9.0|46.0|23.55555555555556|0.0|False|False|False|False|0.6166666666666667|1.0|1.0|1.0|0.8849999999999999|EXCELLENT
21225|4.0|49.0|30.25|0.0|False|False|False|False|0.5916666666666667|1.0|1.0|1.0|0.8775|EXCELLENT
21228|2.0|44.0|28.0|0.0|False|False|False|False|0.6333333333333333|1.0|1.0|1.0|0.89|EXCELLENT
21234|4.0|52.0|32.75|0.0|False|False|False|False|0.5666666666666667|1.0|1.0|1.0|0.87|EXCELLENT
21236|6.0|19.0|14.5|0.0|False|False|False|False|0.8416666666666667|1.0|1.0|1.0|0.9525|EXCELLENT
21239|3.0|42.0|35.333333333333336|0.0|False|False|False|False|0.65|1.0|1.0|1.0|0.8949999999999999|EXCELLENT
21242|1.0|38.0|38.0|0.0|False|False|True|False|0.6833333333333333|1.0|1.0|1.0|0.9049999999999999|EXCELLENT
21243|3.0|93.0|43.66666666666666|0.0|True|False|False|False|0.22499999999999998|1.0|1.0|1.0|0.7675|GOOD
21245|4.0|36.0|23.75|0.0|False|False|False|False|0.7|1.0|1.0|1.0|0.91|EXCELLENT
21246|5.0|62.0|32.8|0.0|False|False|False|False|0.4833333333333333|1.0|1.0|1.0|0.8449999999999999|GOOD
21247|3.0|44.0|27.33333333333333|1.0|False|True|False|False|0.6333333333333333|0.6666666666666667|1.0|1.0|0.7899999999999999|GOOD
21249|3.0|35.0|22.33333333333333|0.0|False|False|False|False|0.7083333333333333|1.0|1.0|1.0|0.9125|EXCELLENT
21250|12.0|42.0|19.916666666666668|1.0|False|True|False|False|0.65|0.9166666666666666|1.0|1.0|0.87|EXCELLENT
21251|3.0|66.0|53.66666666666666|0.0|False|False|False|False|0.44999999999999996|1.0|1.0|1.0|0.8349999999999999|GOOD
21252|9.0|36.0|21.22222222222222|1.0|False|True|False|False|0.7|0.8888888888888888|1.0|1.0|0.8766666666666666|EXCELLENT
21253|2.0|64.0|41.0|0.0|False|False|False|False|0.4666666666666667|1.0|1.0|1.0|0.84|GOOD
21254|2.0|94.0|73.0|0.0|True|False|False|False|0.21666666666666667|1.0|1.0|1.0|0.765|GOOD
21255|5.0|78.0|39.2|0.0|False|False|False|False|0.35|1.0|1.0|1.0|0.8049999999999999|GOOD
21256|6.0|37.0|24.666666666666668|0.0|False|False|False|False|0.6916666666666667|1.0|1.0|1.0|0.9074999999999999|EXCELLENT
21257|10.0|61.0|25.4|1.0|False|True|False|False|0.4916666666666667|0.9|1.0|1.0|0.8175|GOOD
21259|17.0|57.0|24.94117647058824|0.0|False|False|False|False|0.525|1.0|1.0|1.0|0.8575|EXCELLENT
21260|12.0|29.0|18.83333333333333|0.0|False|False|False|False|0.7583333333333333|1.0|1.0|1.0|0.9274999999999999|EXCELLENT
21263|7.0|71.0|39.142857142857146|0.0|False|False|False|False|0.4083333333333333|1.0|1.0|1.0|0.8224999999999999|GOOD
21267|8.0|63.0|30.75|0.0|False|False|False|False|0.475|1.0|1.0|1.0|0.8424999999999999|GOOD
21270|9.0|44.0|18.77777777777778|1.0|False|True|False|False|0.6333333333333333|0.8888888888888888|1.0|1.0|0.8566666666666666|EXCELLENT
21273|10.0|34.0|20.3|0.0|False|False|False|False|0.7166666666666667|1.0|1.0|1.0|0.9149999999999999|EXCELLENT
21276|7.0|51.0|28.0|0.0|False|False|False|False|0.575|1.0|1.0|1.0|0.8724999999999999|EXCELLENT
21277|8.0|45.0|26.5|0.0|False|False|False|False|0.625|1.0|1.0|1.0|0.8875|EXCELLENT
21278|9.0|34.0|23.666666666666668|0.0|False|False|False|False|0.7166666666666667|1.0|1.0|1.0|0.9149999999999999|EXCELLENT
21280|22.0|41.0|20.045454545454547|3.0|False|True|False|False|0.6583333333333333|0.8636363636363636|1.0|1.0|0.8565909090909091|EXCELLENT
21281|8.0|61.0|27.625|0.0|False|False|False|False|0.4916666666666667|1.0|1.0|1.0|0.8475|GOOD
21283|8.0|36.0|23.5|0.0|False|False|False|False|0.7|1.0|1.0|1.0|0.91|EXCELLENT
21284|13.0|24.0|15.692307692307692|2.0|False|True|False|False|0.8|0.8461538461538461|1.0|1.0|0.8938461538461538|EXCELLENT
21286|6.0|41.0|30.5|0.0|False|False|False|False|0.6583333333333333|1.0|1.0|1.0|0.8974999999999999|EXCELLENT
21287|19.0|35.0|18.31578947368421|0.0|False|False|False|False|0.7083333333333333|1.0|1.0|1.0|0.9125|EXCELLENT
21288|7.0|48.0|27.0|0.0|False|False|False|False|0.6|1.0|1.0|1.0|0.88|EXCELLENT
21289|11.0|33.0|20.90909090909091|0.0|False|False|False|False|0.725|1.0|1.0|1.0|0.9174999999999999|EXCELLENT
21290|7.0|63.0|36.142857142857146|0.0|False|False|False|False|0.475|1.0|1.0|1.0|0.8424999999999999|GOOD
21291|5.0|38.0|31.2|5.0|False|True|False|False|0.6833333333333333|0.0|1.0|1.0|0.605|FAIR
21293|5.0|41.0|30.2|0.0|False|False|False|False|0.6583333333333333|1.0|1.0|1.0|0.8974999999999999|EXCELLENT
21294|8.0|42.0|21.25|2.0|False|True|False|False|0.65|0.75|1.0|1.0|0.82|GOOD
21295|6.0|35.0|18.0|0.0|False|False|False|False|0.7083333333333333|1.0|1.0|1.0|0.9125|EXCELLENT
21296|15.0|97.0|25.2|1.0|True|True|False|False|0.19166666666666665|0.9333333333333333|1.0|1.0|0.7374999999999999|GOOD
21297|3.0|55.0|44.66666666666666|0.0|False|False|False|False|0.5416666666666667|1.0|1.0|1.0|0.8624999999999999|EXCELLENT
21298|1.0|55.0|55.0|0.0|False|False|True|False|0.5416666666666667|1.0|1.0|1.0|0.8624999999999999|EXCELLENT
21299|4.0|115.0|50.0|0.0|True|False|False|False|0.04166666666666663|1.0|1.0|1.0|0.7125|GOOD
21301|6.0|27.0|20.0|0.0|False|False|False|False|0.775|1.0|1.0|1.0|0.9325|EXCELLENT
21302|8.0|57.0|28.25|0.0|False|False|False|False|0.525|1.0|1.0|1.0|0.8575|EXCELLENT
21303|8.0|43.0|24.75|1.0|False|True|False|False|0.6416666666666666|0.875|1.0|1.0|0.8549999999999999|EXCELLENT
21304|9.0|33.0|21.444444444444443|0.0|False|False|False|False|0.725|1.0|1.0|1.0|0.9174999999999999|EXCELLENT
21305|10.0|33.0|22.4|0.0|False|False|False|False|0.725|1.0|1.0|1.0|0.9174999999999999|EXCELLENT
21306|6.0|69.0|36.16666666666666|0.0|False|False|False|False|0.42500000000000004|1.0|1.0|1.0|0.8275|GOOD
21309|6.0|40.0|25.5|0.0|False|False|False|False|0.6666666666666667|1.0|1.0|1.0|0.9|EXCELLENT
21310|13.0|42.0|19.23076923076923|2.0|False|True|False|False|0.65|0.8461538461538461|1.0|1.0|0.8488461538461538|GOOD
21311|4.0|40.0|26.25|0.0|False|False|False|False|0.6666666666666667|1.0|1.0|1.0|0.9|EXCELLENT
21312|8.0|34.0|20.375|1.0|False|True|False|False|0.7166666666666667|0.875|1.0|1.0|0.8775000000000001|EXCELLENT
21313|5.0|24.0|19.4|0.0|False|False|False|False|0.8|1.0|1.0|1.0|0.9400000000000001|EXCELLENT
21314|7.0|37.0|22.428571428571427|0.0|False|False|False|False|0.6916666666666667|1.0|1.0|1.0|0.9074999999999999|EXCELLENT
21315|11.0|46.0|27.272727272727277|3.0|False|True|False|False|0.6166666666666667|0.7272727272727273|1.0|1.0|0.8031818181818181|GOOD
21316|7.0|45.0|24.285714285714285|0.0|False|False|False|False|0.625|1.0|1.0|1.0|0.8875|EXCELLENT
21320|10.0|35.0|19.8|0.0|False|False|False|False|0.7083333333333333|1.0|1.0|1.0|0.9125|EXCELLENT
21321|7.0|35.0|22.428571428571427|7.0|False|True|False|False|0.7083333333333333|0.0|1.0|1.0|0.6124999999999999|FAIR
21322|9.0|34.0|21.33333333333333|0.0|False|False|False|False|0.7166666666666667|1.0|1.0|1.0|0.9149999999999999|EXCELLENT
21323|9.0|47.0|20.666666666666668|0.0|False|False|False|False|0.6083333333333334|1.0|1.0|1.0|0.8825|EXCELLENT
21324|11.0|73.0|34.81818181818182|1.0|False|True|False|False|0.3916666666666667|0.9090909090909091|1.0|1.0|0.7902272727272727|GOOD
21326|5.0|44.0|31.0|0.0|False|False|False|False|0.6333333333333333|1.0|1.0|1.0|0.89|EXCELLENT
21329|7.0|30.0|24.428571428571427|0.0|False|False|False|False|0.75|1.0|1.0|1.0|0.9249999999999999|EXCELLENT
21330|6.0|49.0|23.5|0.0|False|False|False|False|0.5916666666666667|1.0|1.0|1.0|0.8775|EXCELLENT
21331|7.0|39.0|20.0|1.0|False|True|False|False|0.675|0.8571428571428572|1.0|1.0|0.8596428571428572|EXCELLENT
21332|7.0|45.0|30.285714285714285|1.0|False|True|False|False|0.625|0.8571428571428572|1.0|1.0|0.8446428571428571|GOOD
21333|5.0|41.0|33.0|1.0|False|True|False|False|0.6583333333333333|0.8|1.0|1.0|0.8375|GOOD
21334|3.0|77.0|48.66666666666666|0.0|False|False|False|False|0.3583333333333333|1.0|1.0|1.0|0.8075|GOOD
21335|2.0|128.0|76.0|0.0|True|False|False|False|0.0|1.0|1.0|1.0|0.7|GOOD
21336|4.0|31.0|25.75|0.0|False|False|False|False|0.7416666666666667|1.0|1.0|1.0|0.9225|EXCELLENT
21337|5.0|40.0|29.4|0.0|False|False|False|False|0.6666666666666667|1.0|1.0|1.0|0.9|EXCELLENT
21338|8.0|56.0|20.75|1.0|False|True|False|False|0.5333333333333333|0.875|1.0|1.0|0.8224999999999999|GOOD
21339|10.0|34.0|17.8|1.0|False|True|False|False|0.7166666666666667|0.9|1.0|1.0|0.8849999999999999|EXCELLENT
21340|7.0|32.0|20.142857142857142|0.0|False|False|False|False|0.7333333333333334|1.0|1.0|1.0|0.92|EXCELLENT
21341|3.0|98.0|51.333333333333336|0.0|True|False|False|False|0.18333333333333335|1.0|1.0|1.0|0.755|GOOD
21342|12.0|73.0|22.25|0.0|False|False|False|False|0.3916666666666667|1.0|1.0|1.0|0.8175|GOOD
21345|13.0|38.0|21.615384615384617|0.0|False|False|False|False|0.6833333333333333|1.0|1.0|1.0|0.9049999999999999|EXCELLENT
21346|4.0|41.0|29.75|0.0|False|False|False|False|0.6583333333333333|1.0|1.0|1.0|0.8974999999999999|EXCELLENT
21347|11.0|55.0|25.181818181818183|1.0|False|True|False|False|0.5416666666666667|0.9090909090909091|1.0|1.0|0.8352272727272726|GOOD
21348|14.0|53.0|22.428571428571427|1.0|False|True|False|False|0.5583333333333333|0.9285714285714286|1.0|1.0|0.8460714285714285|GOOD
21349|7.0|36.0|30.571428571428573|1.0|False|True|False|False|0.7|0.8571428571428572|1.0|1.0|0.8671428571428571|EXCELLENT
21350|12.0|44.0|21.666666666666668|1.0|False|True|False|False|0.6333333333333333|0.9166666666666666|1.0|1.0|0.8649999999999999|EXCELLENT
21351|4.0|32.0|23.75|0.0|False|False|False|False|0.7333333333333334|1.0|1.0|1.0|0.92|EXCELLENT
21352|10.0|33.0|22.4|2.0|False|True|False|False|0.725|0.8|1.0|1.0|0.8575|EXCELLENT
21353|4.0|56.0|39.75|0.0|False|False|False|False|0.5333333333333333|1.0|1.0|1.0|0.86|EXCELLENT
21356|12.0|61.0|24.416666666666668|1.0|False|True|False|False|0.4916666666666667|0.9166666666666666|1.0|1.0|0.8224999999999999|GOOD
21357|8.0|58.0|30.5|0.0|False|False|False|False|0.5166666666666666|1.0|1.0|1.0|0.8549999999999999|EXCELLENT
21359|7.0|72.0|33.57142857142857|0.0|False|False|False|False|0.4|1.0|1.0|1.0|0.82|GOOD
21361|6.0|40.0|23.33333333333333|0.0|False|False|False|False|0.6666666666666667|1.0|1.0|1.0|0.9|EXCELLENT
21363|14.0|44.0|16.642857142857142|4.0|False|True|False|False|0.6333333333333333|0.7142857142857143|1.0|1.0|0.8042857142857142|GOOD
21367|13.0|71.0|20.53846153846154|3.0|False|True|False|False|0.4083333333333333|0.7692307692307692|1.0|1.0|0.7532692307692307|GOOD
21369|22.0|26.0|17.045454545454547|0.0|False|False|False|False|0.7833333333333333|1.0|1.0|1.0|0.9349999999999999|EXCELLENT
21370|21.0|53.0|21.666666666666668|21.0|False|True|False|False|0.5583333333333333|0.0|1.0|1.0|0.5675|FAIR
21372|10.0|65.0|27.4|1.0|False|True|False|False|0.45833333333333337|0.9|1.0|1.0|0.8075|GOOD
21373|14.0|34.0|17.142857142857142|1.0|False|True|False|False|0.7166666666666667|0.9285714285714286|1.0|1.0|0.8935714285714286|EXCELLENT
21375|3.0|76.0|44.333333333333336|0.0|False|False|False|False|0.3666666666666667|1.0|1.0|1.0|0.8099999999999999|GOOD
21376|19.0|66.0|17.263157894736842|1.0|False|True|False|False|0.44999999999999996|0.9473684210526316|1.0|1.0|0.8192105263157895|GOOD
21377|17.0|42.0|19.58823529411765|3.0|False|True|False|False|0.65|0.8235294117647058|1.0|1.0|0.8420588235294116|GOOD
21379|15.0|46.0|19.73333333333333|0.0|False|False|False|False|0.6166666666666667|1.0|1.0|1.0|0.8849999999999999|EXCELLENT
21380|14.0|57.0|23.214285714285715|1.0|False|True|False|False|0.525|0.9285714285714286|1.0|1.0|0.8360714285714285|GOOD
21381|2.0|35.0|26.0|0.0|False|False|False|False|0.7083333333333333|1.0|1.0|1.0|0.9125|EXCELLENT
21382|14.0|54.0|23.357142857142858|0.0|False|False|False|False|0.55|1.0|1.0|1.0|0.8649999999999999|EXCELLENT
21384|12.0|34.0|12.833333333333334|4.0|False|True|False|False|0.7166666666666667|0.6666666666666667|1.0|1.0|0.8150000000000001|GOOD
21385|9.0|37.0|21.33333333333333|0.0|False|False|False|False|0.6916666666666667|1.0|1.0|1.0|0.9074999999999999|EXCELLENT
21386|10.0|21.0|11.6|0.0|False|False|False|False|0.825|1.0|1.0|1.0|0.9474999999999999|EXCELLENT
21387|10.0|29.0|15.5|0.0|False|False|False|False|0.7583333333333333|1.0|1.0|1.0|0.9274999999999999|EXCELLENT
21388|14.0|36.0|18.714285714285715|0.0|False|False|False|False|0.7|1.0|1.0|1.0|0.91|EXCELLENT
21389|6.0|50.0|33.666666666666664|0.0|False|False|False|False|0.5833333333333333|1.0|1.0|1.0|0.8749999999999999|EXCELLENT
21390|10.0|35.0|20.1|1.0|False|True|False|False|0.7083333333333333|0.9|1.0|1.0|0.8825|EXCELLENT
21391|10.0|37.0|21.3|0.0|False|False|False|False|0.6916666666666667|1.0|1.0|1.0|0.9074999999999999|EXCELLENT
21392|17.0|32.0|20.058823529411764|1.0|False|True|False|False|0.7333333333333334|0.9411764705882353|1.0|1.0|0.9023529411764705|EXCELLENT
21393|14.0|44.0|20.857142857142858|2.0|False|True|False|False|0.6333333333333333|0.8571428571428572|1.0|1.0|0.8471428571428571|GOOD
21394|5.0|80.0|51.0|0.0|False|False|False|False|0.33333333333333337|1.0|1.0|1.0|0.7999999999999999|GOOD
21397|5.0|44.0|26.0|0.0|False|False|False|False|0.6333333333333333|1.0|1.0|1.0|0.89|EXCELLENT
21398|5.0|74.0|29.4|0.0|False|False|False|False|0.3833333333333333|1.0|1.0|1.0|0.815|GOOD
21399|7.0|93.0|33.285714285714285|0.0|True|False|False|False|0.22499999999999998|1.0|1.0|1.0|0.7675|GOOD
21401|9.0|50.0|22.88888888888889|1.0|False|True|False|False|0.5833333333333333|0.8888888888888888|1.0|1.0|0.8416666666666667|GOOD
21403|5.0|44.0|28.2|0.0|False|False|False|False|0.6333333333333333|1.0|1.0|1.0|0.89|EXCELLENT
21404|17.0|44.0|24.647058823529413|0.0|False|False|False|False|0.6333333333333333|1.0|1.0|1.0|0.89|EXCELLENT
21405|15.0|54.0|19.933333333333334|1.0|False|True|False|False|0.55|0.9333333333333333|1.0|1.0|0.8449999999999999|GOOD
21407|5.0|77.0|36.6|1.0|False|True|False|False|0.3583333333333333|0.8|1.0|1.0|0.7474999999999999|GOOD
21408|2.0|70.0|66.5|0.0|False|False|False|False|0.41666666666666663|1.0|1.0|1.0|0.825|GOOD
21409|8.0|32.0|20.75|1.0|False|True|False|False|0.7333333333333334|0.875|1.0|1.0|0.8825|EXCELLENT
21410|3.0|39.0|23.666666666666668|0.0|False|False|False|False|0.675|1.0|1.0|1.0|0.9025|EXCELLENT
21411|4.0|38.0|26.25|0.0|False|False|False|False|0.6833333333333333|1.0|1.0|1.0|0.9049999999999999|EXCELLENT
21413|3.0|64.0|42.66666666666666|0.0|False|False|False|False|0.4666666666666667|1.0|1.0|1.0|0.84|GOOD
21414|6.0|57.0|24.83333333333333|0.0|False|False|False|False|0.525|1.0|1.0|1.0|0.8575|EXCELLENT
21415|7.0|58.0|25.0|1.0|False|True|False|False|0.5166666666666666|0.8571428571428572|1.0|1.0|0.8121428571428572|GOOD
21417|4.0|46.0|28.75|0.0|False|False|False|False|0.6166666666666667|1.0|1.0|1.0|0.8849999999999999|EXCELLENT
21418|4.0|43.0|30.5|0.0|False|False|False|False|0.6416666666666666|1.0|1.0|1.0|0.8925|EXCELLENT
21419|4.0|41.0|29.75|0.0|False|False|False|False|0.6583333333333333|1.0|1.0|1.0|0.8974999999999999|EXCELLENT
21420|4.0|23.0|20.5|1.0|False|True|False|False|0.8083333333333333|0.75|1.0|1.0|0.8674999999999999|EXCELLENT
21421|9.0|85.0|34.111111111111114|0.0|True|False|False|False|0.29166666666666663|1.0|1.0|1.0|0.7875|GOOD
21422|3.0|33.0|29.666666666666668|0.0|False|False|False|False|0.725|1.0|1.0|1.0|0.9174999999999999|EXCELLENT
21423|8.0|50.0|27.125|0.0|False|False|False|False|0.5833333333333333|1.0|1.0|1.0|0.8749999999999999|EXCELLENT
21424|8.0|35.0|28.0|0.0|False|False|False|False|0.7083333333333333|1.0|1.0|1.0|0.9125|EXCELLENT
21425|2.0|61.0|38.5|0.0|False|False|False|False|0.4916666666666667|1.0|1.0|1.0|0.8475|GOOD
21426|3.0|44.0|31.33333333333333|0.0|False|False|False|False|0.6333333333333333|1.0|1.0|1.0|0.89|EXCELLENT
21427|6.0|67.0|27.166666666666668|0.0|False|False|False|False|0.44166666666666665|1.0|1.0|1.0|0.8324999999999999|GOOD
21428|5.0|72.0|30.2|0.0|False|False|False|False|0.4|1.0|1.0|1.0|0.82|GOOD
21429|7.0|37.0|26.285714285714285|0.0|False|False|False|False|0.6916666666666667|1.0|1.0|1.0|0.9074999999999999|EXCELLENT
21430|13.0|57.0|24.307692307692307|0.0|False|False|False|False|0.525|1.0|1.0|1.0|0.8575|EXCELLENT
21432|6.0|68.0|36.66666666666666|0.0|False|False|False|False|0.43333333333333335|1.0|1.0|1.0|0.83|GOOD
21433|8.0|28.0|17.25|0.0|False|False|False|False|0.7666666666666666|1.0|1.0|1.0|0.93|EXCELLENT
21434|6.0|54.0|32.333333333333336|0.0|False|False|False|False|0.55|1.0|1.0|1.0|0.8649999999999999|EXCELLENT
21435|13.0|41.0|19.846153846153847|4.0|False|True|False|False|0.6583333333333333|0.6923076923076923|1.0|1.0|0.8051923076923077|GOOD
21436|11.0|29.0|18.09090909090909|0.0|False|False|False|False|0.7583333333333333|1.0|1.0|1.0|0.9274999999999999|EXCELLENT
21437|14.0|50.0|21.714285714285715|1.0|False|True|False|False|0.5833333333333333|0.9285714285714286|1.0|1.0|0.8535714285714285|EXCELLENT
21438|9.0|57.0|25.22222222222222|0.0|False|False|False|False|0.525|1.0|1.0|1.0|0.8575|EXCELLENT
21439|14.0|35.0|17.142857142857142|3.0|False|True|False|False|0.7083333333333333|0.7857142857142857|1.0|1.0|0.8482142857142857|GOOD
21440|6.0|42.0|27.166666666666668|0.0|False|False|False|False|0.65|1.0|1.0|1.0|0.8949999999999999|EXCELLENT
21441|9.0|26.0|16.77777777777778|1.0|False|True|False|False|0.7833333333333333|0.8888888888888888|1.0|1.0|0.9016666666666667|EXCELLENT
21442|17.0|36.0|17.647058823529413|0.0|False|False|False|False|0.7|1.0|1.0|1.0|0.91|EXCELLENT
21443|7.0|30.0|21.142857142857142|0.0|False|False|False|False|0.75|1.0|1.0|1.0|0.9249999999999999|EXCELLENT
21444|8.0|30.0|21.875|1.0|False|True|False|False|0.75|0.875|1.0|1.0|0.8875|EXCELLENT
21445|13.0|38.0|15.692307692307692|0.0|False|False|False|False|0.6833333333333333|1.0|1.0|1.0|0.9049999999999999|EXCELLENT
21446|21.0|36.0|20.476190476190474|1.0|False|True|False|False|0.7|0.9523809523809523|1.0|1.0|0.8957142857142856|EXCELLENT
21447|14.0|21.0|13.285714285714286|0.0|False|False|False|False|0.825|1.0|1.0|1.0|0.9474999999999999|EXCELLENT
21448|4.0|50.0|34.5|0.0|False|False|False|False|0.5833333333333333|1.0|1.0|1.0|0.8749999999999999|EXCELLENT
21451|11.0|55.0|26.363636363636363|0.0|False|False|False|False|0.5416666666666667|1.0|1.0|1.0|0.8624999999999999|EXCELLENT
21452|4.0|42.0|25.25|0.0|False|False|False|False|0.65|1.0|1.0|1.0|0.8949999999999999|EXCELLENT
21455|14.0|28.0|18.071428571428573|0.0|False|False|False|False|0.7666666666666666|1.0|1.0|1.0|0.93|EXCELLENT
21456|4.0|37.0|26.5|0.0|False|False|False|False|0.6916666666666667|1.0|1.0|1.0|0.9074999999999999|EXCELLENT
21457|12.0|48.0|17.5|3.0|False|True|False|False|0.6|0.75|1.0|1.0|0.8049999999999999|GOOD
21462|3.0|63.0|50.0|0.0|False|False|False|False|0.475|1.0|1.0|1.0|0.8424999999999999|GOOD
21463|4.0|65.0|37.25|1.0|False|True|False|False|0.45833333333333337|0.75|1.0|1.0|0.7625|GOOD
21464|6.0|45.0|26.0|0.0|False|False|False|False|0.625|1.0|1.0|1.0|0.8875|EXCELLENT
21465|5.0|85.0|44.0|0.0|True|False|False|False|0.29166666666666663|1.0|1.0|1.0|0.7875|GOOD
21466|9.0|52.0|26.0|0.0|False|False|False|False|0.5666666666666667|1.0|1.0|1.0|0.87|EXCELLENT
21467|8.0|65.0|30.625|0.0|False|False|False|False|0.45833333333333337|1.0|1.0|1.0|0.8375|GOOD
21468|3.0|38.0|23.33333333333333|0.0|False|False|False|False|0.6833333333333333|1.0|1.0|1.0|0.9049999999999999|EXCELLENT
21469|5.0|48.0|28.2|1.0|False|True|False|False|0.6|0.8|1.0|1.0|0.82|GOOD
21470|9.0|49.0|21.88888888888889|1.0|False|True|False|False|0.5916666666666667|0.8888888888888888|1.0|1.0|0.8441666666666666|GOOD
21471|5.0|45.0|24.4|0.0|False|False|False|False|0.625|1.0|1.0|1.0|0.8875|EXCELLENT
21472|3.0|24.0|17.666666666666668|0.0|False|False|False|False|0.8|1.0|1.0|1.0|0.9400000000000001|EXCELLENT
21473|2.0|50.0|38.0|0.0|False|False|False|False|0.5833333333333333|1.0|1.0|1.0|0.8749999999999999|EXCELLENT
21475|8.0|45.0|28.625|0.0|False|False|False|False|0.625|1.0|1.0|1.0|0.8875|EXCELLENT
21476|4.0|35.0|32.0|1.0|False|True|False|False|0.7083333333333333|0.75|1.0|1.0|0.8374999999999999|GOOD
21477|4.0|56.0|43.25|0.0|False|False|False|False|0.5333333333333333|1.0|1.0|1.0|0.86|EXCELLENT
21478|3.0|45.0|31.666666666666668|0.0|False|False|False|False|0.625|1.0|1.0|1.0|0.8875|EXCELLENT
21479|6.0|44.0|28.166666666666668|0.0|False|False|False|False|0.6333333333333333|1.0|1.0|1.0|0.89|EXCELLENT
21480|3.0|25.0|22.33333333333333|0.0|False|False|False|False|0.7916666666666666|1.0|1.0|1.0|0.9374999999999999|EXCELLENT
21481|5.0|33.0|18.4|1.0|False|True|False|False|0.725|0.8|1.0|1.0|0.8575|EXCELLENT
21482|1.0|56.0|56.0|0.0|False|False|True|False|0.5333333333333333|1.0|1.0|1.0|0.86|EXCELLENT
21485|6.0|56.0|32.333333333333336|6.0|False|True|False|False|0.5333333333333333|0.0|1.0|1.0|0.5599999999999999|FAIR
21486|12.0|56.0|27.83333333333333|12.0|False|True|False|False|0.5333333333333333|0.0|1.0|1.0|0.5599999999999999|FAIR
21490|4.0|87.0|42.25|0.0|True|False|False|False|0.275|1.0|1.0|1.0|0.7825|GOOD
21491|3.0|66.0|47.333333333333336|0.0|False|False|False|False|0.44999999999999996|1.0|1.0|1.0|0.8349999999999999|GOOD
21492|5.0|50.0|25.4|0.0|False|False|False|False|0.5833333333333333|1.0|1.0|1.0|0.8749999999999999|EXCELLENT
21493|2.0|41.0|35.0|0.0|False|False|False|False|0.6583333333333333|1.0|1.0|1.0|0.8974999999999999|EXCELLENT
21494|6.0|61.0|28.33333333333333|0.0|False|False|False|False|0.4916666666666667|1.0|1.0|1.0|0.8475|GOOD
21495|11.0|49.0|24.818181818181817|0.0|False|False|False|False|0.5916666666666667|1.0|1.0|1.0|0.8775|EXCELLENT
21496|2.0|59.0|34.5|0.0|False|False|False|False|0.5083333333333333|1.0|1.0|1.0|0.8524999999999999|EXCELLENT
21497|2.0|36.0|29.0|0.0|False|False|False|False|0.7|1.0|1.0|1.0|0.91|EXCELLENT
21499|3.0|67.0|37.333333333333336|0.0|False|False|False|False|0.44166666666666665|1.0|1.0|1.0|0.8324999999999999|GOOD
21500|5.0|65.0|36.8|0.0|False|False|False|False|0.45833333333333337|1.0|1.0|1.0|0.8375|GOOD
21501|3.0|33.0|29.666666666666668|0.0|False|False|False|False|0.725|1.0|1.0|1.0|0.9174999999999999|EXCELLENT
21502|3.0|28.0|22.666666666666668|1.0|False|True|False|False|0.7666666666666666|0.6666666666666667|1.0|1.0|0.83|GOOD
21503|3.0|61.0|40.333333333333336|0.0|False|False|False|False|0.4916666666666667|1.0|1.0|1.0|0.8475|GOOD
21504|6.0|60.0|26.33333333333333|0.0|False|False|False|False|0.5|1.0|1.0|1.0|0.85|EXCELLENT
21505|4.0|53.0|31.75|0.0|False|False|False|False|0.5583333333333333|1.0|1.0|1.0|0.8675|EXCELLENT
21506|6.0|38.0|25.166666666666668|0.0|False|False|False|False|0.6833333333333333|1.0|1.0|1.0|0.9049999999999999|EXCELLENT
21507|6.0|43.0|27.33333333333333|1.0|False|True|False|False|0.6416666666666666|0.8333333333333334|1.0|1.0|0.8424999999999999|GOOD
21509|11.0|32.0|18.727272727272727|3.0|False|True|False|False|0.7333333333333334|0.7272727272727273|1.0|1.0|0.8381818181818181|GOOD
21510|9.0|40.0|23.444444444444443|1.0|False|True|False|False|0.6666666666666667|0.8888888888888888|1.0|1.0|0.8666666666666666|EXCELLENT
21511|6.0|66.0|32.5|1.0|False|True|False|False|0.44999999999999996|0.8333333333333334|1.0|1.0|0.785|GOOD
21512|6.0|48.0|27.33333333333333|0.0|False|False|False|False|0.6|1.0|1.0|1.0|0.88|EXCELLENT
21513|7.0|50.0|30.428571428571427|0.0|False|False|False|False|0.5833333333333333|1.0|1.0|1.0|0.8749999999999999|EXCELLENT
21514|6.0|43.0|30.33333333333333|0.0|False|False|False|False|0.6416666666666666|1.0|1.0|1.0|0.8925|EXCELLENT
21515|6.0|52.0|31.33333333333333|0.0|False|False|False|False|0.5666666666666667|1.0|1.0|1.0|0.87|EXCELLENT
21516|6.0|66.0|38.0|0.0|False|False|False|False|0.44999999999999996|1.0|1.0|1.0|0.8349999999999999|GOOD
21517|7.0|54.0|29.285714285714285|0.0|False|False|False|False|0.55|1.0|1.0|1.0|0.8649999999999999|EXCELLENT
21518|12.0|39.0|21.916666666666668|0.0|False|False|False|False|0.675|1.0|1.0|1.0|0.9025|EXCELLENT
21519|12.0|32.0|20.416666666666668|1.0|False|True|False|False|0.7333333333333334|0.9166666666666666|1.0|1.0|0.8949999999999999|EXCELLENT
21520|13.0|41.0|19.307692307692307|4.0|False|True|False|False|0.6583333333333333|0.6923076923076923|1.0|1.0|0.8051923076923077|GOOD
21521|8.0|51.0|33.25|0.0|False|False|False|False|0.575|1.0|1.0|1.0|0.8724999999999999|EXCELLENT
21522|7.0|38.0|22.0|0.0|False|False|False|False|0.6833333333333333|1.0|1.0|1.0|0.9049999999999999|EXCELLENT
21523|10.0|42.0|24.7|0.0|False|False|False|False|0.65|1.0|1.0|1.0|0.8949999999999999|EXCELLENT
21524|11.0|27.0|19.181818181818183|2.0|False|True|False|False|0.775|0.8181818181818181|1.0|1.0|0.8779545454545453|EXCELLENT
21528|9.0|42.0|23.22222222222222|0.0|False|False|False|False|0.65|1.0|1.0|1.0|0.8949999999999999|EXCELLENT
21529|10.0|40.0|23.1|0.0|False|False|False|False|0.6666666666666667|1.0|1.0|1.0|0.9|EXCELLENT
21530|12.0|31.0|19.5|0.0|False|False|False|False|0.7416666666666667|1.0|1.0|1.0|0.9225|EXCELLENT
21531|8.0|85.0|33.875|0.0|True|False|False|False|0.29166666666666663|1.0|1.0|1.0|0.7875|GOOD
21532|6.0|49.0|40.16666666666666|0.0|False|False|False|False|0.5916666666666667|1.0|1.0|1.0|0.8775|EXCELLENT
21533|6.0|61.0|30.666666666666668|0.0|False|False|False|False|0.4916666666666667|1.0|1.0|1.0|0.8475|GOOD
21534|8.0|36.0|20.625|0.0|False|False|False|False|0.7|1.0|1.0|1.0|0.91|EXCELLENT
21535|10.0|48.0|27.0|0.0|False|False|False|False|0.6|1.0|1.0|1.0|0.88|EXCELLENT
21536|9.0|34.0|17.88888888888889|0.0|False|False|False|False|0.7166666666666667|1.0|1.0|1.0|0.9149999999999999|EXCELLENT
21537|6.0|50.0|21.33333333333333|0.0|False|False|False|False|0.5833333333333333|1.0|1.0|1.0|0.8749999999999999|EXCELLENT
21538|4.0|70.0|58.5|0.0|False|False|False|False|0.41666666666666663|1.0|1.0|1.0|0.825|GOOD
21539|4.0|93.0|46.25|0.0|True|False|False|False|0.22499999999999998|1.0|1.0|1.0|0.7675|GOOD
21540|8.0|36.0|27.75|0.0|False|False|False|False|0.7|1.0|1.0|1.0|0.91|EXCELLENT
21541|11.0|36.0|21.09090909090909|0.0|False|False|False|False|0.7|1.0|1.0|1.0|0.91|EXCELLENT
21542|7.0|43.0|29.285714285714285|0.0|False|False|False|False|0.6416666666666666|1.0|1.0|1.0|0.8925|EXCELLENT
21543|7.0|35.0|28.428571428571427|0.0|False|False|False|False|0.7083333333333333|1.0|1.0|1.0|0.9125|EXCELLENT
21544|9.0|53.0|31.444444444444443|0.0|False|False|False|False|0.5583333333333333|1.0|1.0|1.0|0.8675|EXCELLENT
21545|9.0|67.0|26.33333333333333|0.0|False|False|False|False|0.44166666666666665|1.0|1.0|1.0|0.8324999999999999|GOOD
21546|10.0|73.0|27.7|1.0|False|True|False|False|0.3916666666666667|0.9|1.0|1.0|0.7875|GOOD
21547|16.0|52.0|19.9375|4.0|False|True|False|False|0.5666666666666667|0.75|1.0|1.0|0.7949999999999999|GOOD
21548|8.0|42.0|26.25|8.0|False|True|False|False|0.65|0.0|1.0|1.0|0.595|FAIR
21549|14.0|49.0|22.5|14.0|False|True|False|False|0.5916666666666667|0.0|1.0|1.0|0.5775|FAIR
21550|8.0|50.0|27.375|8.0|False|True|False|False|0.5833333333333333|0.0|1.0|1.0|0.575|FAIR
21551|15.0|32.0|16.4|1.0|False|True|False|False|0.7333333333333334|0.9333333333333333|1.0|1.0|0.9|EXCELLENT
21552|7.0|60.0|34.714285714285715|0.0|False|False|False|False|0.5|1.0|1.0|1.0|0.85|EXCELLENT
21553|9.0|36.0|24.88888888888889|1.0|False|True|False|False|0.7|0.8888888888888888|1.0|1.0|0.8766666666666666|EXCELLENT
21554|15.0|46.0|23.933333333333334|15.0|False|True|False|False|0.6166666666666667|0.0|1.0|1.0|0.585|FAIR
21555|10.0|35.0|25.7|1.0|False|True|False|False|0.7083333333333333|0.9|1.0|1.0|0.8825|EXCELLENT
21556|6.0|52.0|32.5|0.0|False|False|False|False|0.5666666666666667|1.0|1.0|1.0|0.87|EXCELLENT
21557|11.0|33.0|23.181818181818183|2.0|False|True|False|False|0.725|0.8181818181818181|1.0|1.0|0.8629545454545454|EXCELLENT
21558|10.0|46.0|22.8|0.0|False|False|False|False|0.6166666666666667|1.0|1.0|1.0|0.8849999999999999|EXCELLENT
21559|10.0|49.0|23.7|10.0|False|True|False|False|0.5916666666666667|0.0|1.0|1.0|0.5775|FAIR
21560|7.0|58.0|30.285714285714285|0.0|False|False|False|False|0.5166666666666666|1.0|1.0|1.0|0.8549999999999999|EXCELLENT
21561|6.0|65.0|34.666666666666664|0.0|False|False|False|False|0.45833333333333337|1.0|1.0|1.0|0.8375|GOOD
21562|8.0|39.0|20.25|0.0|False|False|False|False|0.675|1.0|1.0|1.0|0.9025|EXCELLENT
21563|7.0|65.0|34.0|0.0|False|False|False|False|0.45833333333333337|1.0|1.0|1.0|0.8375|GOOD
21564|7.0|42.0|26.142857142857142|1.0|False|True|False|False|0.65|0.8571428571428572|1.0|1.0|0.8521428571428572|EXCELLENT
21565|9.0|36.0|23.77777777777778|0.0|False|False|False|False|0.7|1.0|1.0|1.0|0.91|EXCELLENT
21567|6.0|63.0|29.5|0.0|False|False|False|False|0.475|1.0|1.0|1.0|0.8424999999999999|GOOD
21568|13.0|48.0|22.384615384615383|0.0|False|False|False|False|0.6|1.0|1.0|1.0|0.88|EXCELLENT
21569|8.0|44.0|33.625|0.0|False|False|False|False|0.6333333333333333|1.0|1.0|1.0|0.89|EXCELLENT
21570|13.0|38.0|20.923076923076923|1.0|False|True|False|False|0.6833333333333333|0.9230769230769231|1.0|1.0|0.8819230769230769|EXCELLENT
21571|8.0|42.0|20.875|0.0|False|False|False|False|0.65|1.0|1.0|1.0|0.8949999999999999|EXCELLENT
21572|7.0|32.0|19.428571428571427|0.0|False|False|False|False|0.7333333333333334|1.0|1.0|1.0|0.92|EXCELLENT
21574|6.0|64.0|28.5|0.0|False|False|False|False|0.4666666666666667|1.0|1.0|1.0|0.84|GOOD
21575|13.0|47.0|25.153846153846157|0.0|False|False|False|False|0.6083333333333334|1.0|1.0|1.0|0.8825|EXCELLENT
21576|7.0|49.0|26.857142857142858|0.0|False|False|False|False|0.5916666666666667|1.0|1.0|1.0|0.8775|EXCELLENT
21577|7.0|55.0|28.857142857142858|0.0|False|False|False|False|0.5416666666666667|1.0|1.0|1.0|0.8624999999999999|EXCELLENT
21578|5.0|28.0|25.0|0.0|False|False|False|False|0.7666666666666666|1.0|1.0|1.0|0.93|EXCELLENT
21581|9.0|46.0|28.0|0.0|False|False|False|False|0.6166666666666667|1.0|1.0|1.0|0.8849999999999999|EXCELLENT
21582|7.0|32.0|26.142857142857142|0.0|False|False|False|False|0.7333333333333334|1.0|1.0|1.0|0.92|EXCELLENT
21583|7.0|36.0|25.285714285714285|0.0|False|False|False|False|0.7|1.0|1.0|1.0|0.91|EXCELLENT
21584|7.0|68.0|24.857142857142858|1.0|False|True|False|False|0.43333333333333335|0.8571428571428572|1.0|1.0|0.7871428571428571|GOOD
21585|13.0|63.0|24.692307692307693|1.0|False|True|False|False|0.475|0.9230769230769231|1.0|1.0|0.8194230769230769|GOOD
21586|12.0|35.0|24.25|0.0|False|False|False|False|0.7083333333333333|1.0|1.0|1.0|0.9125|EXCELLENT
21587|13.0|32.0|18.692307692307693|1.0|False|True|False|False|0.7333333333333334|0.9230769230769231|1.0|1.0|0.8969230769230768|EXCELLENT
21588|10.0|41.0|23.5|10.0|False|True|False|False|0.6583333333333333|0.0|1.0|1.0|0.5974999999999999|FAIR
21589|15.0|34.0|21.666666666666668|0.0|False|False|False|False|0.7166666666666667|1.0|1.0|1.0|0.9149999999999999|EXCELLENT
21590|10.0|54.0|30.1|0.0|False|False|False|False|0.55|1.0|1.0|1.0|0.8649999999999999|EXCELLENT
21592|14.0|40.0|23.785714285714285|14.0|False|True|False|False|0.6666666666666667|0.0|1.0|1.0|0.6|FAIR
21593|9.0|45.0|30.88888888888889|0.0|False|False|False|False|0.625|1.0|1.0|1.0|0.8875|EXCELLENT
21594|8.0|54.0|23.75|0.0|False|False|False|False|0.55|1.0|1.0|1.0|0.8649999999999999|EXCELLENT
21595|13.0|56.0|22.0|1.0|False|True|False|False|0.5333333333333333|0.9230769230769231|1.0|1.0|0.836923076923077|GOOD
21596|9.0|29.0|20.55555555555556|1.0|False|True|False|False|0.7583333333333333|0.8888888888888888|1.0|1.0|0.8941666666666667|EXCELLENT
21597|5.0|70.0|39.6|0.0|False|False|False|False|0.41666666666666663|1.0|1.0|1.0|0.825|GOOD
21598|5.0|60.0|31.0|0.0|False|False|False|False|0.5|1.0|1.0|1.0|0.85|EXCELLENT
21599|13.0|61.0|27.615384615384617|1.0|False|True|False|False|0.4916666666666667|0.9230769230769231|1.0|1.0|0.8244230769230768|GOOD
21600|10.0|105.0|28.1|0.0|True|False|False|False|0.125|1.0|1.0|1.0|0.7374999999999999|GOOD
21601|10.0|41.0|20.7|1.0|False|True|False|False|0.6583333333333333|0.9|1.0|1.0|0.8675|EXCELLENT
21602|8.0|64.0|27.75|1.0|False|True|False|False|0.4666666666666667|0.875|1.0|1.0|0.8024999999999999|GOOD
21604|8.0|21.0|15.75|0.0|False|False|False|False|0.825|1.0|1.0|1.0|0.9474999999999999|EXCELLENT
21605|6.0|30.0|17.5|0.0|False|False|False|False|0.75|1.0|1.0|1.0|0.9249999999999999|EXCELLENT
21606|9.0|33.0|23.77777777777778|1.0|False|True|False|False|0.725|0.8888888888888888|1.0|1.0|0.8841666666666667|EXCELLENT
21607|12.0|36.0|21.5|0.0|False|False|False|False|0.7|1.0|1.0|1.0|0.91|EXCELLENT
21608|10.0|47.0|23.3|0.0|False|False|False|False|0.6083333333333334|1.0|1.0|1.0|0.8825|EXCELLENT
21609|7.0|29.0|22.142857142857142|0.0|False|False|False|False|0.7583333333333333|1.0|1.0|1.0|0.9274999999999999|EXCELLENT
21611|8.0|47.0|29.375|0.0|False|False|False|False|0.6083333333333334|1.0|1.0|1.0|0.8825|EXCELLENT
21612|10.0|45.0|26.5|0.0|False|False|False|False|0.625|1.0|1.0|1.0|0.8875|EXCELLENT
21614|10.0|50.0|22.1|0.0|False|False|False|False|0.5833333333333333|1.0|1.0|1.0|0.8749999999999999|EXCELLENT
21615|10.0|45.0|23.0|0.0|False|False|False|False|0.625|1.0|1.0|1.0|0.8875|EXCELLENT
21616|10.0|41.0|23.7|0.0|False|False|False|False|0.6583333333333333|1.0|1.0|1.0|0.8974999999999999|EXCELLENT
21617|11.0|33.0|22.90909090909091|1.0|False|True|False|False|0.725|0.9090909090909091|1.0|1.0|0.8902272727272728|EXCELLENT
21618|8.0|53.0|31.25|0.0|False|False|False|False|0.5583333333333333|1.0|1.0|1.0|0.8675|EXCELLENT
21619|8.0|28.0|20.875|0.0|False|False|False|False|0.7666666666666666|1.0|1.0|1.0|0.93|EXCELLENT
21620|4.0|51.0|34.75|0.0|False|False|False|False|0.575|1.0|1.0|1.0|0.8724999999999999|EXCELLENT
21621|6.0|29.0|26.166666666666668|0.0|False|False|False|False|0.7583333333333333|1.0|1.0|1.0|0.9274999999999999|EXCELLENT
21622|12.0|39.0|22.0|0.0|False|False|False|False|0.675|1.0|1.0|1.0|0.9025|EXCELLENT
21623|10.0|38.0|22.9|0.0|False|False|False|False|0.6833333333333333|1.0|1.0|1.0|0.9049999999999999|EXCELLENT
21624|11.0|48.0|18.727272727272727|0.0|False|False|False|False|0.6|1.0|1.0|1.0|0.88|EXCELLENT
21625|11.0|40.0|20.818181818181817|0.0|False|False|False|False|0.6666666666666667|1.0|1.0|1.0|0.9|EXCELLENT
21626|11.0|46.0|22.181818181818183|0.0|False|False|False|False|0.6166666666666667|1.0|1.0|1.0|0.8849999999999999|EXCELLENT
21627|11.0|61.0|28.181818181818183|0.0|False|False|False|False|0.4916666666666667|1.0|1.0|1.0|0.8475|GOOD
21628|6.0|47.0|29.83333333333333|0.0|False|False|False|False|0.6083333333333334|1.0|1.0|1.0|0.8825|EXCELLENT
21629|8.0|54.0|33.75|0.0|False|False|False|False|0.55|1.0|1.0|1.0|0.8649999999999999|EXCELLENT
21630|10.0|37.0|24.7|0.0|False|False|False|False|0.6916666666666667|1.0|1.0|1.0|0.9074999999999999|EXCELLENT
21631|8.0|46.0|29.375|0.0|False|False|False|False|0.6166666666666667|1.0|1.0|1.0|0.8849999999999999|EXCELLENT
21632|15.0|33.0|22.933333333333334|1.0|False|True|False|False|0.725|0.9333333333333333|1.0|1.0|0.8974999999999999|EXCELLENT
21633|7.0|37.0|28.428571428571427|0.0|False|False|False|False|0.6916666666666667|1.0|1.0|1.0|0.9074999999999999|EXCELLENT
21635|9.0|45.0|25.88888888888889|0.0|False|False|False|False|0.625|1.0|1.0|1.0|0.8875|EXCELLENT
21637|8.0|51.0|29.125|0.0|False|False|False|False|0.575|1.0|1.0|1.0|0.8724999999999999|EXCELLENT
21638|10.0|39.0|20.4|0.0|False|False|False|False|0.675|1.0|1.0|1.0|0.9025|EXCELLENT
21639|5.0|52.0|37.0|0.0|False|False|False|False|0.5666666666666667|1.0|1.0|1.0|0.87|EXCELLENT
21640|12.0|33.0|20.75|0.0|False|False|False|False|0.725|1.0|1.0|1.0|0.9174999999999999|EXCELLENT
21641|11.0|47.0|24.181818181818183|0.0|False|False|False|False|0.6083333333333334|1.0|1.0|1.0|0.8825|EXCELLENT
21642|13.0|42.0|19.692307692307693|1.0|False|True|False|False|0.65|0.9230769230769231|1.0|1.0|0.8719230769230769|EXCELLENT
21644|8.0|60.0|31.375|0.0|False|False|False|False|0.5|1.0|1.0|1.0|0.85|EXCELLENT
21645|8.0|41.0|27.625|0.0|False|False|False|False|0.6583333333333333|1.0|1.0|1.0|0.8974999999999999|EXCELLENT
21646|11.0|35.0|21.272727272727277|0.0|False|False|False|False|0.7083333333333333|1.0|1.0|1.0|0.9125|EXCELLENT
21647|8.0|46.0|34.0|0.0|False|False|False|False|0.6166666666666667|1.0|1.0|1.0|0.8849999999999999|EXCELLENT
21648|9.0|59.0|28.77777777777778|0.0|False|False|False|False|0.5083333333333333|1.0|1.0|1.0|0.8524999999999999|EXCELLENT
21649|9.0|39.0|24.33333333333333|0.0|False|False|False|False|0.675|1.0|1.0|1.0|0.9025|EXCELLENT
21650|4.0|47.0|37.5|0.0|False|False|False|False|0.6083333333333334|1.0|1.0|1.0|0.8825|EXCELLENT
21652|8.0|33.0|27.125|0.0|False|False|False|False|0.725|1.0|1.0|1.0|0.9174999999999999|EXCELLENT
21653|9.0|31.0|23.444444444444443|0.0|False|False|False|False|0.7416666666666667|1.0|1.0|1.0|0.9225|EXCELLENT
21654|12.0|35.0|18.666666666666668|1.0|False|True|False|False|0.7083333333333333|0.9166666666666666|1.0|1.0|0.8874999999999998|EXCELLENT
21656|11.0|36.0|23.0|0.0|False|False|False|False|0.7|1.0|1.0|1.0|0.91|EXCELLENT
21657|10.0|31.0|21.1|0.0|False|False|False|False|0.7416666666666667|1.0|1.0|1.0|0.9225|EXCELLENT
21658|10.0|79.0|36.9|1.0|False|True|False|False|0.3416666666666667|0.9|1.0|1.0|0.7725|GOOD
21659|10.0|48.0|23.9|0.0|False|False|False|False|0.6|1.0|1.0|1.0|0.88|EXCELLENT
21660|5.0|40.0|32.0|0.0|False|False|False|False|0.6666666666666667|1.0|1.0|1.0|0.9|EXCELLENT
21661|7.0|59.0|28.571428571428573|0.0|False|False|False|False|0.5083333333333333|1.0|1.0|1.0|0.8524999999999999|EXCELLENT
21662|5.0|108.0|41.0|0.0|True|False|False|False|0.09999999999999998|1.0|1.0|1.0|0.7299999999999999|GOOD
21663|8.0|36.0|24.125|0.0|False|False|False|False|0.7|1.0|1.0|1.0|0.91|EXCELLENT
21664|8.0|40.0|28.25|0.0|False|False|False|False|0.6666666666666667|1.0|1.0|1.0|0.9|EXCELLENT
21665|8.0|40.0|26.625|0.0|False|False|False|False|0.6666666666666667|1.0|1.0|1.0|0.9|EXCELLENT
21666|10.0|30.0|23.6|0.0|False|False|False|False|0.75|1.0|1.0|1.0|0.9249999999999999|EXCELLENT
21667|13.0|45.0|20.692307692307693|0.0|False|False|False|False|0.625|1.0|1.0|1.0|0.8875|EXCELLENT
21668|5.0|53.0|33.2|0.0|False|False|False|False|0.5583333333333333|1.0|1.0|1.0|0.8675|EXCELLENT
21669|5.0|59.0|34.6|0.0|False|False|False|False|0.5083333333333333|1.0|1.0|1.0|0.8524999999999999|EXCELLENT
21670|7.0|53.0|28.571428571428573|0.0|False|False|False|False|0.5583333333333333|1.0|1.0|1.0|0.8675|EXCELLENT
21671|6.0|78.0|31.83333333333333|0.0|False|False|False|False|0.35|1.0|1.0|1.0|0.8049999999999999|GOOD
21672|9.0|55.0|31.55555555555556|0.0|False|False|False|False|0.5416666666666667|1.0|1.0|1.0|0.8624999999999999|EXCELLENT
21673|10.0|32.0|21.4|0.0|False|False|False|False|0.7333333333333334|1.0|1.0|1.0|0.92|EXCELLENT
21674|8.0|50.0|27.375|0.0|False|False|False|False|0.5833333333333333|1.0|1.0|1.0|0.8749999999999999|EXCELLENT
21675|8.0|39.0|29.0|1.0|False|True|False|False|0.675|0.875|1.0|1.0|0.865|EXCELLENT
21676|8.0|42.0|20.75|0.0|False|False|False|False|0.65|1.0|1.0|1.0|0.8949999999999999|EXCELLENT
21677|8.0|59.0|34.875|0.0|False|False|False|False|0.5083333333333333|1.0|1.0|1.0|0.8524999999999999|EXCELLENT
21678|7.0|58.0|30.0|0.0|False|False|False|False|0.5166666666666666|1.0|1.0|1.0|0.8549999999999999|EXCELLENT
21679|11.0|47.0|25.363636363636363|0.0|False|False|False|False|0.6083333333333334|1.0|1.0|1.0|0.8825|EXCELLENT
21680|8.0|41.0|25.875|0.0|False|False|False|False|0.6583333333333333|1.0|1.0|1.0|0.8974999999999999|EXCELLENT
21681|5.0|38.0|31.0|0.0|False|False|False|False|0.6833333333333333|1.0|1.0|1.0|0.9049999999999999|EXCELLENT
21682|8.0|29.0|23.5|0.0|False|False|False|False|0.7583333333333333|1.0|1.0|1.0|0.9274999999999999|EXCELLENT
21685|13.0|33.0|21.23076923076923|0.0|False|False|False|False|0.725|1.0|1.0|1.0|0.9174999999999999|EXCELLENT
21687|7.0|66.0|32.57142857142857|0.0|False|False|False|False|0.44999999999999996|1.0|1.0|1.0|0.8349999999999999|GOOD
21688|7.0|48.0|34.42857142857143|0.0|False|False|False|False|0.6|1.0|1.0|1.0|0.88|EXCELLENT
21689|7.0|53.0|24.571428571428573|0.0|False|False|False|False|0.5583333333333333|1.0|1.0|1.0|0.8675|EXCELLENT
21690|8.0|43.0|28.75|0.0|False|False|False|False|0.6416666666666666|1.0|1.0|1.0|0.8925|EXCELLENT
21691|11.0|30.0|22.363636363636363|0.0|False|False|False|False|0.75|1.0|1.0|1.0|0.9249999999999999|EXCELLENT
21692|8.0|53.0|26.5|0.0|False|False|False|False|0.5583333333333333|1.0|1.0|1.0|0.8675|EXCELLENT
21694|9.0|32.0|23.88888888888889|0.0|False|False|False|False|0.7333333333333334|1.0|1.0|1.0|0.92|EXCELLENT
21695|12.0|25.0|21.666666666666668|0.0|False|False|False|False|0.7916666666666666|1.0|1.0|1.0|0.9374999999999999|EXCELLENT
21697|9.0|37.0|23.88888888888889|1.0|False|True|False|False|0.6916666666666667|0.8888888888888888|1.0|1.0|0.8741666666666666|EXCELLENT
21698|9.0|49.0|29.33333333333333|0.0|False|False|False|False|0.5916666666666667|1.0|1.0|1.0|0.8775|EXCELLENT
21699|14.0|34.0|17.857142857142858|0.0|False|False|False|False|0.7166666666666667|1.0|1.0|1.0|0.9149999999999999|EXCELLENT
21700|8.0|62.0|31.0|0.0|False|False|False|False|0.4833333333333333|1.0|1.0|1.0|0.8449999999999999|GOOD
21702|10.0|31.0|18.8|2.0|False|True|False|False|0.7416666666666667|0.8|1.0|1.0|0.8624999999999999|EXCELLENT
21703|8.0|49.0|24.75|0.0|False|False|False|False|0.5916666666666667|1.0|1.0|1.0|0.8775|EXCELLENT
21704|9.0|39.0|25.666666666666668|0.0|False|False|False|False|0.675|1.0|1.0|1.0|0.9025|EXCELLENT
21705|9.0|44.0|29.0|0.0|False|False|False|False|0.6333333333333333|1.0|1.0|1.0|0.89|EXCELLENT
21706|6.0|39.0|28.5|0.0|False|False|False|False|0.675|1.0|1.0|1.0|0.9025|EXCELLENT
21708|8.0|28.0|22.375|0.0|False|False|False|False|0.7666666666666666|1.0|1.0|1.0|0.93|EXCELLENT
21709|7.0|59.0|36.285714285714285|0.0|False|False|False|False|0.5083333333333333|1.0|1.0|1.0|0.8524999999999999|EXCELLENT
21710|10.0|26.0|20.1|0.0|False|False|False|False|0.7833333333333333|1.0|1.0|1.0|0.9349999999999999|EXCELLENT
21711|7.0|53.0|38.142857142857146|0.0|False|False|False|False|0.5583333333333333|1.0|1.0|1.0|0.8675|EXCELLENT
21712|9.0|62.0|28.55555555555556|1.0|False|True|False|False|0.4833333333333333|0.8888888888888888|1.0|1.0|0.8116666666666666|GOOD
21713|7.0|33.0|25.142857142857142|0.0|False|False|False|False|0.725|1.0|1.0|1.0|0.9174999999999999|EXCELLENT
21714|5.0|52.0|31.0|0.0|False|False|False|False|0.5666666666666667|1.0|1.0|1.0|0.87|EXCELLENT
21716|6.0|29.0|19.166666666666668|1.0|False|True|False|False|0.7583333333333333|0.8333333333333334|1.0|1.0|0.8775|EXCELLENT
21717|12.0|40.0|28.33333333333333|0.0|False|False|False|False|0.6666666666666667|1.0|1.0|1.0|0.9|EXCELLENT
21718|5.0|78.0|35.0|0.0|False|False|False|False|0.35|1.0|1.0|1.0|0.8049999999999999|GOOD
21719|1.0|36.0|36.0|0.0|False|False|True|False|0.7|1.0|1.0|1.0|0.91|EXCELLENT
21720|1.0|52.0|52.0|0.0|False|False|True|False|0.5666666666666667|1.0|1.0|1.0|0.87|EXCELLENT
21721|6.0|28.0|21.0|0.0|False|False|False|False|0.7666666666666666|1.0|1.0|1.0|0.93|EXCELLENT
21722|13.0|32.0|19.53846153846154|1.0|False|True|False|False|0.7333333333333334|0.9230769230769231|1.0|1.0|0.8969230769230768|EXCELLENT
21723|9.0|68.0|36.11111111111112|0.0|False|False|False|False|0.43333333333333335|1.0|1.0|1.0|0.83|GOOD
21724|10.0|47.0|25.3|0.0|False|False|False|False|0.6083333333333334|1.0|1.0|1.0|0.8825|EXCELLENT
21725|9.0|45.0|23.77777777777778|0.0|False|False|False|False|0.625|1.0|1.0|1.0|0.8875|EXCELLENT
21726|4.0|109.0|39.5|0.0|True|False|False|False|0.09166666666666667|1.0|1.0|1.0|0.7274999999999999|GOOD
21727|9.0|89.0|30.55555555555556|1.0|True|True|False|False|0.2583333333333333|0.8888888888888888|1.0|1.0|0.7441666666666665|GOOD
21730|5.0|37.0|25.4|0.0|False|False|False|False|0.6916666666666667|1.0|1.0|1.0|0.9074999999999999|EXCELLENT
21731|12.0|40.0|20.08333333333333|1.0|False|True|False|False|0.6666666666666667|0.9166666666666666|1.0|1.0|0.8749999999999999|EXCELLENT
21732|6.0|95.0|37.5|0.0|True|False|False|False|0.20833333333333337|1.0|1.0|1.0|0.7625|GOOD
21733|10.0|44.0|22.2|0.0|False|False|False|False|0.6333333333333333|1.0|1.0|1.0|0.89|EXCELLENT
21734|7.0|36.0|23.142857142857142|0.0|False|False|False|False|0.7|1.0|1.0|1.0|0.91|EXCELLENT
21735|14.0|27.0|17.428571428571427|0.0|False|False|False|False|0.775|1.0|1.0|1.0|0.9325|EXCELLENT
21736|9.0|77.0|28.444444444444443|0.0|False|False|False|False|0.3583333333333333|1.0|1.0|1.0|0.8075|GOOD
21737|6.0|27.0|21.83333333333333|0.0|False|False|False|False|0.775|1.0|1.0|1.0|0.9325|EXCELLENT
21738|7.0|45.0|30.0|0.0|False|False|False|False|0.625|1.0|1.0|1.0|0.8875|EXCELLENT
21739|11.0|36.0|19.454545454545453|1.0|False|True|False|False|0.7|0.9090909090909091|1.0|1.0|0.8827272727272727|EXCELLENT
21740|14.0|33.0|18.857142857142858|0.0|False|False|False|False|0.725|1.0|1.0|1.0|0.9174999999999999|EXCELLENT
21741|7.0|33.0|25.428571428571427|0.0|False|False|False|False|0.725|1.0|1.0|1.0|0.9174999999999999|EXCELLENT
21742|5.0|112.0|47.8|0.0|True|False|False|False|0.06666666666666665|1.0|1.0|1.0|0.72|GOOD
21744|8.0|85.0|27.875|1.0|True|True|False|False|0.29166666666666663|0.875|1.0|1.0|0.7499999999999999|GOOD
21745|8.0|62.0|29.0|0.0|False|False|False|False|0.4833333333333333|1.0|1.0|1.0|0.8449999999999999|GOOD
21746|11.0|46.0|22.09090909090909|0.0|False|False|False|False|0.6166666666666667|1.0|1.0|1.0|0.8849999999999999|EXCELLENT
21747|5.0|110.0|47.8|0.0|True|False|False|False|0.08333333333333337|1.0|1.0|1.0|0.725|GOOD
21748|9.0|40.0|29.88888888888889|0.0|False|False|False|False|0.6666666666666667|1.0|1.0|1.0|0.9|EXCELLENT
21749|8.0|51.0|28.0|0.0|False|False|False|False|0.575|1.0|1.0|1.0|0.8724999999999999|EXCELLENT
21750|9.0|31.0|23.666666666666668|0.0|False|False|False|False|0.7416666666666667|1.0|1.0|1.0|0.9225|EXCELLENT
21752|11.0|44.0|24.90909090909091|0.0|False|False|False|False|0.6333333333333333|1.0|1.0|1.0|0.89|EXCELLENT
21753|11.0|41.0|20.363636363636363|1.0|False|True|False|False|0.6583333333333333|0.9090909090909091|1.0|1.0|0.8702272727272727|EXCELLENT
21754|8.0|108.0|37.5|2.0|True|True|False|False|0.09999999999999998|0.75|1.0|1.0|0.6549999999999999|FAIR
21755|9.0|49.0|25.0|1.0|False|True|False|False|0.5916666666666667|0.8888888888888888|1.0|1.0|0.8441666666666666|GOOD
21758|9.0|44.0|25.33333333333333|0.0|False|False|False|False|0.6333333333333333|1.0|1.0|1.0|0.89|EXCELLENT
21759|8.0|26.0|15.625|0.0|False|False|False|False|0.7833333333333333|1.0|1.0|1.0|0.9349999999999999|EXCELLENT
21762|8.0|43.0|24.375|0.0|False|False|False|False|0.6416666666666666|1.0|1.0|1.0|0.8925|EXCELLENT
21764|6.0|45.0|28.83333333333333|0.0|False|False|False|False|0.625|1.0|1.0|1.0|0.8875|EXCELLENT
21766|9.0|39.0|26.77777777777778|0.0|False|False|False|False|0.675|1.0|1.0|1.0|0.9025|EXCELLENT
21767|9.0|35.0|21.444444444444443|0.0|False|False|False|False|0.7083333333333333|1.0|1.0|1.0|0.9125|EXCELLENT
21768|10.0|36.0|23.9|0.0|False|False|False|False|0.7|1.0|1.0|1.0|0.91|EXCELLENT
21769|8.0|27.0|22.375|0.0|False|False|False|False|0.775|1.0|1.0|1.0|0.9325|EXCELLENT
21770|11.0|107.0|29.181818181818183|0.0|True|False|False|False|0.10833333333333328|1.0|1.0|1.0|0.7324999999999999|GOOD
21771|9.0|41.0|22.444444444444443|2.0|False|True|False|False|0.6583333333333333|0.7777777777777778|1.0|1.0|0.8308333333333332|GOOD
21772|8.0|45.0|32.25|0.0|False|False|False|False|0.625|1.0|1.0|1.0|0.8875|EXCELLENT
21773|10.0|32.0|25.8|0.0|False|False|False|False|0.7333333333333334|1.0|1.0|1.0|0.92|EXCELLENT
21774|11.0|54.0|25.454545454545453|0.0|False|False|False|False|0.55|1.0|1.0|1.0|0.8649999999999999|EXCELLENT
21776|12.0|35.0|19.5|0.0|False|False|False|False|0.7083333333333333|1.0|1.0|1.0|0.9125|EXCELLENT
21778|9.0|36.0|25.77777777777778|0.0|False|False|False|False|0.7|1.0|1.0|1.0|0.91|EXCELLENT
21779|9.0|56.0|22.22222222222222|0.0|False|False|False|False|0.5333333333333333|1.0|1.0|1.0|0.86|EXCELLENT
21780|8.0|32.0|24.0|0.0|False|False|False|False|0.7333333333333334|1.0|1.0|1.0|0.92|EXCELLENT
21781|12.0|31.0|20.33333333333333|0.0|False|False|False|False|0.7416666666666667|1.0|1.0|1.0|0.9225|EXCELLENT
21782|7.0|37.0|22.285714285714285|1.0|False|True|False|False|0.6916666666666667|0.8571428571428572|1.0|1.0|0.8646428571428572|EXCELLENT
21783|7.0|37.0|25.142857142857142|0.0|False|False|False|False|0.6916666666666667|1.0|1.0|1.0|0.9074999999999999|EXCELLENT
21784|8.0|45.0|24.25|1.0|False|True|False|False|0.625|0.875|1.0|1.0|0.85|EXCELLENT
21787|9.0|42.0|25.666666666666668|0.0|False|False|False|False|0.65|1.0|1.0|1.0|0.8949999999999999|EXCELLENT
21788|14.0|44.0|23.142857142857142|1.0|False|True|False|False|0.6333333333333333|0.9285714285714286|1.0|1.0|0.8685714285714284|EXCELLENT
21789|9.0|45.0|25.444444444444443|1.0|False|True|False|False|0.625|0.8888888888888888|1.0|1.0|0.8541666666666666|EXCELLENT
21790|8.0|43.0|21.25|4.0|False|True|False|False|0.6416666666666666|0.5|1.0|1.0|0.7424999999999999|GOOD
21791|15.0|49.0|24.933333333333334|0.0|False|False|False|False|0.5916666666666667|1.0|1.0|1.0|0.8775|EXCELLENT
21792|14.0|30.0|20.071428571428573|0.0|False|False|False|False|0.75|1.0|1.0|1.0|0.9249999999999999|EXCELLENT
21793|9.0|47.0|27.11111111111111|0.0|False|False|False|False|0.6083333333333334|1.0|1.0|1.0|0.8825|EXCELLENT
21794|6.0|74.0|46.66666666666666|0.0|False|False|False|False|0.3833333333333333|1.0|1.0|1.0|0.815|GOOD
21795|9.0|42.0|27.444444444444443|0.0|False|False|False|False|0.65|1.0|1.0|1.0|0.8949999999999999|EXCELLENT
21796|12.0|42.0|22.33333333333333|1.0|False|True|False|False|0.65|0.9166666666666666|1.0|1.0|0.87|EXCELLENT
21797|9.0|40.0|24.33333333333333|0.0|False|False|False|False|0.6666666666666667|1.0|1.0|1.0|0.9|EXCELLENT
21798|7.0|68.0|34.142857142857146|0.0|False|False|False|False|0.43333333333333335|1.0|1.0|1.0|0.83|GOOD
21800|7.0|67.0|32.857142857142854|0.0|False|False|False|False|0.44166666666666665|1.0|1.0|1.0|0.8324999999999999|GOOD
21801|9.0|63.0|26.77777777777778|0.0|False|False|False|False|0.475|1.0|1.0|1.0|0.8424999999999999|GOOD
21802|9.0|56.0|31.88888888888889|1.0|False|True|False|False|0.5333333333333333|0.8888888888888888|1.0|1.0|0.8266666666666665|GOOD
21804|11.0|41.0|21.90909090909091|0.0|False|False|False|False|0.6583333333333333|1.0|1.0|1.0|0.8974999999999999|EXCELLENT
21805|5.0|47.0|34.0|0.0|False|False|False|False|0.6083333333333334|1.0|1.0|1.0|0.8825|EXCELLENT
21806|7.0|35.0|29.571428571428573|0.0|False|False|False|False|0.7083333333333333|1.0|1.0|1.0|0.9125|EXCELLENT
21807|7.0|79.0|31.285714285714285|7.0|False|True|False|False|0.3416666666666667|0.0|1.0|1.0|0.5025|FAIR
21808|6.0|67.0|43.66666666666666|6.0|False|True|False|False|0.44166666666666665|0.0|1.0|1.0|0.5325|FAIR
21809|13.0|49.0|27.0|13.0|False|True|False|False|0.5916666666666667|0.0|1.0|1.0|0.5775|FAIR
21810|12.0|42.0|24.58333333333333|12.0|False|True|False|False|0.65|0.0|1.0|1.0|0.595|FAIR
21811|11.0|49.0|30.454545454545453|11.0|False|True|False|False|0.5916666666666667|0.0|1.0|1.0|0.5775|FAIR
21812|14.0|46.0|24.285714285714285|14.0|False|True|False|False|0.6166666666666667|0.0|1.0|1.0|0.585|FAIR
21813|11.0|34.0|21.63636363636364|11.0|False|True|False|False|0.7166666666666667|0.0|1.0|1.0|0.615|FAIR
21814|11.0|41.0|24.545454545454547|11.0|False|True|False|False|0.6583333333333333|0.0|1.0|1.0|0.5974999999999999|FAIR
21815|15.0|46.0|23.666666666666668|15.0|False|True|False|False|0.6166666666666667|0.0|1.0|1.0|0.585|FAIR
21816|15.0|39.0|27.2|15.0|False|True|False|False|0.675|0.0|1.0|1.0|0.6024999999999999|FAIR
21817|17.0|38.0|25.647058823529413|17.0|False|True|False|False|0.6833333333333333|0.0|1.0|1.0|0.605|FAIR
21819|14.0|57.0|28.857142857142858|14.0|False|True|False|False|0.525|0.0|1.0|1.0|0.5575|FAIR
21820|12.0|48.0|25.25|12.0|False|True|False|False|0.6|0.0|1.0|1.0|0.58|FAIR
21821|15.0|49.0|23.933333333333334|15.0|False|True|False|False|0.5916666666666667|0.0|1.0|1.0|0.5775|FAIR
21822|20.0|49.0|20.4|20.0|False|True|False|False|0.5916666666666667|0.0|1.0|1.0|0.5775|FAIR
21823|9.0|42.0|32.888888888888886|9.0|False|True|False|False|0.65|0.0|1.0|1.0|0.595|FAIR
21824|21.0|45.0|19.047619047619047|1.0|False|True|False|False|0.625|0.9523809523809523|1.0|1.0|0.8732142857142856|EXCELLENT
21825|13.0|34.0|22.692307692307693|1.0|False|True|False|False|0.7166666666666667|0.9230769230769231|1.0|1.0|0.8919230769230769|EXCELLENT
21826|19.0|69.0|25.789473684210527|0.0|False|False|False|False|0.42500000000000004|1.0|1.0|1.0|0.8275|GOOD
21827|12.0|32.0|23.08333333333333|1.0|False|True|False|False|0.7333333333333334|0.9166666666666666|1.0|1.0|0.8949999999999999|EXCELLENT
21830|11.0|43.0|29.454545454545453|0.0|False|False|False|False|0.6416666666666666|1.0|1.0|1.0|0.8925|EXCELLENT
21832|13.0|87.0|31.07692307692308|0.0|True|False|False|False|0.275|1.0|1.0|1.0|0.7825|GOOD
21834|11.0|44.0|26.181818181818183|0.0|False|False|False|False|0.6333333333333333|1.0|1.0|1.0|0.89|EXCELLENT
21836|8.0|91.0|34.875|1.0|True|True|False|False|0.2416666666666667|0.875|1.0|1.0|0.735|GOOD
21838|14.0|78.0|26.214285714285715|0.0|False|False|False|False|0.35|1.0|1.0|1.0|0.8049999999999999|GOOD
21840|11.0|87.0|27.90909090909091|0.0|True|False|False|False|0.275|1.0|1.0|1.0|0.7825|GOOD
21842|9.0|45.0|21.444444444444443|1.0|False|True|False|False|0.625|0.8888888888888888|1.0|1.0|0.8541666666666666|EXCELLENT
21844|9.0|61.0|29.666666666666668|0.0|False|False|False|False|0.4916666666666667|1.0|1.0|1.0|0.8475|GOOD
21845|17.0|103.0|29.294117647058822|0.0|True|False|False|False|0.14166666666666672|1.0|1.0|1.0|0.7425|GOOD
21846|10.0|50.0|20.5|2.0|False|True|False|False|0.5833333333333333|0.8|1.0|1.0|0.8149999999999998|GOOD
21848|6.0|64.0|35.166666666666664|0.0|False|False|False|False|0.4666666666666667|1.0|1.0|1.0|0.84|GOOD
21849|13.0|81.0|25.23076923076923|0.0|True|False|False|False|0.32499999999999996|1.0|1.0|1.0|0.7975|GOOD
21850|14.0|35.0|22.571428571428573|0.0|False|False|False|False|0.7083333333333333|1.0|1.0|1.0|0.9125|EXCELLENT
21851|9.0|64.0|28.33333333333333|1.0|False|True|False|False|0.4666666666666667|0.8888888888888888|1.0|1.0|0.8066666666666665|GOOD
21853|13.0|50.0|27.07692307692308|13.0|False|True|False|False|0.5833333333333333|0.0|1.0|1.0|0.575|FAIR
21854|13.0|44.0|26.53846153846154|13.0|False|True|False|False|0.6333333333333333|0.0|1.0|1.0|0.59|FAIR
21855|12.0|37.0|26.08333333333333|12.0|False|True|False|False|0.6916666666666667|0.0|1.0|1.0|0.6074999999999999|FAIR
21856|9.0|31.0|21.11111111111111|9.0|False|True|False|False|0.7416666666666667|0.0|1.0|1.0|0.6224999999999999|FAIR
21858|6.0|121.0|36.833333333333336|0.0|True|False|False|False|0.0|1.0|1.0|1.0|0.7|GOOD
21859|14.0|87.0|23.5|1.0|True|True|False|False|0.275|0.9285714285714286|1.0|1.0|0.7610714285714285|GOOD
21860|8.0|55.0|33.25|0.0|False|False|False|False|0.5416666666666667|1.0|1.0|1.0|0.8624999999999999|EXCELLENT
21861|10.0|66.0|27.4|3.0|False|True|False|False|0.44999999999999996|0.7|1.0|1.0|0.745|GOOD
21862|15.0|47.0|25.866666666666667|15.0|False|True|False|False|0.6083333333333334|0.0|1.0|1.0|0.5825|FAIR
21863|8.0|33.0|19.875|0.0|False|False|False|False|0.725|1.0|1.0|1.0|0.9174999999999999|EXCELLENT
21864|9.0|41.0|23.22222222222222|0.0|False|False|False|False|0.6583333333333333|1.0|1.0|1.0|0.8974999999999999|EXCELLENT
21865|7.0|64.0|28.714285714285715|0.0|False|False|False|False|0.4666666666666667|1.0|1.0|1.0|0.84|GOOD
21866|12.0|30.0|22.25|0.0|False|False|False|False|0.75|1.0|1.0|1.0|0.9249999999999999|EXCELLENT
21867|9.0|46.0|22.88888888888889|0.0|False|False|False|False|0.6166666666666667|1.0|1.0|1.0|0.8849999999999999|EXCELLENT
21868|7.0|63.0|31.714285714285715|1.0|False|True|False|False|0.475|0.8571428571428572|1.0|1.0|0.7996428571428572|GOOD
21869|7.0|29.0|25.571428571428573|0.0|False|False|False|False|0.7583333333333333|1.0|1.0|1.0|0.9274999999999999|EXCELLENT
21870|15.0|38.0|20.466666666666665|0.0|False|False|False|False|0.6833333333333333|1.0|1.0|1.0|0.9049999999999999|EXCELLENT
21871|10.0|70.0|25.9|0.0|False|False|False|False|0.41666666666666663|1.0|1.0|1.0|0.825|GOOD
21872|13.0|28.0|20.307692307692307|0.0|False|False|False|False|0.7666666666666666|1.0|1.0|1.0|0.93|EXCELLENT
21873|5.0|51.0|28.8|0.0|False|False|False|False|0.575|1.0|1.0|1.0|0.8724999999999999|EXCELLENT
21874|13.0|71.0|26.846153846153847|1.0|False|True|False|False|0.4083333333333333|0.9230769230769231|1.0|1.0|0.7994230769230769|GOOD
21875|16.0|52.0|23.9375|0.0|False|False|False|False|0.5666666666666667|1.0|1.0|1.0|0.87|EXCELLENT
21876|12.0|47.0|26.5|0.0|False|False|False|False|0.6083333333333334|1.0|1.0|1.0|0.8825|EXCELLENT
21877|8.0|29.0|19.125|0.0|False|False|False|False|0.7583333333333333|1.0|1.0|1.0|0.9274999999999999|EXCELLENT
21878|12.0|35.0|19.166666666666668|0.0|False|False|False|False|0.7083333333333333|1.0|1.0|1.0|0.9125|EXCELLENT
21879|6.0|52.0|28.666666666666668|0.0|False|False|False|False|0.5666666666666667|1.0|1.0|1.0|0.87|EXCELLENT
21880|8.0|38.0|26.5|0.0|False|False|False|False|0.6833333333333333|1.0|1.0|1.0|0.9049999999999999|EXCELLENT
21881|10.0|38.0|22.7|2.0|False|True|False|False|0.6833333333333333|0.8|1.0|1.0|0.8449999999999999|GOOD
21882|9.0|41.0|21.88888888888889|0.0|False|False|False|False|0.6583333333333333|1.0|1.0|1.0|0.8974999999999999|EXCELLENT
21884|5.0|59.0|30.8|0.0|False|False|False|False|0.5083333333333333|1.0|1.0|1.0|0.8524999999999999|EXCELLENT
21885|8.0|47.0|28.625|0.0|False|False|False|False|0.6083333333333334|1.0|1.0|1.0|0.8825|EXCELLENT
21886|6.0|33.0|24.33333333333333|0.0|False|False|False|False|0.725|1.0|1.0|1.0|0.9174999999999999|EXCELLENT
21887|7.0|63.0|33.714285714285715|0.0|False|False|False|False|0.475|1.0|1.0|1.0|0.8424999999999999|GOOD
21888|7.0|39.0|25.0|0.0|False|False|False|False|0.675|1.0|1.0|1.0|0.9025|EXCELLENT
21890|10.0|31.0|26.3|0.0|False|False|False|False|0.7416666666666667|1.0|1.0|1.0|0.9225|EXCELLENT
21891|11.0|45.0|24.63636363636364|0.0|False|False|False|False|0.625|1.0|1.0|1.0|0.8875|EXCELLENT
21892|9.0|40.0|27.666666666666668|0.0|False|False|False|False|0.6666666666666667|1.0|1.0|1.0|0.9|EXCELLENT
21893|13.0|34.0|21.615384615384617|0.0|False|False|False|False|0.7166666666666667|1.0|1.0|1.0|0.9149999999999999|EXCELLENT
21894|9.0|35.0|24.444444444444443|0.0|False|False|False|False|0.7083333333333333|1.0|1.0|1.0|0.9125|EXCELLENT
21895|8.0|29.0|18.125|0.0|False|False|False|False|0.7583333333333333|1.0|1.0|1.0|0.9274999999999999|EXCELLENT
21897|8.0|64.0|32.125|1.0|False|True|False|False|0.4666666666666667|0.875|1.0|1.0|0.8024999999999999|GOOD
21898|11.0|59.0|28.272727272727277|0.0|False|False|False|False|0.5083333333333333|1.0|1.0|1.0|0.8524999999999999|EXCELLENT
21899|8.0|39.0|25.375|0.0|False|False|False|False|0.675|1.0|1.0|1.0|0.9025|EXCELLENT
21900|10.0|54.0|25.7|1.0|False|True|False|False|0.55|0.9|1.0|1.0|0.8350000000000001|GOOD
21901|9.0|37.0|26.33333333333333|0.0|False|False|False|False|0.6916666666666667|1.0|1.0|1.0|0.9074999999999999|EXCELLENT
21903|7.0|38.0|25.714285714285715|0.0|False|False|False|False|0.6833333333333333|1.0|1.0|1.0|0.9049999999999999|EXCELLENT
21904|8.0|35.0|24.25|1.0|False|True|False|False|0.7083333333333333|0.875|1.0|1.0|0.8749999999999999|EXCELLENT
21905|6.0|41.0|27.5|0.0|False|False|False|False|0.6583333333333333|1.0|1.0|1.0|0.8974999999999999|EXCELLENT
21906|9.0|34.0|21.666666666666668|0.0|False|False|False|False|0.7166666666666667|1.0|1.0|1.0|0.9149999999999999|EXCELLENT
21907|9.0|40.0|24.22222222222222|0.0|False|False|False|False|0.6666666666666667|1.0|1.0|1.0|0.9|EXCELLENT
21908|10.0|40.0|24.5|0.0|False|False|False|False|0.6666666666666667|1.0|1.0|1.0|0.9|EXCELLENT
21909|10.0|34.0|20.2|0.0|False|False|False|False|0.7166666666666667|1.0|1.0|1.0|0.9149999999999999|EXCELLENT
21910|9.0|38.0|24.22222222222222|0.0|False|False|False|False|0.6833333333333333|1.0|1.0|1.0|0.9049999999999999|EXCELLENT
21911|9.0|52.0|28.55555555555556|0.0|False|False|False|False|0.5666666666666667|1.0|1.0|1.0|0.87|EXCELLENT
21912|8.0|40.0|28.75|0.0|False|False|False|False|0.6666666666666667|1.0|1.0|1.0|0.9|EXCELLENT
21913|8.0|42.0|25.875|0.0|False|False|False|False|0.65|1.0|1.0|1.0|0.8949999999999999|EXCELLENT
21914|9.0|34.0|23.666666666666668|1.0|False|True|False|False|0.7166666666666667|0.8888888888888888|1.0|1.0|0.8816666666666667|EXCELLENT
21915|6.0|34.0|25.83333333333333|0.0|False|False|False|False|0.7166666666666667|1.0|1.0|1.0|0.9149999999999999|EXCELLENT
21916|21.0|29.0|17.428571428571427|2.0|False|True|False|False|0.7583333333333333|0.9047619047619048|1.0|1.0|0.8989285714285714|EXCELLENT
21917|8.0|46.0|26.875|0.0|False|False|False|False|0.6166666666666667|1.0|1.0|1.0|0.8849999999999999|EXCELLENT
21920|10.0|36.0|20.5|0.0|False|False|False|False|0.7|1.0|1.0|1.0|0.91|EXCELLENT
21921|8.0|67.0|28.25|0.0|False|False|False|False|0.44166666666666665|1.0|1.0|1.0|0.8324999999999999|GOOD
21922|6.0|65.0|34.5|0.0|False|False|False|False|0.45833333333333337|1.0|1.0|1.0|0.8375|GOOD
21923|13.0|34.0|21.0|0.0|False|False|False|False|0.7166666666666667|1.0|1.0|1.0|0.9149999999999999|EXCELLENT
21924|9.0|33.0|24.22222222222222|0.0|False|False|False|False|0.725|1.0|1.0|1.0|0.9174999999999999|EXCELLENT
21925|10.0|54.0|30.6|0.0|False|False|False|False|0.55|1.0|1.0|1.0|0.8649999999999999|EXCELLENT
21926|8.0|45.0|26.5|0.0|False|False|False|False|0.625|1.0|1.0|1.0|0.8875|EXCELLENT
21927|7.0|48.0|31.428571428571427|0.0|False|False|False|False|0.6|1.0|1.0|1.0|0.88|EXCELLENT
21928|9.0|47.0|26.0|0.0|False|False|False|False|0.6083333333333334|1.0|1.0|1.0|0.8825|EXCELLENT
21929|8.0|65.0|34.125|0.0|False|False|False|False|0.45833333333333337|1.0|1.0|1.0|0.8375|GOOD
21930|8.0|38.0|24.25|0.0|False|False|False|False|0.6833333333333333|1.0|1.0|1.0|0.9049999999999999|EXCELLENT
21931|9.0|50.0|25.0|0.0|False|False|False|False|0.5833333333333333|1.0|1.0|1.0|0.8749999999999999|EXCELLENT
21932|7.0|82.0|36.57142857142857|0.0|True|False|False|False|0.31666666666666665|1.0|1.0|1.0|0.7949999999999999|GOOD
21933|7.0|55.0|20.428571428571427|0.0|False|False|False|False|0.5416666666666667|1.0|1.0|1.0|0.8624999999999999|EXCELLENT
21934|8.0|31.0|21.0|1.0|False|True|False|False|0.7416666666666667|0.875|1.0|1.0|0.8849999999999999|EXCELLENT
21935|10.0|36.0|24.0|0.0|False|False|False|False|0.7|1.0|1.0|1.0|0.91|EXCELLENT
21936|9.0|48.0|21.666666666666668|0.0|False|False|False|False|0.6|1.0|1.0|1.0|0.88|EXCELLENT
21937|6.0|26.0|22.5|0.0|False|False|False|False|0.7833333333333333|1.0|1.0|1.0|0.9349999999999999|EXCELLENT
21938|8.0|55.0|30.125|0.0|False|False|False|False|0.5416666666666667|1.0|1.0|1.0|0.8624999999999999|EXCELLENT
21939|7.0|49.0|31.857142857142858|0.0|False|False|False|False|0.5916666666666667|1.0|1.0|1.0|0.8775|EXCELLENT
21940|8.0|53.0|34.875|0.0|False|False|False|False|0.5583333333333333|1.0|1.0|1.0|0.8675|EXCELLENT
21941|8.0|35.0|26.625|0.0|False|False|False|False|0.7083333333333333|1.0|1.0|1.0|0.9125|EXCELLENT
21942|9.0|53.0|29.11111111111111|0.0|False|False|False|False|0.5583333333333333|1.0|1.0|1.0|0.8675|EXCELLENT
21944|6.0|51.0|27.0|0.0|False|False|False|False|0.575|1.0|1.0|1.0|0.8724999999999999|EXCELLENT
21945|6.0|47.0|39.833333333333336|0.0|False|False|False|False|0.6083333333333334|1.0|1.0|1.0|0.8825|EXCELLENT
21946|6.0|48.0|28.83333333333333|0.0|False|False|False|False|0.6|1.0|1.0|1.0|0.88|EXCELLENT
21947|12.0|40.0|22.666666666666668|0.0|False|False|False|False|0.6666666666666667|1.0|1.0|1.0|0.9|EXCELLENT
21948|11.0|31.0|21.727272727272727|0.0|False|False|False|False|0.7416666666666667|1.0|1.0|1.0|0.9225|EXCELLENT
21949|14.0|30.0|17.928571428571427|0.0|False|False|False|False|0.75|1.0|1.0|1.0|0.9249999999999999|EXCELLENT
21950|5.0|37.0|22.0|0.0|False|False|False|False|0.6916666666666667|1.0|1.0|1.0|0.9074999999999999|EXCELLENT
21951|6.0|63.0|35.333333333333336|0.0|False|False|False|False|0.475|1.0|1.0|1.0|0.8424999999999999|GOOD
21952|10.0|38.0|18.9|0.0|False|False|False|False|0.6833333333333333|1.0|1.0|1.0|0.9049999999999999|EXCELLENT
21953|10.0|32.0|22.4|2.0|False|True|False|False|0.7333333333333334|0.8|1.0|1.0|0.86|EXCELLENT
21954|9.0|74.0|25.55555555555556|0.0|False|False|False|False|0.3833333333333333|1.0|1.0|1.0|0.815|GOOD
21955|9.0|61.0|32.77777777777778|0.0|False|False|False|False|0.4916666666666667|1.0|1.0|1.0|0.8475|GOOD
21956|18.0|42.0|24.33333333333333|18.0|False|True|False|False|0.65|0.0|1.0|1.0|0.595|FAIR
21957|17.0|33.0|20.764705882352946|17.0|False|True|False|False|0.725|0.0|1.0|1.0|0.6174999999999999|FAIR
21958|12.0|43.0|24.5|12.0|False|True|False|False|0.6416666666666666|0.0|1.0|1.0|0.5924999999999999|FAIR
21960|17.0|54.0|25.823529411764707|17.0|False|True|False|False|0.55|0.0|1.0|1.0|0.565|FAIR
21961|12.0|39.0|22.83333333333333|0.0|False|False|False|False|0.675|1.0|1.0|1.0|0.9025|EXCELLENT
21962|6.0|42.0|28.666666666666668|0.0|False|False|False|False|0.65|1.0|1.0|1.0|0.8949999999999999|EXCELLENT
21963|7.0|31.0|26.0|0.0|False|False|False|False|0.7416666666666667|1.0|1.0|1.0|0.9225|EXCELLENT
21964|14.0|63.0|26.571428571428573|0.0|False|False|False|False|0.475|1.0|1.0|1.0|0.8424999999999999|GOOD
21965|5.0|73.0|43.8|0.0|False|False|False|False|0.3916666666666667|1.0|1.0|1.0|0.8175|GOOD
21966|16.0|38.0|19.375|0.0|False|False|False|False|0.6833333333333333|1.0|1.0|1.0|0.9049999999999999|EXCELLENT
21967|10.0|37.0|23.5|0.0|False|False|False|False|0.6916666666666667|1.0|1.0|1.0|0.9074999999999999|EXCELLENT
21968|6.0|51.0|33.166666666666664|0.0|False|False|False|False|0.575|1.0|1.0|1.0|0.8724999999999999|EXCELLENT
21969|19.0|34.0|20.57894736842105|0.0|False|False|False|False|0.7166666666666667|1.0|1.0|1.0|0.9149999999999999|EXCELLENT
21970|10.0|36.0|27.1|0.0|False|False|False|False|0.7|1.0|1.0|1.0|0.91|EXCELLENT
21971|10.0|30.0|22.8|0.0|False|False|False|False|0.75|1.0|1.0|1.0|0.9249999999999999|EXCELLENT
21972|7.0|46.0|35.142857142857146|0.0|False|False|False|False|0.6166666666666667|1.0|1.0|1.0|0.8849999999999999|EXCELLENT
21973|5.0|45.0|31.6|0.0|False|False|False|False|0.625|1.0|1.0|1.0|0.8875|EXCELLENT
21974|7.0|54.0|30.142857142857142|0.0|False|False|False|False|0.55|1.0|1.0|1.0|0.8649999999999999|EXCELLENT
21975|8.0|40.0|28.875|0.0|False|False|False|False|0.6666666666666667|1.0|1.0|1.0|0.9|EXCELLENT
21976|9.0|32.0|21.0|0.0|False|False|False|False|0.7333333333333334|1.0|1.0|1.0|0.92|EXCELLENT
21977|6.0|30.0|20.33333333333333|0.0|False|False|False|False|0.75|1.0|1.0|1.0|0.9249999999999999|EXCELLENT
21978|8.0|29.0|23.25|0.0|False|False|False|False|0.7583333333333333|1.0|1.0|1.0|0.9274999999999999|EXCELLENT
21979|8.0|40.0|28.875|0.0|False|False|False|False|0.6666666666666667|1.0|1.0|1.0|0.9|EXCELLENT
21980|6.0|69.0|28.83333333333333|0.0|False|False|False|False|0.42500000000000004|1.0|1.0|1.0|0.8275|GOOD
21981|6.0|62.0|26.5|1.0|False|True|False|False|0.4833333333333333|0.8333333333333334|1.0|1.0|0.795|GOOD
21982|9.0|87.0|32.77777777777778|0.0|True|False|False|False|0.275|1.0|1.0|1.0|0.7825|GOOD
21984|12.0|33.0|23.08333333333333|0.0|False|False|False|False|0.725|1.0|1.0|1.0|0.9174999999999999|EXCELLENT
21986|2.0|20.0|13.5|2.0|False|True|False|False|0.8333333333333334|0.0|1.0|1.0|0.65|FAIR
21987|10.0|37.0|24.7|2.0|False|True|False|False|0.6916666666666667|0.8|1.0|1.0|0.8475|GOOD
21988|11.0|40.0|22.545454545454547|0.0|False|False|False|False|0.6666666666666667|1.0|1.0|1.0|0.9|EXCELLENT
21992|9.0|49.0|28.88888888888889|1.0|False|True|False|False|0.5916666666666667|0.8888888888888888|1.0|1.0|0.8441666666666666|GOOD
21993|9.0|57.0|24.444444444444443|2.0|False|True|False|False|0.525|0.7777777777777778|1.0|1.0|0.7908333333333334|GOOD
21994|10.0|60.0|24.3|0.0|False|False|False|False|0.5|1.0|1.0|1.0|0.85|EXCELLENT
21995|11.0|46.0|26.0|1.0|False|True|False|False|0.6166666666666667|0.9090909090909091|1.0|1.0|0.8577272727272727|EXCELLENT
21996|11.0|51.0|22.90909090909091|3.0|False|True|False|False|0.575|0.7272727272727273|1.0|1.0|0.7906818181818182|GOOD
21997|10.0|26.0|18.9|2.0|False|True|False|False|0.7833333333333333|0.8|1.0|1.0|0.8749999999999999|EXCELLENT
21998|7.0|83.0|34.857142857142854|0.0|True|False|False|False|0.30833333333333335|1.0|1.0|1.0|0.7924999999999999|GOOD
21999|6.0|70.0|38.16666666666666|0.0|False|False|False|False|0.41666666666666663|1.0|1.0|1.0|0.825|GOOD
22000|8.0|58.0|30.0|0.0|False|False|False|False|0.5166666666666666|1.0|1.0|1.0|0.8549999999999999|EXCELLENT
22001|3.0|63.0|46.0|0.0|False|False|False|False|0.475|1.0|1.0|1.0|0.8424999999999999|GOOD
22003|4.0|40.0|23.0|0.0|False|False|False|False|0.6666666666666667|1.0|1.0|1.0|0.9|EXCELLENT
22004|6.0|40.0|20.5|2.0|False|True|False|False|0.6666666666666667|0.6666666666666667|1.0|1.0|0.7999999999999999|GOOD
22005|7.0|57.0|30.428571428571427|0.0|False|False|False|False|0.525|1.0|1.0|1.0|0.8575|EXCELLENT
22007|5.0|63.0|43.0|0.0|False|False|False|False|0.475|1.0|1.0|1.0|0.8424999999999999|GOOD
22008|7.0|53.0|30.428571428571427|0.0|False|False|False|False|0.5583333333333333|1.0|1.0|1.0|0.8675|EXCELLENT
22009|5.0|65.0|33.6|0.0|False|False|False|False|0.45833333333333337|1.0|1.0|1.0|0.8375|GOOD
22010|11.0|36.0|19.727272727272727|0.0|False|False|False|False|0.7|1.0|1.0|1.0|0.91|EXCELLENT
22013|10.0|49.0|26.0|0.0|False|False|False|False|0.5916666666666667|1.0|1.0|1.0|0.8775|EXCELLENT
22014|8.0|52.0|31.125|0.0|False|False|False|False|0.5666666666666667|1.0|1.0|1.0|0.87|EXCELLENT
22015|6.0|60.0|28.83333333333333|0.0|False|False|False|False|0.5|1.0|1.0|1.0|0.85|EXCELLENT
22016|8.0|85.0|31.75|0.0|True|False|False|False|0.29166666666666663|1.0|1.0|1.0|0.7875|GOOD
22023|6.0|60.0|40.0|0.0|False|False|False|False|0.5|1.0|1.0|1.0|0.85|EXCELLENT
22024|16.0|46.0|22.1875|0.0|False|False|False|False|0.6166666666666667|1.0|1.0|1.0|0.8849999999999999|EXCELLENT
22025|16.0|43.0|22.0|0.0|False|False|False|False|0.6416666666666666|1.0|1.0|1.0|0.8925|EXCELLENT
22026|12.0|57.0|23.166666666666668|0.0|False|False|False|False|0.525|1.0|1.0|1.0|0.8575|EXCELLENT
22027|21.0|56.0|24.80952380952381|1.0|False|True|False|False|0.5333333333333333|0.9523809523809523|1.0|1.0|0.8457142857142858|GOOD
22028|14.0|45.0|24.642857142857142|0.0|False|False|False|False|0.625|1.0|1.0|1.0|0.8875|EXCELLENT
22029|16.0|34.0|21.125|0.0|False|False|False|False|0.7166666666666667|1.0|1.0|1.0|0.9149999999999999|EXCELLENT
22030|12.0|63.0|25.416666666666668|0.0|False|False|False|False|0.475|1.0|1.0|1.0|0.8424999999999999|GOOD
22031|11.0|60.0|27.272727272727277|0.0|False|False|False|False|0.5|1.0|1.0|1.0|0.85|EXCELLENT
22032|9.0|78.0|29.666666666666668|9.0|False|True|False|False|0.35|0.0|1.0|1.0|0.505|FAIR
22033|12.0|40.0|26.666666666666668|12.0|False|True|False|False|0.6666666666666667|0.0|1.0|1.0|0.6|FAIR
22034|10.0|35.0|20.8|0.0|False|False|False|False|0.7083333333333333|1.0|1.0|1.0|0.9125|EXCELLENT
22035|8.0|44.0|24.875|0.0|False|False|False|False|0.6333333333333333|1.0|1.0|1.0|0.89|EXCELLENT
22036|9.0|36.0|20.77777777777778|0.0|False|False|False|False|0.7|1.0|1.0|1.0|0.91|EXCELLENT
22038|9.0|29.0|19.55555555555556|0.0|False|False|False|False|0.7583333333333333|1.0|1.0|1.0|0.9274999999999999|EXCELLENT
22039|10.0|40.0|25.8|0.0|False|False|False|False|0.6666666666666667|1.0|1.0|1.0|0.9|EXCELLENT
22040|8.0|35.0|28.625|0.0|False|False|False|False|0.7083333333333333|1.0|1.0|1.0|0.9125|EXCELLENT
22041|8.0|33.0|24.5|0.0|False|False|False|False|0.725|1.0|1.0|1.0|0.9174999999999999|EXCELLENT
22042|9.0|45.0|25.77777777777778|0.0|False|False|False|False|0.625|1.0|1.0|1.0|0.8875|EXCELLENT
22043|9.0|61.0|36.0|0.0|False|False|False|False|0.4916666666666667|1.0|1.0|1.0|0.8475|GOOD
22044|8.0|67.0|30.5|0.0|False|False|False|False|0.44166666666666665|1.0|1.0|1.0|0.8324999999999999|GOOD
22045|6.0|36.0|28.0|0.0|False|False|False|False|0.7|1.0|1.0|1.0|0.91|EXCELLENT
22046|7.0|32.0|28.0|0.0|False|False|False|False|0.7333333333333334|1.0|1.0|1.0|0.92|EXCELLENT
22047|11.0|39.0|25.363636363636363|0.0|False|False|False|False|0.675|1.0|1.0|1.0|0.9025|EXCELLENT
22048|6.0|49.0|27.166666666666668|0.0|False|False|False|False|0.5916666666666667|1.0|1.0|1.0|0.8775|EXCELLENT
22049|9.0|53.0|35.333333333333336|2.0|False|True|False|False|0.5583333333333333|0.7777777777777778|1.0|1.0|0.8008333333333334|GOOD
22050|13.0|48.0|24.76923076923077|0.0|False|False|False|False|0.6|1.0|1.0|1.0|0.88|EXCELLENT
22051|2.0|26.0|18.5|0.0|False|False|False|False|0.7833333333333333|1.0|1.0|1.0|0.9349999999999999|EXCELLENT
22052|9.0|40.0|26.77777777777778|0.0|False|False|False|False|0.6666666666666667|1.0|1.0|1.0|0.9|EXCELLENT
22053|7.0|50.0|28.714285714285715|0.0|False|False|False|False|0.5833333333333333|1.0|1.0|1.0|0.8749999999999999|EXCELLENT
22054|6.0|46.0|31.666666666666668|0.0|False|False|False|False|0.6166666666666667|1.0|1.0|1.0|0.8849999999999999|EXCELLENT
22055|8.0|50.0|23.125|1.0|False|True|False|False|0.5833333333333333|0.875|1.0|1.0|0.8375|GOOD
22056|8.0|70.0|41.875|0.0|False|False|False|False|0.41666666666666663|1.0|1.0|1.0|0.825|GOOD
22057|9.0|58.0|26.0|0.0|False|False|False|False|0.5166666666666666|1.0|1.0|1.0|0.8549999999999999|EXCELLENT
22058|6.0|48.0|36.0|0.0|False|False|False|False|0.6|1.0|1.0|1.0|0.88|EXCELLENT
22059|13.0|51.0|33.23076923076923|0.0|False|False|False|False|0.575|1.0|1.0|1.0|0.8724999999999999|EXCELLENT
22060|9.0|52.0|33.111111111111114|0.0|False|False|False|False|0.5666666666666667|1.0|1.0|1.0|0.87|EXCELLENT
22061|8.0|62.0|21.75|0.0|False|False|False|False|0.4833333333333333|1.0|1.0|1.0|0.8449999999999999|GOOD
22062|6.0|69.0|33.333333333333336|0.0|False|False|False|False|0.42500000000000004|1.0|1.0|1.0|0.8275|GOOD
22063|11.0|28.0|16.272727272727273|0.0|False|False|False|False|0.7666666666666666|1.0|1.0|1.0|0.93|EXCELLENT
22064|9.0|43.0|28.33333333333333|0.0|False|False|False|False|0.6416666666666666|1.0|1.0|1.0|0.8925|EXCELLENT
22065|12.0|32.0|18.666666666666668|0.0|False|False|False|False|0.7333333333333334|1.0|1.0|1.0|0.92|EXCELLENT
22066|8.0|45.0|28.875|0.0|False|False|False|False|0.625|1.0|1.0|1.0|0.8875|EXCELLENT
22067|10.0|48.0|24.5|0.0|False|False|False|False|0.6|1.0|1.0|1.0|0.88|EXCELLENT
22068|10.0|31.0|19.8|0.0|False|False|False|False|0.7416666666666667|1.0|1.0|1.0|0.9225|EXCELLENT
22069|7.0|47.0|32.285714285714285|0.0|False|False|False|False|0.6083333333333334|1.0|1.0|1.0|0.8825|EXCELLENT
22352|9.0|48.0|26.88888888888889|0.0|False|False|False|False|0.6|1.0|1.0|1.0|0.88|EXCELLENT
22353|11.0|35.0|22.727272727272727|0.0|False|False|False|False|0.7083333333333333|1.0|1.0|1.0|0.9125|EXCELLENT
22354|5.0|36.0|25.6|0.0|False|False|False|False|0.7|1.0|1.0|1.0|0.91|EXCELLENT
22355|8.0|29.0|18.125|1.0|False|True|False|False|0.7583333333333333|0.875|1.0|1.0|0.89|EXCELLENT
22356|7.0|27.0|19.285714285714285|0.0|False|False|False|False|0.775|1.0|1.0|1.0|0.9325|EXCELLENT
22357|7.0|46.0|26.857142857142858|0.0|False|False|False|False|0.6166666666666667|1.0|1.0|1.0|0.8849999999999999|EXCELLENT
22358|5.0|65.0|30.8|0.0|False|False|False|False|0.45833333333333337|1.0|1.0|1.0|0.8375|GOOD
22359|7.0|60.0|33.0|0.0|False|False|False|False|0.5|1.0|1.0|1.0|0.85|EXCELLENT
22360|7.0|37.0|26.857142857142858|1.0|False|True|False|False|0.6916666666666667|0.8571428571428572|1.0|1.0|0.8646428571428572|EXCELLENT
22361|7.0|43.0|34.285714285714285|0.0|False|False|False|False|0.6416666666666666|1.0|1.0|1.0|0.8925|EXCELLENT
22431|12.0|66.0|29.5|0.0|False|False|False|False|0.44999999999999996|1.0|1.0|1.0|0.8349999999999999|GOOD
22432|9.0|27.0|18.666666666666668|0.0|False|False|False|False|0.775|1.0|1.0|1.0|0.9325|EXCELLENT
22433|17.0|34.0|20.764705882352946|0.0|False|False|False|False|0.7166666666666667|1.0|1.0|1.0|0.9149999999999999|EXCELLENT
22434|6.0|102.0|38.16666666666666|0.0|True|False|False|False|0.15000000000000002|1.0|1.0|1.0|0.745|GOOD
22435|8.0|50.0|29.25|0.0|False|False|False|False|0.5833333333333333|1.0|1.0|1.0|0.8749999999999999|EXCELLENT
22436|8.0|44.0|26.75|0.0|False|False|False|False|0.6333333333333333|1.0|1.0|1.0|0.89|EXCELLENT
22438|7.0|48.0|24.142857142857142|0.0|False|False|False|False|0.6|1.0|1.0|1.0|0.88|EXCELLENT
22439|6.0|43.0|25.83333333333333|0.0|False|False|False|False|0.6416666666666666|1.0|1.0|1.0|0.8925|EXCELLENT
22473|14.0|32.0|18.714285714285715|0.0|False|False|False|False|0.7333333333333334|1.0|1.0|1.0|0.92|EXCELLENT
22480|13.0|48.0|22.0|2.0|False|True|False|False|0.6|0.8461538461538461|1.0|1.0|0.8338461538461538|GOOD
22545|19.0|84.0|20.57894736842105|19.0|True|True|False|False|0.30000000000000004|0.0|1.0|1.0|0.49|POOR
22546|13.0|82.0|25.53846153846154|13.0|True|True|False|False|0.31666666666666665|0.0|1.0|1.0|0.495|POOR
22547|12.0|38.0|25.5|12.0|False|True|False|False|0.6833333333333333|0.0|1.0|1.0|0.605|FAIR
22548|10.0|33.0|21.1|10.0|False|True|False|False|0.725|0.0|1.0|1.0|0.6174999999999999|FAIR
22549|10.0|62.0|31.5|10.0|False|True|False|False|0.4833333333333333|0.0|1.0|1.0|0.5449999999999999|FAIR
22551|9.0|44.0|26.55555555555556|0.0|False|False|False|False|0.6333333333333333|1.0|1.0|1.0|0.89|EXCELLENT
22552|7.0|54.0|37.285714285714285|0.0|False|False|False|False|0.55|1.0|1.0|1.0|0.8649999999999999|EXCELLENT
22553|10.0|40.0|23.2|0.0|False|False|False|False|0.6666666666666667|1.0|1.0|1.0|0.9|EXCELLENT
22554|5.0|72.0|43.0|0.0|False|False|False|False|0.4|1.0|1.0|1.0|0.82|GOOD
22555|10.0|55.0|30.6|0.0|False|False|False|False|0.5416666666666667|1.0|1.0|1.0|0.8624999999999999|EXCELLENT
22557|10.0|72.0|24.2|2.0|False|True|False|False|0.4|0.8|1.0|1.0|0.7599999999999999|GOOD
22558|16.0|32.0|23.5625|0.0|False|False|False|False|0.7333333333333334|1.0|1.0|1.0|0.92|EXCELLENT
22559|8.0|57.0|26.0|1.0|False|True|False|False|0.525|0.875|1.0|1.0|0.82|GOOD
22560|8.0|38.0|24.75|0.0|False|False|False|False|0.6833333333333333|1.0|1.0|1.0|0.9049999999999999|EXCELLENT
22561|10.0|28.0|21.8|0.0|False|False|False|False|0.7666666666666666|1.0|1.0|1.0|0.93|EXCELLENT
22562|10.0|35.0|27.2|0.0|False|False|False|False|0.7083333333333333|1.0|1.0|1.0|0.9125|EXCELLENT
22563|12.0|61.0|28.166666666666668|0.0|False|False|False|False|0.4916666666666667|1.0|1.0|1.0|0.8475|GOOD
22564|6.0|37.0|26.5|0.0|False|False|False|False|0.6916666666666667|1.0|1.0|1.0|0.9074999999999999|EXCELLENT
22565|7.0|44.0|25.857142857142858|0.0|False|False|False|False|0.6333333333333333|1.0|1.0|1.0|0.89|EXCELLENT
22566|8.0|41.0|28.75|0.0|False|False|False|False|0.6583333333333333|1.0|1.0|1.0|0.8974999999999999|EXCELLENT
22567|9.0|45.0|28.33333333333333|0.0|False|False|False|False|0.625|1.0|1.0|1.0|0.8875|EXCELLENT
22568|12.0|38.0|24.0|0.0|False|False|False|False|0.6833333333333333|1.0|1.0|1.0|0.9049999999999999|EXCELLENT
22569|5.0|50.0|33.8|0.0|False|False|False|False|0.5833333333333333|1.0|1.0|1.0|0.8749999999999999|EXCELLENT
22571|10.0|41.0|25.5|1.0|False|True|False|False|0.6583333333333333|0.9|1.0|1.0|0.8675|EXCELLENT
22572|5.0|65.0|40.8|0.0|False|False|False|False|0.45833333333333337|1.0|1.0|1.0|0.8375|GOOD
22574|11.0|48.0|22.181818181818183|1.0|False|True|False|False|0.6|0.9090909090909091|1.0|1.0|0.8527272727272727|EXCELLENT
22575|8.0|25.0|18.125|0.0|False|False|False|False|0.7916666666666666|1.0|1.0|1.0|0.9374999999999999|EXCELLENT
22576|11.0|36.0|23.727272727272727|1.0|False|True|False|False|0.7|0.9090909090909091|1.0|1.0|0.8827272727272727|EXCELLENT
22578|6.0|54.0|33.5|0.0|False|False|False|False|0.55|1.0|1.0|1.0|0.8649999999999999|EXCELLENT
22579|7.0|75.0|37.71428571428572|0.0|False|False|False|False|0.375|1.0|1.0|1.0|0.8124999999999999|GOOD
22580|13.0|41.0|21.615384615384617|0.0|False|False|False|False|0.6583333333333333|1.0|1.0|1.0|0.8974999999999999|EXCELLENT
22581|11.0|37.0|22.09090909090909|0.0|False|False|False|False|0.6916666666666667|1.0|1.0|1.0|0.9074999999999999|EXCELLENT
22582|10.0|57.0|28.6|0.0|False|False|False|False|0.525|1.0|1.0|1.0|0.8575|EXCELLENT
22583|9.0|38.0|23.11111111111111|0.0|False|False|False|False|0.6833333333333333|1.0|1.0|1.0|0.9049999999999999|EXCELLENT
22584|12.0|35.0|21.75|0.0|False|False|False|False|0.7083333333333333|1.0|1.0|1.0|0.9125|EXCELLENT
22585|7.0|59.0|26.714285714285715|0.0|False|False|False|False|0.5083333333333333|1.0|1.0|1.0|0.8524999999999999|EXCELLENT
22586|7.0|60.0|29.571428571428573|0.0|False|False|False|False|0.5|1.0|1.0|1.0|0.85|EXCELLENT
22587|10.0|67.0|33.9|2.0|False|True|False|False|0.44166666666666665|0.8|1.0|1.0|0.7724999999999999|GOOD
22588|7.0|47.0|28.142857142857142|0.0|False|False|False|False|0.6083333333333334|1.0|1.0|1.0|0.8825|EXCELLENT
22589|8.0|51.0|27.625|0.0|False|False|False|False|0.575|1.0|1.0|1.0|0.8724999999999999|EXCELLENT
22590|9.0|42.0|27.55555555555556|0.0|False|False|False|False|0.65|1.0|1.0|1.0|0.8949999999999999|EXCELLENT
22591|10.0|33.0|21.5|0.0|False|False|False|False|0.725|1.0|1.0|1.0|0.9174999999999999|EXCELLENT
22592|7.0|65.0|28.571428571428573|0.0|False|False|False|False|0.45833333333333337|1.0|1.0|1.0|0.8375|GOOD
22593|5.0|30.0|21.6|0.0|False|False|False|False|0.75|1.0|1.0|1.0|0.9249999999999999|EXCELLENT
22594|10.0|48.0|23.8|0.0|False|False|False|False|0.6|1.0|1.0|1.0|0.88|EXCELLENT
22595|9.0|50.0|31.77777777777778|0.0|False|False|False|False|0.5833333333333333|1.0|1.0|1.0|0.8749999999999999|EXCELLENT
22596|9.0|41.0|22.88888888888889|0.0|False|False|False|False|0.6583333333333333|1.0|1.0|1.0|0.8974999999999999|EXCELLENT
22597|10.0|48.0|27.9|0.0|False|False|False|False|0.6|1.0|1.0|1.0|0.88|EXCELLENT
22598|7.0|33.0|19.142857142857142|0.0|False|False|False|False|0.725|1.0|1.0|1.0|0.9174999999999999|EXCELLENT
22600|8.0|44.0|22.25|1.0|False|True|False|False|0.6333333333333333|0.875|1.0|1.0|0.8524999999999999|EXCELLENT
22601|10.0|44.0|27.6|0.0|False|False|False|False|0.6333333333333333|1.0|1.0|1.0|0.89|EXCELLENT
22602|16.0|29.0|18.8125|1.0|False|True|False|False|0.7583333333333333|0.9375|1.0|1.0|0.9087500000000001|EXCELLENT
22603|12.0|41.0|26.25|1.0|False|True|False|False|0.6583333333333333|0.9166666666666666|1.0|1.0|0.8724999999999999|EXCELLENT
22604|13.0|42.0|24.923076923076923|2.0|False|True|False|False|0.65|0.8461538461538461|1.0|1.0|0.8488461538461538|GOOD
22606|14.0|45.0|22.0|0.0|False|False|False|False|0.625|1.0|1.0|1.0|0.8875|EXCELLENT
22607|13.0|37.0|22.384615384615383|1.0|False|True|False|False|0.6916666666666667|0.9230769230769231|1.0|1.0|0.8844230769230769|EXCELLENT
22608|8.0|37.0|26.25|0.0|False|False|False|False|0.6916666666666667|1.0|1.0|1.0|0.9074999999999999|EXCELLENT
22609|9.0|29.0|21.444444444444443|0.0|False|False|False|False|0.7583333333333333|1.0|1.0|1.0|0.9274999999999999|EXCELLENT
22610|11.0|60.0|27.181818181818183|0.0|False|False|False|False|0.5|1.0|1.0|1.0|0.85|EXCELLENT
22611|12.0|41.0|21.83333333333333|1.0|False|True|False|False|0.6583333333333333|0.9166666666666666|1.0|1.0|0.8724999999999999|EXCELLENT
22613|9.0|40.0|26.33333333333333|0.0|False|False|False|False|0.6666666666666667|1.0|1.0|1.0|0.9|EXCELLENT
22614|9.0|44.0|28.77777777777778|0.0|False|False|False|False|0.6333333333333333|1.0|1.0|1.0|0.89|EXCELLENT
22616|12.0|25.0|19.25|1.0|False|True|False|False|0.7916666666666666|0.9166666666666666|1.0|1.0|0.9125|EXCELLENT
22617|8.0|64.0|31.5|0.0|False|False|False|False|0.4666666666666667|1.0|1.0|1.0|0.84|GOOD
22618|9.0|45.0|26.666666666666668|0.0|False|False|False|False|0.625|1.0|1.0|1.0|0.8875|EXCELLENT
22619|7.0|62.0|33.57142857142857|0.0|False|False|False|False|0.4833333333333333|1.0|1.0|1.0|0.8449999999999999|GOOD
22620|7.0|90.0|37.57142857142857|0.0|True|False|False|False|0.25|1.0|1.0|1.0|0.775|GOOD
22621|10.0|44.0|27.7|0.0|False|False|False|False|0.6333333333333333|1.0|1.0|1.0|0.89|EXCELLENT
22622|10.0|52.0|31.3|0.0|False|False|False|False|0.5666666666666667|1.0|1.0|1.0|0.87|EXCELLENT
22623|8.0|49.0|32.0|0.0|False|False|False|False|0.5916666666666667|1.0|1.0|1.0|0.8775|EXCELLENT
22624|8.0|46.0|28.125|0.0|False|False|False|False|0.6166666666666667|1.0|1.0|1.0|0.8849999999999999|EXCELLENT
22625|8.0|43.0|27.75|0.0|False|False|False|False|0.6416666666666666|1.0|1.0|1.0|0.8925|EXCELLENT
22626|7.0|51.0|29.857142857142858|0.0|False|False|False|False|0.575|1.0|1.0|1.0|0.8724999999999999|EXCELLENT
22627|7.0|52.0|30.857142857142858|1.0|False|True|False|False|0.5666666666666667|0.8571428571428572|1.0|1.0|0.8271428571428571|GOOD
22628|11.0|31.0|21.818181818181817|0.0|False|False|False|False|0.7416666666666667|1.0|1.0|1.0|0.9225|EXCELLENT
22629|8.0|39.0|23.375|0.0|False|False|False|False|0.675|1.0|1.0|1.0|0.9025|EXCELLENT
22630|9.0|46.0|29.33333333333333|0.0|False|False|False|False|0.6166666666666667|1.0|1.0|1.0|0.8849999999999999|EXCELLENT
22631|14.0|36.0|18.928571428571427|1.0|False|True|False|False|0.7|0.9285714285714286|1.0|1.0|0.8885714285714285|EXCELLENT
22632|2.0|84.0|60.5|0.0|True|False|False|False|0.30000000000000004|1.0|1.0|1.0|0.7899999999999999|GOOD
22634|4.0|43.0|33.0|1.0|False|True|False|False|0.6416666666666666|0.75|1.0|1.0|0.8175|GOOD
22636|10.0|39.0|26.0|0.0|False|False|False|False|0.675|1.0|1.0|1.0|0.9025|EXCELLENT
22637|14.0|36.0|21.714285714285715|1.0|False|True|False|False|0.7|0.9285714285714286|1.0|1.0|0.8885714285714285|EXCELLENT
22639|13.0|62.0|21.53846153846154|1.0|False|True|False|False|0.4833333333333333|0.9230769230769231|1.0|1.0|0.8219230769230769|GOOD
22640|13.0|57.0|23.53846153846154|0.0|False|False|False|False|0.525|1.0|1.0|1.0|0.8575|EXCELLENT
22646|16.0|35.0|20.25|0.0|False|False|False|False|0.7083333333333333|1.0|1.0|1.0|0.9125|EXCELLENT
22647|9.0|30.0|23.0|0.0|False|False|False|False|0.75|1.0|1.0|1.0|0.9249999999999999|EXCELLENT
22648|9.0|42.0|26.33333333333333|0.0|False|False|False|False|0.65|1.0|1.0|1.0|0.8949999999999999|EXCELLENT
22650|16.0|50.0|21.5|6.0|False|True|False|False|0.5833333333333333|0.625|1.0|1.0|0.7624999999999998|GOOD
22651|16.0|50.0|24.625|0.0|False|False|False|False|0.5833333333333333|1.0|1.0|1.0|0.8749999999999999|EXCELLENT
22652|6.0|55.0|33.666666666666664|0.0|False|False|False|False|0.5416666666666667|1.0|1.0|1.0|0.8624999999999999|EXCELLENT
22653|8.0|52.0|25.0|0.0|False|False|False|False|0.5666666666666667|1.0|1.0|1.0|0.87|EXCELLENT
22654|12.0|44.0|25.916666666666668|0.0|False|False|False|False|0.6333333333333333|1.0|1.0|1.0|0.89|EXCELLENT
22655|7.0|43.0|29.142857142857142|0.0|False|False|False|False|0.6416666666666666|1.0|1.0|1.0|0.8925|EXCELLENT
22656|7.0|59.0|34.57142857142857|0.0|False|False|False|False|0.5083333333333333|1.0|1.0|1.0|0.8524999999999999|EXCELLENT
22657|12.0|36.0|22.33333333333333|0.0|False|False|False|False|0.7|1.0|1.0|1.0|0.91|EXCELLENT
22658|11.0|37.0|24.454545454545453|0.0|False|False|False|False|0.6916666666666667|1.0|1.0|1.0|0.9074999999999999|EXCELLENT
22659|11.0|48.0|22.818181818181817|0.0|False|False|False|False|0.6|1.0|1.0|1.0|0.88|EXCELLENT
22660|9.0|78.0|45.77777777777778|0.0|False|False|False|False|0.35|1.0|1.0|1.0|0.8049999999999999|GOOD
22661|6.0|52.0|39.5|0.0|False|False|False|False|0.5666666666666667|1.0|1.0|1.0|0.87|EXCELLENT
22663|9.0|35.0|21.0|1.0|False|True|False|False|0.7083333333333333|0.8888888888888888|1.0|1.0|0.8791666666666665|EXCELLENT
22664|10.0|51.0|29.7|2.0|False|True|False|False|0.575|0.8|1.0|1.0|0.8124999999999999|GOOD
22665|9.0|43.0|23.444444444444443|1.0|False|True|False|False|0.6416666666666666|0.8888888888888888|1.0|1.0|0.8591666666666665|EXCELLENT
